fund,TRUE
company,TRUE
organisation,TRUE
organization,TRUE
group,TRUE
business,TRUE
grant,TRUE
service,TRUE
centre,FALSE
institution,TRUE
program,TRUE
office,TRUE
school,FALSE
project,TRUE
agency,TRUE
include,TRUE
support,TRUE
require,TRUE
involve,TRUE
include,TRUE
affect,TRUE
cover,TRUE
reflect,TRUE
address,TRUE
involve,TRUE
fund,TRUE
support,TRUE
cover,TRUE
govern,TRUE
enable,TRUE
initiative,TRUE
objective,FALSE
department,TRUE
#,FALSE
function,TRUE
policy,TRUE
activity,TRUE
mission,FALSE
role,TRUE
requirement,TRUE
priority,FALSE
include,TRUE
namely,FALSE
notably,FALSE
like,FALSE
particularly,FALSE
specifically,FALSE
primarily,FALSE
especially,FALSE
among,FALSE
mainly,FALSE
currently,FALSE
pair,TRUE
set,TRUE
pair,TRUE
row,FALSE
set,TRUE
series,TRUE
combination,TRUE
sequence,TRUE
string,TRUE
type,TRUE
column,TRUE
copy,TRUE
pair,TRUE
level,TRUE
test,TRUE
student,FALSE
shoe,FALSE
grade,FALSE
two,FALSE
judge,FALSE
seat,FALSE
leg,FALSE
pupil,FALSE
three,FALSE
step,TRUE
child,FALSE
player,FALSE
rule,TRUE
level,TRUE
point,TRUE
layer,FALSE
number,TRUE
channel,TRUE
range,TRUE
digit,TRUE
weight,FALSE
line,TRUE
bar,FALSE
score,FALSE
one,TRUE
letter,TRUE
character,TRUE
value,TRUE
floor,FALSE
level,TRUE
high,FALSE
turn,TRUE
the,FALSE
west,FALSE
north,FALSE
sandy,FALSE
long,FALSE
no,FALSE
Castle,FALSE
new,FALSE
Crown,FALSE
south,FALSE
east,FALSE
round,FALSE
exchange,FALSE
#,FALSE
#,FALSE
#,FALSE
#,FALSE
line,FALSE
of,FALSE
#,FALSE
master,FALSE
de,FALSE
use,TRUE
employ,TRUE
require,TRUE
authorize,FALSE
contract,TRUE
pay,TRUE
assign,TRUE
direct,TRUE
order,TRUE
hire,FALSE
authorise,FALSE
tasked,FALSE
ask,TRUE
appoint,FALSE
allow,TRUE
buy,TRUE
purchase,TRUE
return,TRUE
sell,TRUE
store,TRUE
acquire,TRUE
receive,TRUE
deliver,TRUE
carry,TRUE
produce,TRUE
obtain,TRUE
transfer,TRUE
import,FALSE
trade,TRUE
take,TRUE
distribute,TRUE
process,TRUE
supply,TRUE
transport,TRUE
export,TRUE
date,TRUE
place,TRUE
time,TRUE
day,TRUE
location,TRUE
point,TRUE
date,FALSE
amount,TRUE
period,TRUE
date,TRUE
year,TRUE
rate,TRUE
number,TRUE
stage,FALSE
frequency,FALSE
month,TRUE
moment,TRUE
week,TRUE
hour,TRUE
position,TRUE
event,TRUE
deadline,FALSE
item,TRUE
stamp,TRUE
document,TRUE
card,TRUE
unit,TRUE
piece,FALSE
vehicle,FALSE
order,TRUE
file,TRUE
recipient,TRUE
block,TRUE
ship,FALSE
flag,FALSE
sell,TRUE
deliver,TRUE
purchase,TRUE
produce,TRUE
remove,TRUE
release,TRUE
take,TRUE
receive,TRUE
introduce,TRUE
involve,TRUE
legislative,FALSE
require,TRUE
legal,FALSE
administrative,FALSE
include,TRUE
indicate,TRUE
physical,FALSE
procedure,TRUE
process,TRUE
transaction,TRUE
negotiation,TRUE
communication,TRUE
processing,TRUE
operation,TRUE
information,TRUE
action,FALSE
measure,TRUE
make,TRUE
issue,TRUE
sign,TRUE
execute,TRUE
create,TRUE
establish,TRUE
receive,TRUE
reach,TRUE
form,TRUE
obtain,TRUE
grant,TRUE
file,TRUE
enter,TRUE
draft,FALSE
order,TRUE
request,TRUE
application,TRUE
vote,FALSE
call,TRUE
proposal,TRUE
contract,TRUE
payment,TRUE
complaint,FALSE
bid,TRUE
invitation,FALSE
decision,TRUE
agreement,TRUE
appointment,FALSE
check,TRUE
involve,TRUE
allow,TRUE
via,FALSE
collection,TRUE
preparation,TRUE
acquisition,TRUE
gather,FALSE
production,TRUE
publication,FALSE
creation,FALSE
use,TRUE
delivery,TRUE
distribution,TRUE
exchange,TRUE
provision,TRUE
print,TRUE
submission,TRUE
release,TRUE
#,FALSE
order,FALSE
number,FALSE
number,FALSE
datum,FALSE
information,FALSE
#,FALSE
article,FALSE
note,FALSE
name,FALSE
#,FALSE
report,FALSE
other,TRUE
service,TRUE
',FALSE
promotion,FALSE
area,TRUE
country,TRUE
state,TRUE
region,TRUE
district,TRUE
category,TRUE
term,TRUE
locality,FALSE
sector,TRUE
domain,TRUE
section,FALSE
vehicle,TRUE
car,TRUE
company,TRUE
child,FALSE
person,TRUE
animal,FALSE
trademark,FALSE
breed,FALSE
brand,TRUE
property,TRUE
instrument,TRUE
stamp,FALSE
product,TRUE
specie,FALSE
type,TRUE
register,TRUE
base,TRUE
list,TRUE
know,TRUE
locate,FALSE
value,TRUE
value,FALSE
sum,TRUE
measure,TRUE
size,TRUE
magnitude,FALSE
definition,TRUE
length,FALSE
result,TRUE
inverse,FALSE
mean,TRUE
form,TRUE
ratio,TRUE
quality,TRUE
function,TRUE
datum,TRUE
system,TRUE
variable,TRUE
equation,FALSE
content,TRUE
specification,TRUE
code,TRUE
project,TRUE
database,TRUE
schedule,FALSE
list,TRUE
work,TRUE
document,TRUE
plan,TRUE
map,TRUE
design,TRUE
divide,TRUE
organize,TRUE
categorize,FALSE
split,FALSE
group,TRUE
classify,FALSE
structure,TRUE
subdivide,FALSE
organise,TRUE
sort,TRUE
break,TRUE
separate,TRUE
arrange,FALSE
integrate,TRUE
build,TRUE
category,TRUE
section,TRUE
class,TRUE
area,TRUE
component,TRUE
part,TRUE
model,TRUE
region,TRUE
element,FALSE
month,FALSE
month,TRUE
season,FALSE
year,TRUE
night,TRUE
quarter,FALSE
summer,FALSE
decade,TRUE
day,TRUE
law,TRUE
lease,FALSE
tax,TRUE
license,TRUE
bill,TRUE
oath,FALSE
certificate,TRUE
test,TRUE
patent,FALSE
calendar,FALSE
registration,TRUE
available,FALSE
show,TRUE
possible,FALSE
find,TRUE
publish,TRUE
publish,TRUE
develop,FALSE
produce,TRUE
distribute,TRUE
release,TRUE
issue,TRUE
update,TRUE
compile,FALSE
use,TRUE
establish,TRUE
design,TRUE
collect,TRUE
maintain,TRUE
adopt,FALSE
standardize,FALSE
expand,TRUE
alongside,FALSE
within,FALSE
use,TRUE
an,FALSE
type,TRUE
message,TRUE
a,FALSE
file,FALSE
system,TRUE
code,TRUE
this,FALSE
text,FALSE
identity,TRUE
person,TRUE
object,TRUE
unique,FALSE
key,TRUE
primary,FALSE
default,FALSE
file,TRUE
device,TRUE
status,TRUE
item,TRUE
standard,TRUE
government,TRUE
university,FALSE
organization,TRUE
computer,TRUE
agency,TRUE
iso,TRUE
manufacturer,TRUE
bank,TRUE
NSA,FALSE
school,FALSE
organisation,TRUE
website,TRUE
name,TRUE
ID,FALSE
signature,TRUE
identity,TRUE
language,TRUE
context,TRUE
memory,TRUE
message,TRUE
office,FALSE
board,FALSE
society,FALSE
Commission,FALSE
style,TRUE
reference,TRUE
text,TRUE
paper,TRUE
template,FALSE
style,FALSE
blank,FALSE
copy,TRUE
character,TRUE
font,TRUE
reference,FALSE
index,FALSE
table,TRUE
#,FALSE
guide,TRUE
citation,FALSE
reference,TRUE
marker,FALSE
select,TRUE
prepare,TRUE
create,TRUE
choose,FALSE
present,TRUE
place,TRUE
obtain,TRUE
provide,TRUE
generate,TRUE
prepare,TRUE
read,TRUE
select,TRUE
determine,TRUE
display,TRUE
describe,TRUE
compare,FALSE
provide,TRUE
write,TRUE
identify,TRUE
either,FALSE
edit,TRUE
present,TRUE
material,TRUE
image,FALSE
format,TRUE
page,TRUE
sheet,FALSE
article,TRUE
word,TRUE
display,TRUE
print,TRUE
view,TRUE
analysis,TRUE
example,TRUE
presentation,FALSE
storage,TRUE
simply,FALSE
also,FALSE
even,FALSE
encode,TRUE
write,TRUE
else,FALSE
suitable,FALSE
code,TRUE
user,TRUE
reader,FALSE
application,TRUE
computer,TRUE
environment,FALSE
prefer,FALSE
final,FALSE
initial,FALSE
temporary,FALSE
mandatory,FALSE
alternative,FALSE
propose,TRUE
optimal,FALSE
response,TRUE
reaction,FALSE
answer,FALSE
reply,FALSE
solution,TRUE
action,FALSE
contribution,FALSE
exposure,FALSE
approach,TRUE
response,FALSE
access,TRUE
assignment,FALSE
problem,TRUE
specific,FALSE
give,TRUE
service,TRUE
direct,FALSE
business,TRUE
limit,FALSE
transport,FALSE
special,FALSE
good,FALSE
total,FALSE
vehicle,FALSE
service,FALSE
all,FALSE
standard,FALSE
sale,TRUE
express,FALSE
technical,FALSE
generic,FALSE
english,FALSE
common,FALSE
formal,FALSE
general,FALSE
usual,FALSE
basic,FALSE
business,TRUE
financial,FALSE
marketing,FALSE
informal,FALSE
collective,FALSE
price,TRUE
fee,TRUE
term,TRUE
method,TRUE
sale,TRUE
sale,TRUE
carriage,FALSE
transportation,TRUE
good,TRUE
equipment,TRUE
product,TRUE
package,TRUE
maintenance,FALSE
package,TRUE
part,TRUE
provision,TRUE
employee,TRUE
customer,TRUE
facility,TRUE
extension,TRUE
condition,TRUE
transaction,TRUE
specify,TRUE
line,TRUE
user,TRUE
class,TRUE
color,FALSE
binary,FALSE
numerical,FALSE
define,TRUE
name,TRUE
[,FALSE
car,TRUE
team,TRUE
train,FALSE
unit,TRUE
they,FALSE
driver,FALSE
line,TRUE
match,FALSE
track,TRUE
these,FALSE
player,FALSE
group,FALSE
coach,FALSE
colour,TRUE
colour,TRUE
colour,TRUE
colour,FALSE
blue,FALSE
usually,FALSE
always,FALSE
red,FALSE
code,TRUE
#,FALSE
#,FALSE
#,FALSE
scheme,TRUE
mark,TRUE
designate,FALSE
code,TRUE
classification,TRUE
gender,FALSE
age,TRUE
life,TRUE
team,TRUE
bracket,FALSE
italic,FALSE
yellow,FALSE
green,FALSE
symbol,FALSE
stripe,FALSE
dot,FALSE
bold,FALSE
represent,TRUE
match,TRUE
reflect,TRUE
indicate,TRUE
follow,TRUE
resemble,FALSE
power,FALSE
class,FALSE
performance,FALSE
engine,FALSE
sport,FALSE
home,FALSE
equipment,FALSE
club,FALSE
character,FALSE
locomotive,FALSE
race,FALSE
team,TRUE
model,TRUE
unit,TRUE
train,FALSE
group,TRUE
credit,TRUE
electronic,FALSE
yellow,FALSE
travel,TRUE
key,FALSE
smart,FALSE
visa,FALSE
money,TRUE
credit,TRUE
cash,TRUE
card,TRUE
wallet,FALSE
money,TRUE
cd,FALSE
deposit,TRUE
saving,FALSE
passport,FALSE
loyalty,TRUE
discount,TRUE
gift,FALSE
insurance,TRUE
membership,TRUE
identification,TRUE
card,FALSE
#,FALSE
book,TRUE
ticket,FALSE
account,TRUE
that,FALSE
holder,TRUE
it,FALSE
associate,TRUE
add,TRUE
store,TRUE
supply,TRUE
enter,TRUE
share,TRUE
combine,TRUE
file,TRUE
contain,TRUE
each,FALSE
another,FALSE
one,FALSE
every,FALSE
any,FALSE
make,TRUE
perform,FALSE
sign,TRUE
do,TRUE
conduct,TRUE
execute,TRUE
initiate,FALSE
send,TRUE
inform,TRUE
tell,TRUE
advise,TRUE
show,TRUE
convince,FALSE
indicate,TRUE
assure,TRUE
remind,TRUE
give,TRUE
ask,TRUE
persuade,FALSE
alert,TRUE
signal,FALSE
provide,TRUE
contact,TRUE
intend,TRUE
want,TRUE
wish,TRUE
plan,TRUE
need,TRUE
desire,FALSE
intend,TRUE
wish,TRUE
wish,TRUE
want,TRUE
intend,TRUE
want,TRUE
mean,TRUE
offer,TRUE
get,TRUE
buy,TRUE
merchandise,TRUE
property,TRUE
asset,TRUE
supply,TRUE
commodity,TRUE
book,TRUE
hardware,FALSE
lose,TRUE
state,TRUE
say,TRUE
record,TRUE
confirm,FALSE
prove,FALSE
declare,TRUE
prove,FALSE
commercial,FALSE
simple,FALSE
title,TRUE
commitment,FALSE
resource,TRUE
input,TRUE
link,TRUE
relationship,FALSE
site,TRUE
program,TRUE
concept,FALSE
sponsor,FALSE
own,TRUE
author,TRUE
let,FALSE
then,FALSE
where,FALSE
thus,FALSE
see,TRUE
and,FALSE
limit,TRUE
bind,TRUE
factor,TRUE
expression,FALSE
figure,FALSE
cost,TRUE
quantity,TRUE
notation,FALSE
fraction,FALSE
percentage,TRUE
range,TRUE
proportion,TRUE
time,TRUE
hour,TRUE
way,TRUE
cycle,FALSE
cent,FALSE
factor,TRUE
fix,TRUE
minimum,FALSE
market,TRUE
particular,FALSE
base,TRUE
new,FALSE
low,FALSE
nominal,FALSE
formula,FALSE
pay,TRUE
correspond,TRUE
add,TRUE
cost,TRUE
assign,TRUE
represent,TRUE
give,TRUE
contribute,FALSE
equal,TRUE
sell,TRUE
take,TRUE
increase,TRUE
compare,FALSE
mail,TRUE
material,TRUE
he,FALSE
she,FALSE
cash,TRUE
paper,TRUE
pass,TRUE
submit,TRUE
inform,TRUE
inform,TRUE
inform,TRUE
#,FALSE
warn,FALSE
reassure,FALSE
circumstance,TRUE
characteristic,TRUE
standard,TRUE
fact,TRUE
amount,TRUE
reason,TRUE
criterion,FALSE
regulation,TRUE
condition,TRUE
price,TRUE
specification,TRUE
obligation,FALSE
parameter,TRUE
constraint,FALSE
material,TRUE
input,TRUE
sample,FALSE
element,FALSE
packet,FALSE
intelligence,FALSE
integration,TRUE
#,FALSE
interchange,TRUE
entry,TRUE
representation,FALSE
interpretation,FALSE
protocol,FALSE
technology,TRUE
technique,FALSE
scheme,TRUE
implementation,TRUE
operation,TRUE
scale,TRUE
network,TRUE
screen,FALSE
enterprise,TRUE
basis,TRUE
server,TRUE
network,TRUE
bandwidth,FALSE
grid,FALSE
web,TRUE
allow,TRUE
enable,TRUE
force,TRUE
permit,TRUE
challenge,FALSE
cause,TRUE
require,TRUE
help,TRUE
encourage,FALSE
allow,TRUE
transmitter,FALSE
client,TRUE
researcher,FALSE
administrator,FALSE
receiver,FALSE
source,TRUE
analyst,FALSE
processor,FALSE
customer,TRUE
reader,FALSE
programmer,FALSE
provider,FALSE
recipient,TRUE
interpreter,FALSE
operator,FALSE
vendor,FALSE
driver,FALSE
translator,FALSE
host,FALSE
handle,TRUE
analyze,TRUE
manage,TRUE
connect,FALSE
understand,TRUE
identify,TRUE
represent,TRUE
view,TRUE
treat,TRUE
individual,FALSE
single,FALSE
electronic,FALSE
stream,FALSE
segment,FALSE
flow,TRUE
frame,FALSE
transmission,FALSE
way,TRUE
manner,FALSE
candidate,FALSE
member,TRUE
party,TRUE
position,TRUE
politician,FALSE
leader,FALSE
nominee,FALSE
party,FALSE
member,TRUE
mp,FALSE
leader,FALSE
president,FALSE
government,TRUE
play,TRUE
ask,TRUE
get,TRUE
ask,TRUE
tell,TRUE
ask,TRUE
contact,TRUE
be,FALSE
become,TRUE
select,TRUE
select,TRUE
choose,TRUE
hold,TRUE
find,TRUE
replace,TRUE
know,TRUE
save,TRUE
control,TRUE
follow,TRUE
consider,TRUE
absolutely,FALSE
deem,FALSE
call,TRUE
legally,FALSE
render,FALSE
strictly,FALSE
hold,TRUE
completely,FALSE
fully,FALSE
totally,FALSE
truly,FALSE
country,TRUE
case,TRUE
state,TRUE
situation,TRUE
province,FALSE
place,TRUE
jurisdiction,TRUE
city,TRUE
municipality,TRUE
district,TRUE
instance,TRUE
territory,TRUE
necessary,FALSE
transfer,TRUE
transmit,TRUE
read,TRUE
move,TRUE
unless,FALSE
assume,FALSE
ensure,TRUE
show,TRUE
request,TRUE
unlimited,FALSE
different,FALSE
certain,FALSE
point,FALSE
interest,TRUE
dollar,FALSE
cooperation,TRUE
working,FALSE
work,TRUE
agreement,TRUE
communication,TRUE
partner,TRUE
partnership,TRUE
relation,FALSE
cooperate,FALSE
dialogue,FALSE
cooperation,TRUE
work,TRUE
negotiate,FALSE
party,TRUE
person,TRUE
nation,TRUE
language,TRUE
principle,TRUE
people,TRUE
partner,FALSE
NGOs,FALSE
stakeholder,TRUE
medium,TRUE
individual,TRUE
provider,FALSE
agent,TRUE
integer,TRUE
constant,FALSE
sign,TRUE
matrix,FALSE
graph,FALSE
relation,FALSE
start,TRUE
begin,TRUE
along,FALSE
together,FALSE
denote,FALSE
label,TRUE
start,TRUE
end,TRUE
label,TRUE
pair,TRUE
power,TRUE
dimension,FALSE
probability,TRUE
precision,FALSE
integral,FALSE
field,FALSE
some,FALSE
other,FALSE
additional,FALSE
various,FALSE
certain,FALSE
many,FALSE
several,FALSE
those,FALSE
general,FALSE
basic,FALSE
form,TRUE
system,TRUE
size,TRUE
design,TRUE
definition,TRUE
name,TRUE
format,TRUE
description,TRUE
page,FALSE
version,TRUE
use,TRUE
aspect,TRUE
attribute,FALSE
edition,FALSE
software,TRUE
object,TRUE
describe,TRUE
discuss,FALSE
explain,TRUE
outline,TRUE
detail,TRUE
identify,TRUE
establish,TRUE
summarize,FALSE
reference,TRUE
table,FALSE
figure,FALSE
chapter,TRUE
section,TRUE
chapter,FALSE
part,FALSE
book,FALSE
useful,FALSE
important,FALSE
helpful,FALSE
difficult,FALSE
appropriate,FALSE
easy,FALSE
beneficial,FALSE
need,TRUE
desirable,FALSE
able,FALSE
well,FALSE
reduce,TRUE
detect,FALSE
correct,TRUE
minimize,FALSE
avoid,TRUE
estimate,TRUE
assess,FALSE
eliminate,FALSE
find,TRUE
remove,FALSE
determine,TRUE
evaluate,FALSE
error,TRUE
bias,FALSE
difference,TRUE
variance,TRUE
variable,TRUE
trend,FALSE
gain,FALSE
similarity,FALSE
strength,FALSE
delay,FALSE
check,TRUE
defect,FALSE
mistake,FALSE
problem,FALSE
gap,FALSE
change,TRUE
flaw,FALSE
weakness,FALSE
fault,FALSE
failure,FALSE
difficulty,FALSE
confusion,FALSE
limitation,FALSE
issue,TRUE
selection,FALSE
screen,FALSE
measurement,FALSE
manufacture,FALSE
assessment,FALSE
learn,FALSE
calculation,FALSE
research,TRUE
evaluation,FALSE
control,TRUE
plan,TRUE
food,TRUE
gold,FALSE
collect,TRUE
make,TRUE
demand,TRUE
pay,TRUE
ensure,TRUE
guarantee,TRUE
compensation,TRUE
payment,TRUE
bid,FALSE
approval,FALSE
buyer,TRUE
permission,FALSE
buy,TRUE
acquire,TRUE
purchase,TRUE
otherwise,FALSE
subsequently,FALSE
repair,FALSE
previously,FALSE
order,TRUE
first,FALSE
Grand,FALSE
designation,TRUE
manual,FALSE
list,TRUE
abbreviation,TRUE
label,TRUE
dictionary,FALSE
app,FALSE
feature,TRUE
option,FALSE
version,TRUE
rule,TRUE
variant,TRUE
tool,TRUE
procedure,TRUE
permit,TRUE
unlikely,FALSE
yet,FALSE
likely,FALSE
free,FALSE
expect,TRUE
still,FALSE
guarantee,TRUE
mean,TRUE
online,FALSE
applicable,FALSE
detail,TRUE
detail,TRUE
discussion,FALSE
article,TRUE
info,FALSE
example,TRUE
guidance,TRUE
question,FALSE
idea,TRUE
knowledge,TRUE
regard,TRUE
concern,TRUE
upon,FALSE
around,FALSE
detail,TRUE
eligibility,FALSE
additional,FALSE
regulatory,FALSE
license,TRUE
current,FALSE
report,TRUE
various,FALSE
#,FALSE
#,FALSE
#,FALSE
#,FALSE
#,FALSE
#,FALSE
#,FALSE
#,FALSE
#,FALSE
#,FALSE
#,FALSE
#,FALSE
#,FALSE
annual,FALSE
emergency,FALSE
future,FALSE
electricity,FALSE
national,FALSE
UK,FALSE
security,TRUE
hospital,FALSE
international,FALSE
disclosure,FALSE
certification,TRUE
defense,FALSE
determination,FALSE
protection,FALSE
defence,FALSE
report,TRUE
regulation,TRUE
training,FALSE
assurance,FALSE
testing,FALSE
employment,FALSE
see,TRUE
please,FALSE
visit,FALSE
refer,TRUE
acronym,FALSE
symbol,FALSE
motto,FALSE
initial,FALSE
logo,FALSE
slogan,FALSE
name,FALSE
surname,FALSE
prefix,TRUE
bank,FALSE
town,TRUE
city,TRUE
settlement,TRUE
build,TRUE
company,TRUE
division,TRUE
firm,TRUE
so,FALSE
but,FALSE
as,FALSE
also,FALSE
even,FALSE
however,FALSE
hence,FALSE
save,TRUE
open,TRUE
create,TRUE
fill,FALSE
empty,FALSE
preserve,FALSE
search,TRUE
describe,TRUE
complete,TRUE
space,TRUE
resource,TRUE
energy,FALSE
live,FALSE
priority,FALSE
one,FALSE
instruction,FALSE
care,FALSE
access,TRUE
exchange,TRUE
save,TRUE
display,TRUE
process,TRUE
email,TRUE
internet,TRUE
sms,FALSE
internet,TRUE
telegraph,FALSE
telephone,TRUE
video,FALSE
mobile,TRUE
television,FALSE
tablet,FALSE
phone,TRUE
phone,TRUE
voice,FALSE
call,TRUE
#,FALSE
phone,TRUE
communication,TRUE
#,FALSE
#,FALSE
#,FALSE
#,FALSE
#,FALSE
#,FALSE
#,FALSE
#,FALSE
#,FALSE
#,FALSE
#,FALSE
#,FALSE
#,FALSE
#,FALSE
policy,TRUE
per,FALSE
plus,FALSE
traffic,FALSE
expense,FALSE
transportation,TRUE
life,FALSE
duty,FALSE
construction,FALSE
live,FALSE
currency,FALSE
loan,FALSE
land,TRUE
force,TRUE
induce,FALSE
command,FALSE
expect,TRUE
direct,FALSE
urge,TRUE
seize,FALSE
accept,TRUE
inspect,FALSE
withdraw,TRUE
steal,FALSE
cargo,TRUE
duty,FALSE
commodity,FALSE
proceed,FALSE
freight,FALSE
shipment,TRUE
content,TRUE
prevent,FALSE
stop,FALSE
refuse,FALSE
cause,TRUE
deny,FALSE
cease,FALSE
resume,FALSE
delay,FALSE
possession,FALSE
disposal,FALSE
recovery,FALSE
seizure,FALSE
inspection,FALSE
removal,TRUE
profit,FALSE
debt,TRUE
successor,FALSE
servant,FALSE
assistant,FALSE
assistant,FALSE
associate,TRUE
owner,FALSE
staff,FALSE
creditor,FALSE
employer,FALSE
heir,FALSE
wife,FALSE
surrender,FALSE
keep,TRUE
recover,FALSE
rest,FALSE
word,TRUE
letter,FALSE
language,FALSE
key,FALSE
place,FALSE
chart,FALSE
feature,FALSE
flag,FALSE
model,FALSE
III,FALSE
find,TRUE
nothing,FALSE
everything,FALSE
write,TRUE
change,TRUE
note,TRUE
not,FALSE
case,TRUE
§,FALSE
product,TRUE
natural,FALSE
•,FALSE
average,FALSE
performance,TRUE
availability,FALSE
bad,FALSE
good,FALSE
evil,FALSE
stock,TRUE
waste,FALSE
low,FALSE
poor,FALSE
improvement,FALSE
†,FALSE
editor,FALSE
library,FALSE
youtube,FALSE
pdf,FALSE
Wikipedia,FALSE
facebook,FALSE
holiday,FALSE
issue,TRUE
cycle,TRUE
week,TRUE
permit,TRUE
election,FALSE
visa,FALSE
building,FALSE
system,TRUE
project,TRUE
material,TRUE
program,TRUE
collection,TRUE
plain,FALSE
incomplete,FALSE
block,TRUE
short,FALSE
close,TRUE
absent,FALSE
fold,FALSE
separate,FALSE
need,TRUE
continue,TRUE
ought,FALSE
remain,TRUE
aim,TRUE
continue,TRUE
change,TRUE
implement,TRUE
address,TRUE
improve,TRUE
adjust,FALSE
understand,TRUE
facilitate,TRUE
improve,TRUE
management,TRUE
share,TRUE
compilation,FALSE
generation,FALSE
allocation,FALSE
statistical,FALSE
economic,FALSE
accurate,FALSE
reliable,FALSE
relevant,FALSE
raw,FALSE
statistic,FALSE
decision,TRUE
report,TRUE
control,TRUE
record,TRUE
pattern,FALSE
effect,TRUE
economic,TRUE
impact,TRUE
import,TRUE
export,TRUE
income,FALSE
revenue,FALSE
revenue,FALSE
export,TRUE
acquisition,TRUE
market,TRUE
import,TRUE
offer,TRUE
administer,FALSE
request,TRUE
accept,TRUE
offer,TRUE
compliance,FALSE
result,TRUE
change,TRUE
partial,FALSE
half,TRUE
full,FALSE
kind,FALSE
advance,TRUE
bulk,FALSE
mail,TRUE
second,FALSE
reverse,FALSE
contain,TRUE
contain,TRUE
identify,TRUE
potential,FALSE
total,FALSE
message,TRUE
ship,TRUE
carry,TRUE
load,TRUE
laden,FALSE
packaging,FALSE
load,TRUE
load,TRUE
shipping,FALSE
etc,FALSE
steal,FALSE
miss,FALSE
damage,FALSE
wrong,FALSE
redundant,FALSE
unwanted,FALSE
finish,FALSE
application,FALSE
publication,FALSE
standard,FALSE
research,FALSE
archive,FALSE
recommendation,FALSE
schedule,FALSE
pay,TRUE
revenue,FALSE
operation,TRUE
schedule,FALSE
#,FALSE
monthly,FALSE
daily,FALSE
installment,FALSE
weekly,FALSE
member,TRUE
station,TRUE
letter,TRUE
equip,FALSE
stamp,TRUE
encode,TRUE
indicate,TRUE
personal,FALSE
special,FALSE
geographic,FALSE
word,TRUE
rank,TRUE
author,FALSE
place,FALSE
title,FALSE
password,FALSE
description,TRUE
destination,TRUE
difference,TRUE
correlation,FALSE
distance,FALSE
comparison,FALSE
distinction,FALSE
interaction,FALSE
contrast,TRUE
relation,TRUE
similarity,FALSE
correspondence,FALSE
separation,FALSE
connection,TRUE
capture,FALSE
output,TRUE
measure,TRUE
perceive,FALSE
quantity,TRUE
finite,FALSE
real,FALSE
pure,FALSE
rational,FALSE
complex,FALSE
apply,TRUE
calculate,TRUE
player,FALSE
node,FALSE
village,FALSE
family,FALSE
tribe,FALSE
tree,FALSE
cell,FALSE
body,TRUE
society,FALSE
machine,FALSE
institution,TRUE
entity,TRUE
corporation,TRUE
political,FALSE
social,FALSE
operate,TRUE
platform,FALSE
activity,TRUE
provide,TRUE
receive,TRUE
send,TRUE
deliver,TRUE
produce,TRUE
offer,TRUE
collect,TRUE
get,TRUE
buy,TRUE
store,TRUE
return,TRUE
generate,TRUE
request,TRUE
news,FALSE
personnel,FALSE
sense,FALSE
instance,TRUE
mode,FALSE
respect,TRUE
regard,TRUE
framework,TRUE
xml,TRUE
c,FALSE
SV,FALSE
syntax,TRUE
d,FALSE
responsible,FALSE
design,TRUE
valid,FALSE
reserve,TRUE
define,TRUE
multiple,FALSE
link,TRUE
state,FALSE
use,FALSE
list,TRUE
point,FALSE
Map,FALSE
page,FALSE
link,FALSE
stream,FALSE
run,FALSE
hook,FALSE
track,FALSE
block,FALSE
word,FALSE
string,FALSE
box,FALSE
module,FALSE
mapping,FALSE
refer,TRUE
connect,FALSE
point,TRUE
bind,TRUE
switch,TRUE
correspond,TRUE
respond,FALSE
add,TRUE
distinct,FALSE
identical,FALSE
simultaneous,FALSE
similar,FALSE
link,TRUE
variant,FALSE
representation,TRUE
configuration,FALSE
accompany,FALSE
represent,TRUE
follow,TRUE
determine,TRUE
characterize,FALSE
distinguish,TRUE
component,TRUE
developer,FALSE
interface,TRUE
representative,FALSE
send,TRUE
target,FALSE
software,FALSE
create,TRUE
implement,TRUE
publish,TRUE
run,TRUE
make,TRUE
own,FALSE
hold,TRUE
serial,FALSE
telephone,TRUE
accession,FALSE
channel,FALSE
station,FALSE
source,TRUE
Bold,FALSE
check,TRUE
joker,FALSE
game,TRUE
game,TRUE
deck,FALSE
lottery,FALSE
handle,FALSE
filter,FALSE
modify,TRUE
omit,FALSE
invert,FALSE
denote,TRUE
express,TRUE
repetition,TRUE
occurrence,FALSE
usage,FALSE
inclusion,FALSE
repeat,FALSE
overlap,FALSE
merge,FALSE
retention,FALSE
loss,TRUE
piece,FALSE
block,TRUE
bit,FALSE
sequence,TRUE
sort,FALSE
event,TRUE
statement,TRUE
entry,TRUE
argument,FALSE
phrase,FALSE
sentence,FALSE
here,FALSE
if,FALSE
for,FALSE
bound,FALSE
limit,TRUE
bar,FALSE
threshold,FALSE
derivative,FALSE
maximum,FALSE
weight,FALSE
their,FALSE
at,FALSE
mean,FALSE
in,FALSE
speed,FALSE
duration,TRUE
time,TRUE
altitude,FALSE
vessel,FALSE
passenger,FALSE
animal,FALSE
aircraft,FALSE
migrant,FALSE
casualty,FALSE
immigrant,FALSE
flight,FALSE
movement,FALSE
resident,FALSE
schedule,FALSE
suppose,FALSE
due,FALSE
go,TRUE
ready,FALSE
plan,TRUE
destine,FALSE
anticipate,FALSE
slate,FALSE
Google,FALSE
Microsoft,FALSE
People,FALSE
apple,FALSE
IBM,FALSE
adobe,FALSE
publisher,FALSE
child,FALSE
mcdonald,FALSE
script,FALSE
download,FALSE
insertion,TRUE
type,TRUE
look,FALSE
fit,TRUE
translation,FALSE
incorporation,FALSE
installation,FALSE
National,FALSE
government,FALSE
postal,FALSE
public,FALSE
Digital,FALSE
personal,FALSE
window,FALSE
include,TRUE
feature,TRUE
comment,TRUE
instruction,FALSE
documentation,TRUE
website,TRUE
device,TRUE
brand,TRUE
app,FALSE
tool,TRUE
technology,TRUE
solution,TRUE
capability,FALSE
pricing,FALSE
functionality,FALSE
market,TRUE
global,FALSE
time,FALSE
terminology,FALSE
scheme,FALSE
proper,FALSE
accounting,FALSE
termination,TRUE
completion,FALSE
end,TRUE
administration,TRUE
define,TRUE
list,TRUE
describe,TRUE
#,FALSE
structure,TRUE
structure,TRUE
#,FALSE
table,FALSE
purpose,TRUE
entity,TRUE
method,TRUE
embed,FALSE
module,FALSE
modify,TRUE
send,TRUE
interpret,FALSE
utilize,TRUE
alter,FALSE
borrow,FALSE
review,FALSE
authority,TRUE
opportunity,FALSE
notify,TRUE
update,FALSE
purchase,TRUE
buy,TRUE
directly,FALSE
traffic,FALSE
hand,TRUE
rail,FALSE
ship,TRUE
flag,FALSE
US,FALSE
#,FALSE
agent,TRUE
broker,FALSE
secure,TRUE
owner,TRUE
ownership,FALSE
acceptance,FALSE
receiver,FALSE
participant,FALSE
plan,TRUE
state,TRUE
company,TRUE
regulation,TRUE
organization,TRUE
court,FALSE
Congress,FALSE
country,TRUE
warrant,FALSE
justify,FALSE
mean,TRUE
seek,TRUE
renewal,FALSE
modification,TRUE
revision,FALSE
replacement,FALSE
extension,TRUE
amendment,FALSE
addition,TRUE
expansion,TRUE
cancellation,FALSE
withdrawal,FALSE
suspension,FALSE
abandonment,FALSE
repeal,FALSE
denial,FALSE
volume,TRUE
whether,FALSE
worth,FALSE
release,FALSE
return,TRUE
transfer,FALSE
loss,FALSE
sale,TRUE
absence,FALSE
scope,TRUE
ease,FALSE
anticipation,FALSE
timeline,FALSE
amend,TRUE
revise,FALSE
vary,TRUE
legislation,FALSE
statute,FALSE
court,FALSE
abstract,FALSE
arbitrary,FALSE
official,FALSE
automatically,FALSE
web,TRUE
fly,TRUE
premise,FALSE
express,TRUE
firm,TRUE
corporation,TRUE
enterprise,TRUE
subsidiary,FALSE
incorporate,TRUE
headquarter,FALSE
trading,TRUE
form,TRUE
originate,TRUE
found,FALSE
wholly,FALSE
situate,FALSE
official,FALSE
commercial,FALSE
corporation,FALSE
group,FALSE
corporate,FALSE
International,FALSE
allocate,FALSE
recognise,FALSE
approve,TRUE
understand,TRUE
degree,TRUE
#,FALSE
essential,FALSE
sufficient,FALSE
enough,FALSE
insufficient,FALSE
critical,FALSE
implement,TRUE
grasp,FALSE
comprehend,FALSE
explain,TRUE
develop,TRUE
learn,TRUE
apply,TRUE
master,TRUE
fit,TRUE
text,TRUE
theory,TRUE
assume,TRUE
MP,FALSE
exemption,FALSE
award,TRUE
#,FALSE
EP,FALSE
alternate,FALSE
correspond,TRUE
extend,TRUE
attach,FALSE
belong,FALSE
go,TRUE
occur,TRUE
lead,TRUE
translate,FALSE
subdivision,FALSE
group,TRUE
formation,FALSE
number,FALSE
rank,TRUE
rank,FALSE
perform,TRUE
authority,TRUE
centre,TRUE
county,TRUE
borough,TRUE
unitary,FALSE
municipality,TRUE
province,FALSE
council,TRUE
municipal,FALSE
township,FALSE
local,FALSE
regional,FALSE
board,FALSE
jurisdiction,TRUE
island,TRUE
archipelago,FALSE
island,TRUE
overseas,FALSE
urban,FALSE
ethnic,FALSE
autonomous,FALSE
territory,TRUE
community,FALSE
marine,FALSE
coastal,FALSE
continental,FALSE
nation,FALSE
peninsula,FALSE
constituency,FALSE
Borough,FALSE
sea,FALSE
practice,TRUE
fact,TRUE
turn,TRUE
reality,FALSE
essence,FALSE
effect,TRUE
principle,TRUE
Europe,FALSE
reform,TRUE
option,TRUE
extend,TRUE
increase,TRUE
combine,FALSE
typically,FALSE
often,FALSE
replace,TRUE
sometimes,FALSE
integrate,TRUE
initially,FALSE
introduce,TRUE
give,TRUE
note,TRUE
well,FALSE
original,FALSE
japanese,FALSE
main,FALSE
sole,FALSE
license,FALSE
industry,TRUE
publisher,FALSE
supplier,TRUE
designer,FALSE
branding,FALSE
category,TRUE
note,TRUE
background,FALSE
example,TRUE
its,FALSE
such,FALSE
#,FALSE
#,FALSE
assistance,FALSE
authorization,FALSE
notice,FALSE
advice,FALSE
check,TRUE
verify,FALSE
seller,TRUE
dealer,FALSE
consumer,TRUE
holder,TRUE
buyer,TRUE
respond,FALSE
opposition,FALSE
preference,FALSE
accordance,FALSE
recommendation,FALSE
statement,TRUE
question,FALSE
requirement,TRUE
port,FALSE
proof,FALSE
right,TRUE
chain,FALSE
departure,FALSE
job,FALSE
office,TRUE
officer,FALSE
manager,FALSE
start,TRUE
conclusion,FALSE
commencement,FALSE
initiation,FALSE
onset,FALSE
challenge,FALSE
auction,FALSE
attempt,TRUE
attempt,TRUE
attempt,TRUE
fail,TRUE
try,TRUE
hope,TRUE
verify,TRUE
prove,TRUE
confirm,TRUE
demonstrate,FALSE
establish,TRUE
know,TRUE
maintain,TRUE
applicant,TRUE
record,TRUE
methodology,TRUE
method,FALSE
utilize,FALSE
accept,TRUE
transfer,TRUE
bill,TRUE
deposit,TRUE
check,TRUE
regular,FALSE
#,FALSE
charge,TRUE
executive,FALSE
postal,FALSE
room,FALSE
charge,TRUE
fee,TRUE
dollar,FALSE
travel,FALSE
token,FALSE
mark,TRUE
intent,FALSE
introduction,FALSE
envelope,FALSE
mortgage,FALSE
depend,TRUE
leave,FALSE
arrival,FALSE
smart,FALSE
post,TRUE
chip,FALSE
#,FALSE
rating,FALSE
health,FALSE
#,FALSE
#,FALSE
#,FALSE
plate,FALSE
#,FALSE
#,FALSE
order,TRUE
reservation,FALSE
pay,TRUE
evidence,FALSE
communicate,TRUE
state,TRUE
explain,TRUE
history,TRUE
portfolio,FALSE
account,TRUE
interest,FALSE
fund,FALSE
certificate,FALSE
capital,FALSE
saving,FALSE
security,FALSE
bill,FALSE
investment,FALSE
finance,FALSE
trust,FALSE
deposit,TRUE
grace,FALSE
maturity,FALSE
Friday,FALSE
Monday,FALSE
progress,FALSE
complete,TRUE
department,TRUE
branch,TRUE
department,FALSE
division,TRUE
sub,TRUE
sub,TRUE
semi,FALSE
non,TRUE
quasi,FALSE
micro,FALSE
bi,FALSE
super,FALSE
meta,FALSE
division,TRUE
indian,FALSE
administration,TRUE
more,FALSE
library,FALSE
promote,TRUE
encourage,FALSE
increase,TRUE
improve,TRUE
reduce,TRUE
increase,TRUE
enable,TRUE
promote,TRUE
importance,FALSE
reduction,FALSE
balance,FALSE
role,TRUE
reserve,TRUE
capital,TRUE
incentive,FALSE
job,FALSE
fuel,FALSE
efficiency,TRUE
efficient,FALSE
development,TRUE
strategy,FALSE
alter,FALSE
correct,TRUE
upgrade,FALSE
renew,FALSE
enlarge,FALSE
restore,FALSE
abandon,FALSE
replace,TRUE
cancel,FALSE
reduce,TRUE
destroy,FALSE
ix,FALSE
VII,FALSE
ii,FALSE
18,FALSE
11,FALSE
status,FALSE
continuation,FALSE
elimination,TRUE
delete,FALSE
exclusion,FALSE
substitute,FALSE
obsolete,FALSE
substitution,FALSE
convert,TRUE
compare,FALSE
attach,FALSE
relate,TRUE
officer,FALSE
Mr,FALSE
another,FALSE
allege,FALSE
imply,TRUE
know,TRUE
say,TRUE
owe,TRUE
owe,TRUE
give,TRUE
something,FALSE
nothing,FALSE
anything,FALSE
everything,FALSE
much,FALSE
register,TRUE
virtual,FALSE
attribute,TRUE
subject,TRUE
#,FALSE
link,TRUE
thing,FALSE
verb,FALSE
#,FALSE
existence,FALSE
mind,FALSE
subset,FALSE
synonym,FALSE
variety,FALSE
gene,FALSE
cover,TRUE
preserve,FALSE
comprise,TRUE
consider,TRUE
trait,FALSE
power,TRUE
parent,TRUE
spectral,FALSE
respective,FALSE
constituent,FALSE
natural,FALSE
complexity,FALSE
fundamental,FALSE
unit,TRUE
process,FALSE
production,TRUE
test,TRUE
factory,FALSE
location,FALSE
printer,FALSE
pin,FALSE
digit,TRUE
score,FALSE
number,TRUE
prior,FALSE
accord,TRUE
relate,TRUE
edition,FALSE
portion,TRUE
aspect,FALSE
phase,FALSE
side,FALSE
geographical,FALSE
suffix,FALSE
asset,TRUE
offence,FALSE
employee,TRUE
liable,FALSE
eligible,FALSE
apply,TRUE
regulate,TRUE
qualified,FALSE
qualify,FALSE
body,TRUE
#,FALSE
law,TRUE
act,TRUE
register,TRUE
assist,FALSE
transport,TRUE
return,TRUE
seize,FALSE
deal,TRUE
repair,FALSE
profit,FALSE
define,TRUE
specify,TRUE
generate,TRUE
assign,TRUE
locate,FALSE
algorithm,FALSE
name,TRUE
tag,FALSE
label,TRUE
rating,FALSE
rank,TRUE
mark,TRUE
detection,FALSE
recognition,FALSE
technique,FALSE
study,FALSE
fall,TRUE
fall,TRUE
fall,TRUE
come,TRUE
divide,TRUE
come,TRUE
break,FALSE
fall,TRUE
run,TRUE
family,FALSE
phase,FALSE
stage,TRUE
domain,TRUE
rule,TRUE
source,TRUE
instrument,TRUE
purpose,TRUE
reason,TRUE
task,FALSE
mission,FALSE
#,FALSE
#,FALSE
#,FALSE
#,FALSE
#,FALSE
one,FALSE
of,FALSE
#,FALSE
in,FALSE
be,FALSE
#,FALSE
it,FALSE
me,FALSE
who,FALSE
to,FALSE
and,FALSE
as,FALSE
you,FALSE
#,FALSE
#,FALSE
#,FALSE
the,FALSE
#,FALSE
#,FALSE
charge,TRUE
trace,FALSE
award,TRUE
credit,TRUE
prove,TRUE
reveal,FALSE
string,TRUE
denote,FALSE
follow,TRUE
long,FALSE
type,TRUE
precede,FALSE
terminate,FALSE
#,FALSE
least,FALSE
#,FALSE
#,FALSE
#,FALSE
recognize,FALSE
unknown,FALSE
external,FALSE
array,FALSE
underlie,FALSE
tag,TRUE
parameter,FALSE
term,TRUE
see,TRUE
refer,TRUE
know,TRUE
collector,FALSE
origin,FALSE
Custom,FALSE
food,TRUE
cover,TRUE
comprise,TRUE
republic,FALSE
political,FALSE
third,FALSE
member,FALSE
both,FALSE
district,TRUE
reserve,TRUE
resource,TRUE
need,TRUE
wish,TRUE
unable,FALSE
act,TRUE
present,FALSE
consult,FALSE
commit,TRUE
engage,FALSE
certify,FALSE
responsibility,FALSE
stimulus,FALSE
expenditure,FALSE
spend,FALSE
reform,TRUE
restraint,FALSE
）,FALSE
quality,FALSE
rule,TRUE
principle,TRUE
chain,FALSE
maintenance,FALSE
scale,TRUE
metric,FALSE
govern,TRUE
regulate,TRUE
measure,TRUE
set,TRUE
contexts,FALSE
fashion,FALSE
food,TRUE
garment,FALSE
package,TRUE
handle,TRUE
value,TRUE
assess,FALSE
price,TRUE
test,TRUE
skill,FALSE
q,FALSE
pre,FALSE
clause,FALSE
paragraph,FALSE
#,FALSE
convention,FALSE
regulation,FALSE
#,FALSE
#,FALSE
#,FALSE
law,FALSE
charter,FALSE
#,FALSE
#,FALSE
product,FALSE
mark,TRUE
part,FALSE
supply,FALSE
station,FALSE
road,FALSE
way,FALSE
plan,TRUE
continue,TRUE
disclose,FALSE
period,TRUE
round,FALSE
next,FALSE
proceed,FALSE
free,FALSE
federal,FALSE
financial,FALSE
self,FALSE
single,FALSE
tax,FALSE
m,FALSE
gb,FALSE
K,FALSE
mm,FALSE
t,FALSE
e,TRUE
EA,TRUE
at,FALSE
v,FALSE
ET,FALSE
h,FALSE
PA,FALSE
w,FALSE
gram,FALSE
meter,FALSE
metre,FALSE
ton,FALSE
gram,FALSE
kg,FALSE
pound,FALSE
100,FALSE
round,FALSE
pack,FALSE
foot,FALSE
cartridge,FALSE
metre,TRUE
inch,FALSE
meter,FALSE
#,FALSE
foot,FALSE
kilometre,TRUE
centimetre,FALSE
#,FALSE
million,FALSE
may,FALSE
would,FALSE
can,FALSE
must,FALSE
could,FALSE
track,FALSE
passage,FALSE
full,FALSE
social,FALSE
guideline,FALSE
proposal,FALSE
resolve,FALSE
meet,TRUE
achieve,FALSE
clarify,FALSE
settle,FALSE
review,FALSE
formulate,FALSE
reach,TRUE
consultation,TRUE
meeting,FALSE
lecture,FALSE
forum,FALSE
hearing,FALSE
comment,FALSE
discussion,FALSE
presentation,FALSE
demonstration,FALSE
conference,FALSE
commission,FALSE
workshop,FALSE
education,TRUE
collaboration,FALSE
work,TRUE
interview,FALSE
consulting,FALSE
talk,FALSE
meet,TRUE
professional,TRUE
expert,FALSE
specialist,FALSE
practitioner,FALSE
representative,FALSE
manager,FALSE
official,TRUE
officer,FALSE
supplier,TRUE
vendor,FALSE
interested,FALSE
participate,FALSE
train,FALSE
specialise,FALSE
specialize,FALSE
appear,TRUE
active,FALSE
engage,FALSE
industry,TRUE
association,FALSE
agreement,TRUE
professional,FALSE
accreditation,FALSE
safety,FALSE
voluntary,FALSE
expert,FALSE
management,FALSE
abbreviate,FALSE
spell,FALSE
style,FALSE
translate,FALSE
liability,FALSE
claim,TRUE
enforcement,FALSE
sector,TRUE
execution,FALSE
short,FALSE
simple,FALSE
quick,FALSE
computer,FALSE
music,FALSE
play,TRUE
#,FALSE
audio,FALSE
musical,FALSE
stand,FALSE
#,FALSE
#,FALSE
bonus,FALSE
archive,FALSE
accessible,FALSE
gallery,FALSE
track,TRUE
gallery,FALSE
magazine,FALSE
online,FALSE
year,TRUE
death,FALSE
issue,TRUE
ready,FALSE
set,TRUE
attendance,FALSE
#,FALSE
#,FALSE
day,FALSE
#,FALSE
#,FALSE
present,FALSE
extent,FALSE
combination,TRUE
mixture,FALSE
mix,FALSE
hierarchy,FALSE
zone,FALSE
county,TRUE
mark,TRUE
span,FALSE
kind,TRUE
degree,FALSE
coverage,FALSE
shipping,FALSE
logistic,FALSE
chemical,FALSE
engineering,FALSE
mechanical,FALSE
commonly,FALSE
generally,FALSE
normally,FALSE
capacity,TRUE
concern,TRUE
connect,FALSE
deal,TRUE
consistent,FALSE
consume,FALSE
entrust,FALSE
mass,FALSE
manufacture,FALSE
vessel,FALSE
container,TRUE
ocean,FALSE
hull,FALSE
container,FALSE
displacement,FALSE
extend,TRUE
determine,TRUE
manage,TRUE
#,FALSE
explain,FALSE
support,TRUE
maintain,TRUE
change,TRUE
examine,FALSE
choose,TRUE
consider,TRUE
regime,FALSE
declaration,TRUE
ballot,FALSE
invalid,FALSE
outline,TRUE
address,TRUE
establish,TRUE
highlight,FALSE
examine,FALSE
implication,FALSE
dimension,FALSE
sector,FALSE
economy,TRUE
sphere,FALSE
eye,FALSE
review,FALSE
monitor,FALSE
chart,FALSE
entire,FALSE
overall,FALSE
functional,FALSE
semantic,FALSE
whole,FALSE
digital,FALSE
dynamic,FALSE
share,TRUE
nature,TRUE
contract,TRUE
share,TRUE
email,TRUE
pass,TRUE
post,TRUE
intercept,FALSE
exchange,TRUE
private,FALSE
private,FALSE
enterprise,FALSE
client,TRUE
source,TRUE
contractor,FALSE
investor,FALSE
operator,FALSE
spectrum,FALSE
launch,FALSE
catalogue,FALSE
catalog,FALSE
on,FALSE
testing,FALSE
consider,TRUE
withdraw,FALSE
retain,FALSE
exploit,FALSE
advertising,FALSE
promotional,FALSE
failure,FALSE
death,FALSE
birth,FALSE
composition,FALSE
through,FALSE
regard,TRUE
support,TRUE
understanding,FALSE
to,FALSE
establishment,FALSE
formulation,FALSE
direction,FALSE
strengthen,FALSE
evolution,FALSE
utility,FALSE
public,FALSE
environmental,FALSE
fiscal,FALSE
image,TRUE
photo,FALSE
content,FALSE
visual,FALSE
video,FALSE
deploy,FALSE
instal,FALSE
buffer,FALSE
picture,FALSE
image,TRUE
frame,FALSE
map,FALSE
photo,FALSE
transfer,TRUE
flow,TRUE
convey,FALSE
pass,TRUE
come,TRUE
ex,FALSE
per,FALSE
#,FALSE
#,FALSE
#,FALSE
#,FALSE
#,FALSE
#,FALSE
#,FALSE
#,FALSE
#,FALSE
#,FALSE
#,FALSE
#,FALSE
#,FALSE
#,FALSE
fine,FALSE
penalty,FALSE
trip,FALSE
parking,FALSE
operate,TRUE
carrier,FALSE
airline,FALSE
dealing,FALSE
interaction,TRUE
communicating,FALSE
contact,TRUE
beyond,FALSE
since,FALSE
exclude,FALSE
announcement,FALSE
negotiation,TRUE
or,FALSE
school,FALSE
series,FALSE
plate,FALSE
Ace,FALSE
leaf,FALSE
print,FALSE
magazine,FALSE
newspaper,FALSE
equivalent,FALSE
keyboard,FALSE
band,FALSE
directory,FALSE
#,FALSE
#,FALSE
reissue,FALSE
#,FALSE
#,FALSE
#,FALSE
translation,FALSE
#,FALSE
#,FALSE
#,FALSE
#,FALSE
album,FALSE
programming,FALSE
play,TRUE
work,TRUE
entirety,TRUE
bid,FALSE
step,TRUE
encompasse,FALSE
produce,TRUE
collection,FALSE
register,FALSE
catalogue,FALSE
except,FALSE
compare,TRUE
diagram,FALSE
after,FALSE
plus,FALSE
cut,FALSE
base,FALSE
insurance,FALSE
before,FALSE
dash,FALSE
spelling,FALSE
last,FALSE
household,FALSE
pen,FALSE
inventory,FALSE
expense,FALSE
benefit,TRUE
effectiveness,FALSE
error,TRUE
report,TRUE
home,TRUE
career,FALSE
lifetime,FALSE
p,FALSE
framework,FALSE
incorporate,TRUE
employ,TRUE
utilize,FALSE
introduce,TRUE
propose,TRUE
develop,TRUE
design,TRUE
deliver,TRUE
manage,TRUE
implement,TRUE
strategy,FALSE
practice,FALSE
size,FALSE
job,FALSE
occupational,FALSE
workplace,FALSE
title,TRUE
qualification,FALSE
height,FALSE
length,FALSE
count,FALSE
0,FALSE
1000,FALSE
200,FALSE
50,FALSE
0,FALSE
10,FALSE
20,FALSE
80,FALSE
angle,FALSE
i,FALSE
edge,FALSE
x,FALSE
width,FALSE
TRUE,FALSE
high,FALSE
molecular,FALSE
human,FALSE
multi,FALSE
brain,FALSE
protein,FALSE
b,FALSE
r,FALSE
out,FALSE
back,TRUE
appear,TRUE
think,FALSE
presume,FALSE
analysis,TRUE
review,FALSE
history,FALSE
knowledge,TRUE
evaluation,FALSE
classification,FALSE
right,TRUE
wage,FALSE
norm,FALSE
sign,TRUE
treaty,FALSE
conduct,FALSE
custom,FALSE
restriction,FALSE
peace,FALSE
marriage,FALSE
war,FALSE
certificate,TRUE
target,FALSE
tailor,FALSE
circulation,FALSE
adoption,FALSE
packet,FALSE
signature,TRUE
negotiate,FALSE
trade,TRUE
back,TRUE
wrap,FALSE
draw,FALSE
pick,FALSE
look,FALSE
proprietary,FALSE
custom,FALSE
conjunction,FALSE
coordination,FALSE
partnership,TRUE
keep,TRUE
alignment,FALSE
accord,TRUE
association,FALSE
governance,FALSE
ACT,FALSE
icc,FALSE
gdp,FALSE
ip,FALSE
UN,FALSE
#,FALSE
EU,FALSE
London,FALSE
Metropolitan,FALSE
city,TRUE
mayor,FALSE
Croydon,FALSE
district,TRUE
westminster,FALSE
Greenwich,FALSE
town,TRUE
refer,TRUE
boundary,FALSE
boundary,FALSE
belong,FALSE
#,FALSE
border,FALSE
neighbourhood,FALSE
suburb,FALSE
ward,FALSE
neighborhood,TRUE
parish,FALSE
commune,FALSE
remnant,FALSE
estate,TRUE
precinct,FALSE
suburb,FALSE
north,FALSE
south,FALSE
independent,FALSE
outside,FALSE
west,TRUE
assembly,FALSE
county,FALSE
bridge,FALSE
borough,FALSE
municipality,FALSE
municipal,FALSE
party,FALSE
program,TRUE
House,FALSE
branch,FALSE
project,TRUE
command,FALSE
assignment,FALSE
discuss,FALSE
negative,FALSE
investigate,FALSE
resolve,FALSE
examine,FALSE
#,FALSE
#,FALSE
#,FALSE
#,FALSE
#,FALSE
#,FALSE
elect,FALSE
fail,TRUE
edit,FALSE
interpret,FALSE
examine,FALSE
scan,FALSE
copy,FALSE
assemble,FALSE
correction,FALSE
modification,TRUE
alteration,FALSE
adjustment,FALSE
unnecessary,FALSE
undertake,FALSE
country,TRUE
area,TRUE
building,TRUE
regional,FALSE
ieee,FALSE
rfc,FALSE
CO,FALSE
use,TRUE
win,FALSE
change,TRUE
have,FALSE
break,TRUE
hold,TRUE
perform,TRUE
sometimes,FALSE
while,FALSE
ball,FALSE
side,FALSE
man,TRUE
legge,FALSE
window,FALSE
switch,FALSE
offset,TRUE
decrease,TRUE
raise,TRUE
impact,TRUE
early,FALSE
soon,FALSE
close,FALSE
middle,FALSE
mid,FALSE
begin,TRUE
late,FALSE
end,TRUE
match,TRUE
chance,FALSE
odd,FALSE
front,FALSE
head,FALSE
own,FALSE
box,FALSE
head,TRUE
article,TRUE
stage,FALSE
version,TRUE
step,TRUE
volume,TRUE
phase,FALSE
textbook,FALSE
treatise,FALSE
discuss,TRUE
concern,FALSE
concept,TRUE
evaluate,FALSE
usable,FALSE
route,FALSE
choice,FALSE
hire,FALSE
earn,FALSE
financing,FALSE
calculate,TRUE
contain,TRUE
mandate,FALSE
restrict,FALSE
exact,FALSE
actual,FALSE
keep,TRUE
preserve,FALSE
clear,FALSE
satisfactory,FALSE
acceptable,FALSE
help,TRUE
make,TRUE
#,FALSE
#,FALSE
publishing,FALSE
support,FALSE
award,FALSE
situation,FALSE
expect,TRUE
choose,TRUE
trade,TRUE
main,FALSE
distribution,TRUE
deal,TRUE
deal,TRUE
drug,FALSE
adapt,FALSE
optional,FALSE
perform,TRUE
execute,TRUE
specialize,FALSE
internal,FALSE
automate,TRUE
satisfy,FALSE
merchant,FALSE
trader,FALSE
retailer,FALSE
consumer,FALSE
security,TRUE
supplement,FALSE
precursor,FALSE
treaty,FALSE
mechanism,FALSE
constitute,FALSE
reflect,FALSE
end,TRUE
recommend,FALSE
conversation,FALSE
dialogue,FALSE
consumer,TRUE
citizen,FALSE
parliament,FALSE
industry,FALSE
show,TRUE
present,TRUE
demonstrate,FALSE
mention,FALSE
several,FALSE
four,FALSE
#,FALSE
communication,TRUE
2008,FALSE
warning,FALSE
2012,FALSE
route,TRUE
connection,FALSE
call,TRUE
distance,FALSE
Australia,FALSE
Japan,FALSE
Washington,FALSE
China,FALSE
Russia,FALSE
Germany,FALSE
Moscow,FALSE
India,FALSE
France,FALSE
Canada,FALSE
tehran,FALSE
Iran,FALSE
Taiwan,FALSE
reach,TRUE
session,FALSE
carrier,FALSE
resource,FALSE
manager,FALSE
Model,FALSE
explicitly,FALSE
necessarily,FALSE
actually,FALSE
portion,FALSE
regard,TRUE
experimental,FALSE
edit,TRUE
replica,FALSE
paste,FALSE
convert,TRUE
configuration,FALSE
photograph,FALSE
picture,FALSE
donor,FALSE
intention,FALSE
subsequent,FALSE
immediate,FALSE
audience,FALSE
mostly,FALSE
alphabet,FALSE
panel,FALSE
choice,FALSE
guide,FALSE
equity,FALSE
price,FALSE
protection,FALSE
multitude,FALSE
couple,FALSE
suite,FALSE
handful,FALSE
lot,FALSE
score,FALSE
encryption,FALSE
route,FALSE
signal,FALSE
protocol,FALSE
store,FALSE
shop,FALSE
ability,TRUE
willingness,TRUE
desire,FALSE
intention,TRUE
readiness,FALSE
obligation,FALSE
capability,FALSE
duty,TRUE
task,TRUE
trade,TRUE
property,TRUE
local,FALSE
usd,FALSE
EC,FALSE
Euro,FALSE
freedom,FALSE
incentive,FALSE
retrieve,FALSE
ticket,FALSE
Carrier,FALSE
Protocol,FALSE
terminal,FALSE
amendment,FALSE
focus,TRUE
steering,FALSE
small,FALSE
joint,FALSE
task,FALSE
draft,FALSE
committee,FALSE
programme,FALSE
develop,FALSE
meet,TRUE
finding,FALSE
colleague,FALSE
expertise,FALSE
collaborator,FALSE
council,TRUE
community,FALSE
view,TRUE
serve,TRUE
marketing,FALSE
entry,FALSE
arrive,FALSE
learn,FALSE
retail,FALSE
#,FALSE
browser,FALSE
portal,FALSE
#,FALSE
site,TRUE
place,TRUE
find,TRUE
put,TRUE
distinguish,FALSE
phrase,FALSE
field,FALSE
plural,FALSE
pronunciation,FALSE
dialect,FALSE
agree,TRUE
teach,FALSE
late,FALSE
russian,FALSE
rf,FALSE
form,TRUE
response,FALSE
need,TRUE
facility,FALSE
call,TRUE
bill,FALSE
center,FALSE
reason,TRUE
petition,FALSE
suggest,FALSE
algorithm,TRUE
affiliate,FALSE
mathematical,FALSE
bit,TRUE
absolute,FALSE
observe,FALSE
average,FALSE
relative,FALSE
graph,FALSE
illustrate,TRUE
layout,FALSE
membership,FALSE
voter,FALSE
student,FALSE
registry,TRUE
rely,TRUE
count,TRUE
depend,TRUE
work,TRUE
vote,TRUE
switch,FALSE
comment,FALSE
turn,TRUE
map,TRUE
shift,FALSE
head,FALSE
curve,FALSE
turn,TRUE
move,FALSE
gateway,FALSE
depot,FALSE
warehouse,FALSE
#,FALSE
terminal,FALSE
load,TRUE
rate,TRUE
respectively,FALSE
path,FALSE
control,TRUE
coordinate,FALSE
typical,FALSE
rent,FALSE
additionally,FALSE
specifically,FALSE
therefore,FALSE
far,FALSE
second,FALSE
by,FALSE
current,FALSE
follow,TRUE
placement,FALSE
bank,TRUE
ministry,FALSE
court,FALSE
police,FALSE
railway,FALSE
trust,TRUE
governor,TRUE
airport,FALSE
port,FALSE
airline,FALSE
station,FALSE
railroad,FALSE
controller,FALSE
instrument,TRUE
advisor,FALSE
index,TRUE
Reserve,FALSE
#,FALSE
post,FALSE
x,FALSE
pre,FALSE
p,FALSE
s,FALSE
j,FALSE
u,FALSE
key,TRUE
enter,TRUE
occupy,FALSE
resemble,FALSE
accompany,FALSE
iphone,FALSE
funding,FALSE
manage,FALSE
gather,TRUE
submit,TRUE
prepare,TRUE
indicator,FALSE
sell,TRUE
declaration,FALSE
change,TRUE
freedom,FALSE
resolution,FALSE
application,TRUE
Scotland,FALSE
2011,FALSE
2009,FALSE
Act,FALSE
SEC,FALSE
constitution,FALSE
ABA,FALSE
nhs,FALSE
expand,TRUE
limit,TRUE
incorporate,TRUE
carry,TRUE
display,TRUE
chemical,FALSE
plant,FALSE
rare,FALSE
historical,FALSE
supplement,FALSE
confuse,FALSE
wide,FALSE
wale,FALSE
Ireland,FALSE
yorkshire,FALSE
England,FALSE
Gibraltar,FALSE
Netherlands,FALSE
Jersey,FALSE
Norway,FALSE
Italy,FALSE
kent,FALSE
iceland,FALSE
malta,FALSE
environmental,FALSE
equal,FALSE
Personnel,FALSE
copyright,FALSE
employment,FALSE
integrity,FALSE
recall,FALSE
privacy,FALSE
audit,FALSE
demand,FALSE
announce,FALSE
confirm,FALSE
take,TRUE
everyone,FALSE
note,TRUE
typical,FALSE
initial,FALSE
typically,FALSE
thereof,FALSE
right,FALSE
issue,TRUE
problem,TRUE
event,TRUE
book,TRUE
caller,FALSE
click,FALSE
comply,FALSE
align,FALSE
agree,FALSE
assembly,FALSE
sort,FALSE
dispatch,FALSE
agriculture,FALSE
two,FALSE
three,FALSE
small,FALSE
most,FALSE
normal,FALSE
edge,FALSE
corner,FALSE
integer,FALSE
dimensional,FALSE
hole,FALSE
column,FALSE
row,FALSE
substitute,FALSE
fill,FALSE
advise,FALSE
consideration,FALSE
risk,FALSE
take,TRUE
bring,TRUE
seek,TRUE
towards,FALSE
toward,FALSE
benefit,TRUE
risk,TRUE
differ,FALSE
stake,FALSE
#,FALSE
competition,FALSE
indication,FALSE
#,FALSE
genre,FALSE
note,TRUE
crucial,FALSE
vital,FALSE
suggest,TRUE
speaker,FALSE
viewer,FALSE
artist,FALSE
listener,FALSE
writer,FALSE
fulfill,FALSE
hold,TRUE
assume,FALSE
serve,TRUE
undertake,FALSE
diversity,FALSE
game,TRUE
song,FALSE
scenario,FALSE
variation,FALSE
Games,FALSE
trick,FALSE
Database,FALSE
disable,FALSE
retain,FALSE
restore,FALSE
remain,TRUE
add,TRUE
directory,FALSE
design,FALSE
#,FALSE
bear,FALSE
follow,TRUE
President,FALSE
president,TRUE
patron,FALSE
founder,FALSE
contestant,FALSE
incumbent,FALSE
behavior,FALSE
behaviour,FALSE
logic,FALSE
accuracy,FALSE
depend,TRUE
rely,TRUE
focus,TRUE
depend,TRUE
center,FALSE
rest,FALSE
build,TRUE
focus,FALSE
operate,TRUE
rely,TRUE
basis,TRUE
inability,FALSE
ability,FALSE
sensitivity,FALSE
database,TRUE
recognize,FALSE
interface,TRUE
॥,FALSE