#,FALSE
#,FALSE
#,FALSE
#,FALSE
#,FALSE
#,FALSE
#,FALSE
#,FALSE
#,FALSE
#,FALSE
#,FALSE
#,FALSE
#,FALSE
#,FALSE
#,FALSE
division,FALSE
company,FALSE
package,FALSE
team,TRUE
provider,FALSE
group,TRUE
program,TRUE
suite,FALSE
platform,FALSE
project,TRUE
unit,TRUE
vendor,FALSE
contract,FALSE
system,TRUE
supplier,FALSE
provide,TRUE
handle,TRUE
perform,TRUE
conduct,TRUE
manage,FALSE
oversee,FALSE
coordinate,FALSE
support,TRUE
undertake,FALSE
deliver,FALSE
lead,TRUE
run,TRUE
cover,TRUE
implement,TRUE
software,TRUE
system,TRUE
hardware,FALSE
computer,TRUE
it,TRUE
datum,TRUE
routine,FALSE
basic,FALSE
continuous,FALSE
product,FALSE
aircraft,FALSE
management,TRUE
engineering,TRUE
development,TRUE
design,TRUE
integration,FALSE
service,TRUE
security,TRUE
maintenance,TRUE
monitor,TRUE
component,TRUE
configuration,FALSE
analysis,TRUE
infrastructure,FALSE
installation,FALSE
repair,FALSE
technical,FALSE
operation,TRUE
upgrade,FALSE
operational,FALSE
service,TRUE
do,TRUE
achieve,TRUE
implement,TRUE
accomplish,FALSE
complete,TRUE
perform,TRUE
execute,FALSE
use,TRUE
build,TRUE
test,TRUE
deploy,FALSE
construct,FALSE
conduct,FALSE
undertake,FALSE
time,TRUE
hour,FALSE
schedule,TRUE
scope,FALSE
month,FALSE
day,FALSE
range,FALSE
hour,FALSE
year,TRUE
year,TRUE
budget,TRUE
minute,FALSE
space,TRUE
code,TRUE
experience,TRUE
capacity,FALSE
indefinitely,FALSE
execution,FALSE
order,TRUE
require,TRUE
operation,TRUE
derive,FALSE
take,TRUE
draw,TRUE
available,FALSE
obtain,TRUE
compile,FALSE
develop,TRUE
generate,FALSE
collect,FALSE
calculate,TRUE
source,TRUE
create,TRUE
adapt,FALSE
extract,FALSE
select,FALSE
extension,FALSE
alternative,FALSE
addition,FALSE
update,FALSE
interface,TRUE
amendment,FALSE
expansion,FALSE
application,TRUE
attachment,FALSE
advisor,FALSE
alternative,FALSE
answer,FALSE
acronym,FALSE
adaptation,FALSE
operate,TRUE
#,FALSE
#,FALSE
#,FALSE
#,FALSE
#,FALSE
#,FALSE
#,FALSE
center,FALSE
#,FALSE
base,TRUE
set,TRUE
model,TRUE
collection,TRUE
format,FALSE
structure,TRUE
recorder,FALSE
warehouse,FALSE
#,FALSE
library,FALSE
stream,FALSE
tool,TRUE
product,TRUE
equipment,TRUE
application,TRUE
documentation,TRUE
technology,TRUE
technology,TRUE
module,FALSE
provide,TRUE
maintain,TRUE
design,TRUE
deliver,FALSE
supply,TRUE
instal,FALSE
produce,FALSE
equip,FALSE
certify,FALSE
present,TRUE
efficiency,TRUE
accuracy,FALSE
precision,FALSE
speed,FALSE
quality,TRUE
standard,TRUE
performance,TRUE
reliability,FALSE
specification,TRUE
sensitivity,FALSE
result,TRUE
flexibility,FALSE
productivity,FALSE
standard,TRUE
regulation,TRUE
issue,TRUE
restriction,FALSE
requirement,TRUE
change,TRUE
limitation,FALSE
matter,FALSE
concern,FALSE
consideration,TRUE
question,FALSE
rule,TRUE
patent,FALSE
decision,FALSE
guideline,FALSE
associate,FALSE
deal,TRUE
concern,TRUE
compatible,FALSE
consistent,FALSE
involve,TRUE
relate,TRUE
connect,FALSE
align,FALSE
interfere,FALSE
inconsistent,FALSE
relate,TRUE
satisfy,FALSE
charge,FALSE
conflict,FALSE
high,FALSE
overall,FALSE
information,TRUE
high,FALSE
',FALSE
release,TRUE
play,FALSE
sign,TRUE
hold,FALSE
publish,FALSE
announce,FALSE
award,FALSE
determine,TRUE
elect,FALSE
issue,TRUE
replace,FALSE
reach,FALSE
include,TRUE
contain,TRUE
follow,TRUE
read,FALSE
#,FALSE
cover,TRUE
comprise,TRUE
include,TRUE
publish,FALSE
contain,TRUE
say,TRUE
#,FALSE
state,TRUE
customer,FALSE
contractor,FALSE
client,FALSE
user,TRUE
request,FALSE
firm,FALSE
server,FALSE
include,TRUE
involve,TRUE
contain,TRUE
comprise,TRUE
require,TRUE
incorporate,FALSE
specify,TRUE
mean,TRUE
constitute,FALSE
describe,TRUE
form,TRUE
number,TRUE
type,TRUE
variety,FALSE
category,FALSE
class,FALSE
combination,FALSE
subset,FALSE
type,TRUE
kind,FALSE
series,FALSE
list,TRUE
specific,FALSE
different,FALSE
relevant,FALSE
specify,FALSE
regulatory,FALSE
optional,FALSE
various,FALSE
need,TRUE
topic,FALSE
area,TRUE
aspect,FALSE
element,FALSE
objective,TRUE
goal,TRUE
problem,TRUE
parameter,FALSE
challenge,FALSE
include,TRUE
like,FALSE
use,TRUE
via,FALSE
multi,FALSE
low,FALSE
entry,FALSE
three,FALSE
two,FALSE
minimum,FALSE
sub,FALSE
top,FALSE
state,TRUE
mid,FALSE
level,TRUE
wide,FALSE
base,TRUE
define,TRUE
side,FALSE
independent,FALSE
dependent,FALSE
aware,FALSE
orient,FALSE
focus,FALSE
document,TRUE
report,TRUE
statement,TRUE
requirement,TRUE
specification,TRUE
audit,FALSE
check,FALSE
file,FALSE
plan,TRUE
item,FALSE
notice,FALSE
work,TRUE
process,TRUE
single,FALSE
resource,FALSE
satisfaction,FALSE
authorization,FALSE
assistance,FALSE
response,FALSE
relationship,FALSE
contact,FALSE
commitment,FALSE
function,TRUE
condition,TRUE
use,TRUE
carry,FALSE
provide,TRUE
feature,FALSE
offer,FALSE
operate,TRUE
incorporate,FALSE
utilize,FALSE
support,TRUE
house,FALSE
multitude,FALSE
host,FALSE
network,FALSE
couple,FALSE
array,FALSE
selection,FALSE
pair,FALSE
instrument,TRUE
sensor,TRUE
device,TRUE
camera,FALSE
experiment,TRUE
technique,TRUE
method,TRUE
model,TRUE
algorithm,FALSE
measurement,TRUE
instrumentation,TRUE
unit,TRUE
detect,TRUE
measure,TRUE
track,TRUE
monitor,FALSE
study,TRUE
identify,TRUE
analyze,FALSE
control,TRUE
observe,FALSE
determine,TRUE
sense,FALSE
capture,FALSE
record,TRUE
examine,FALSE
scan,FALSE
electron,FALSE
atom,FALSE
hydrogen,FALSE
ion,FALSE
charge,FALSE
energy,FALSE
charge,FALSE
oxygen,FALSE
neutral,FALSE
carbon,FALSE
nitrogen,FALSE
electron,FALSE
ion,FALSE
atomic,FALSE
particle,FALSE
#,FALSE
molecule,FALSE
#,FALSE
force,FALSE
gas,FALSE
matter,FALSE
compound,FALSE
object,TRUE
temperature,FALSE
protein,FALSE
radiation,FALSE
interaction,FALSE
surface,FALSE
nuclei,FALSE
environment,TRUE
area,TRUE
field,FALSE
environment,TRUE
atmosphere,TRUE
sr,FALSE
rf,FALSE
sms,FALSE
RS,FALSE
sp,FALSE
abs,FALSE
gps,FALSE
pr,FALSE
as,FALSE
SC,FALSE
iso,FALSE
NFC,FALSE
SAT,FALSE
part,TRUE
detail,TRUE
part,TRUE
name,FALSE
definition,TRUE
version,FALSE
calculation,FALSE
description,TRUE
outline,FALSE
summary,FALSE
implementation,TRUE
determination,FALSE
evaluation,FALSE
consist,FALSE
article,TRUE
follow,TRUE
website,FALSE
pdf,FALSE
formula,FALSE
source,FALSE
draft,FALSE
table,TRUE
internet,FALSE
instruction,FALSE
order,TRUE
message,FALSE
address,FALSE
address,FALSE
instruction,FALSE
message,FALSE
text,FALSE
report,FALSE
word,TRUE
speech,FALSE
give,TRUE
make,TRUE
adopt,FALSE
need,TRUE
record,TRUE
measure,FALSE
follow,FALSE
follow,TRUE
necessary,FALSE
follow,TRUE
simple,FALSE
appropriate,FALSE
per,FALSE
example,TRUE
instance,TRUE
simplicity,FALSE
comparison,FALSE
convenience,FALSE
testing,TRUE
simulation,FALSE
example,TRUE
evaluation,FALSE
new,FALSE
large,FALSE
multiple,FALSE
several,FALSE
automate,FALSE
many,FALSE
small,FALSE
additional,FALSE
numerical,FALSE
digital,FALSE
test,TRUE
experimental,FALSE
weather,FALSE
laboratory,TRUE
flight,TRUE
event,FALSE
satellite,TRUE
radar,FALSE
instrument,TRUE
sensor,FALSE
parameter,FALSE
reference,TRUE
image,TRUE
track,FALSE
set,TRUE
structure,TRUE
file,FALSE
point,TRUE
format,TRUE
frame,FALSE
table,TRUE
stream,FALSE
assemble,FALSE
reconstruct,FALSE
retrieve,FALSE
gather,FALSE
form,TRUE
actual,FALSE
expect,FALSE
exist,TRUE
desire,FALSE
original,FALSE
initial,FALSE
sample,TRUE
previous,FALSE
simulate,FALSE
observation,FALSE
observation,FALSE
measurement,TRUE
theoretical,FALSE
survey,FALSE
measure,TRUE
navigation,FALSE
model,TRUE
record,TRUE
output,FALSE
material,TRUE
evidence,FALSE
knowledge,TRUE
sample,FALSE
convert,FALSE
fit,TRUE
integrate,TRUE
transform,FALSE
combine,FALSE
load,FALSE
translate,FALSE
edit,FALSE
processing,TRUE
put,TRUE
incorporate,FALSE
place,TRUE
encode,FALSE
merge,FALSE
sort,FALSE
input,TRUE
result,TRUE
value,TRUE
content,FALSE
info,FALSE
correct,FALSE
exact,FALSE
correspond,FALSE
proper,FALSE
database,FALSE
statistical,FALSE
signal,FALSE
sequence,FALSE
value,TRUE
frame,FALSE
integrate,TRUE
incorporate,FALSE
feed,FALSE
enter,FALSE
convert,FALSE
insert,FALSE
put,TRUE
process,TRUE
transform,FALSE
add,FALSE
load,FALSE
fit,FALSE
#,FALSE
॥,FALSE
research,FALSE
article,FALSE
education,FALSE
art,FALSE
evidence,FALSE
book,FALSE
launch,TRUE
update,FALSE
ship,FALSE
launch,TRUE
start,TRUE
establishment,FALSE
completion,FALSE
start,TRUE
construction,FALSE
deployment,TRUE
begin,TRUE
target,FALSE
plan,TRUE
effective,FALSE
launch,TRUE
arrival,FALSE
departure,FALSE
site,FALSE
programme,TRUE
date,TRUE
vehicle,FALSE
method,TRUE
strategy,FALSE
activity,TRUE
capability,FALSE
duration,FALSE
location,FALSE
mission,TRUE
day,FALSE
position,FALSE
designation,FALSE
destination,FALSE
status,FALSE
special,FALSE
legal,FALSE
formal,FALSE
safety,FALSE
functional,FALSE
particular,FALSE
official,FALSE
reason,FALSE
factor,FALSE
incident,FALSE
risk,FALSE
case,TRUE
benefit,FALSE
complaint,FALSE
document,FALSE
number,TRUE
threat,FALSE
name,FALSE
applicable,FALSE
pertain,FALSE
apply,TRUE
assign,FALSE
apply,TRUE
specifically,FALSE
accord,TRUE
company,FALSE
business,TRUE
organization,TRUE
firm,FALSE
program,TRUE
website,FALSE
organisation,FALSE
vendor,FALSE
individual,TRUE
enterprise,FALSE
project,TRUE
user,TRUE
corporation,FALSE
use,TRUE
operate,TRUE
maintain,TRUE
develop,TRUE
access,FALSE
install,FALSE
administer,FALSE
utilize,TRUE
receive,FALSE
airport,FALSE
app,FALSE
it,FALSE
NASA,FALSE
they,FALSE
we,FALSE
this,FALSE
engineer,FALSE
you,FALSE
he,FALSE
these,FALSE
she,FALSE
researcher,FALSE
supply,FALSE
submit,FALSE
send,TRUE
transfer,TRUE
present,TRUE
transmit,FALSE
contribute,FALSE
assign,FALSE
delegate,FALSE
apply,TRUE
bring,FALSE
distribute,FALSE
training,FALSE
advance,FALSE
detail,FALSE
sophisticated,FALSE
scientific,FALSE
facility,FALSE
capability,FALSE
resource,TRUE
power,FALSE
expertise,FALSE
preparation,FALSE
advance,FALSE
return,FALSE
exchange,FALSE
mind,FALSE
place,TRUE
parallel,FALSE
India,FALSE
readiness,FALSE
conjunction,FALSE
final,FALSE
next,FALSE
ground,FALSE
Mars,FALSE
future,FALSE
orbital,FALSE
subsequent,FALSE
full,FALSE
plan,TRUE
impact,FALSE
environmental,FALSE
atmospheric,FALSE
material,FALSE
trajectory,FALSE
acquisition,FALSE
gather,FALSE
handle,FALSE
transmission,FALSE
share,FALSE
recovery,FALSE
storage,FALSE
generation,FALSE
phase,TRUE
phase,TRUE
mission,TRUE
task,FALSE
flight,TRUE
function,TRUE
basis,TRUE
scale,FALSE
framework,FALSE
way,FALSE
fee,FALSE
meet,TRUE
fulfill,FALSE
satisfy,FALSE
match,FALSE
suit,FALSE
accommodate,FALSE
reflect,FALSE
achieve,TRUE
computational,FALSE
research,TRUE
logistic,FALSE
condition,TRUE
criterion,FALSE
agreement,TRUE
accordance,FALSE
compliance,FALSE
comply,FALSE
meet,FALSE
#,FALSE
#,FALSE
coordination,FALSE
se,FALSE
consultation,FALSE
collaboration,FALSE
#,FALSE
deal,TRUE
project,TRUE
be,FALSE
when,FALSE
team,FALSE
not,FALSE
also,FALSE
be,FALSE
program,FALSE
if,FALSE
be,FALSE
indicate,FALSE
denote,FALSE
use,TRUE
define,TRUE
include,TRUE
represent,TRUE
give,TRUE
find,TRUE
non,FALSE
semi,FALSE
Non,FALSE
quasi,FALSE
pseudo,FALSE
y,FALSE
brand,FALSE
domain,FALSE
near,FALSE
bi,FALSE
context,FALSE
member,TRUE
district,FALSE
party,FALSE
constituency,FALSE
column,FALSE
winner,FALSE
season,FALSE
candidate,FALSE
club,FALSE
the,FALSE
all,FALSE
#,FALSE
frequency,FALSE
wavelength,FALSE
temperature,FALSE
size,FALSE
distance,FALSE
pH,FALSE
upper,FALSE
voltage,FALSE
constant,FALSE
spectrum,FALSE
band,FALSE
limit,TRUE
density,FALSE
region,TRUE
distribution,FALSE
regime,FALSE
conservation,FALSE
horizon,FALSE
be,FALSE
test,TRUE
a,FALSE
consider,TRUE
formulate,FALSE
evaluate,FALSE
choose,FALSE
interpret,FALSE
write,FALSE
manner,FALSE
fashion,FALSE
language,FALSE
case,TRUE
sentence,FALSE
detail,FALSE
word,TRUE
book,TRUE
term,TRUE
relation,FALSE
criterion,FALSE
property,FALSE
variable,TRUE
concept,TRUE
problem,TRUE
ask,FALSE
prepare,FALSE
substitute,FALSE
valid,FALSE
period,FALSE
amount,FALSE
delay,FALSE
age,FALSE
labor,FALSE
leave,FALSE
allow,TRUE
allot,FALSE
remain,FALSE
permit,FALSE
complete,TRUE
begin,TRUE
undergo,FALSE
execute,FALSE
initiate,FALSE
accomplish,TRUE
continue,FALSE
commence,FALSE
finish,FALSE
task,FALSE
assignment,FALSE
assessment,FALSE
long,FALSE
maximum,FALSE
least,FALSE
long,FALSE
length,FALSE
well,FALSE
long,FALSE
one,TRUE
release,FALSE
communicate,TRUE
reveal,FALSE
publish,FALSE
convey,FALSE
offer,TRUE
give,TRUE
guidance,FALSE
feedback,FALSE
testimony,FALSE
answer,FALSE
medical,FALSE
academic,FALSE
science,TRUE
international,FALSE
scholarly,FALSE
human,FALSE
local,FALSE
astronomical,FALSE
lab,FALSE
general,FALSE
intelligence,FALSE
community,TRUE
public,TRUE
community,TRUE
press,FALSE
industry,FALSE
world,TRUE
medium,FALSE
professional,FALSE
sector,FALSE
department,FALSE
agency,FALSE
laboratory,TRUE
authority,FALSE
population,FALSE
society,FALSE
populace,FALSE
government,TRUE
reader,FALSE
audience,FALSE
profession,FALSE
public,FALSE
exceed,FALSE
end,TRUE
occur,FALSE
come,FALSE
extend,TRUE
change,TRUE
last,FALSE
exist,FALSE
remain,FALSE
pass,FALSE
week,TRUE
decade,FALSE
month,FALSE
second,FALSE
time,TRUE
hour,FALSE
quarter,FALSE
week,TRUE
period,FALSE
step,TRUE
death,FALSE
retirement,FALSE
measure,TRUE
protocol,FALSE
flaw,FALSE
bug,FALSE
identify,TRUE
list,TRUE
along,FALSE
meet,TRUE
#,FALSE
defense,FALSE
defence,FALSE
command,FALSE
attack,FALSE
surveillance,FALSE
combat,FALSE
#,FALSE
protection,FALSE
transport,FALSE
key,FALSE
major,FALSE
important,FALSE
critical,FALSE
main,FALSE
primary,FALSE
principal,FALSE
component,TRUE
characteristic,FALSE
attribute,FALSE
indicator,FALSE
variable,TRUE
consider,TRUE
address,TRUE
assess,TRUE
examine,FALSE
study,TRUE
design,TRUE
develop,TRUE
evaluate,TRUE
run,TRUE
implement,TRUE
create,TRUE
build,TRUE
maintain,TRUE
analyze,FALSE
review,FALSE
manage,FALSE
instal,FALSE
consider,TRUE
stability,FALSE
availability,FALSE
compatibility,FALSE
cost,TRUE
complexity,FALSE
consistency,FALSE
validity,FALSE
integrity,FALSE
world,TRUE
instance,TRUE
class,TRUE
virtual,FALSE
machine,FALSE
layer,FALSE
scenario,FALSE
entity,FALSE
describe,TRUE
mention,FALSE
outline,TRUE
discuss,FALSE
state,TRUE
reference,FALSE
integrate,FALSE
internal,FALSE
enterprise,FALSE
individual,FALSE
advanced,FALSE
underlie,FALSE
individual,FALSE
xml,FALSE
application,FALSE
abstract,FALSE
define,TRUE
understand,FALSE
represent,TRUE
explain,TRUE
explicitly,FALSE
integrate,TRUE
evaluate,FALSE
organize,FALSE
core,FALSE
possible,FALSE
seven,FALSE
property,FALSE
pattern,FALSE
find,TRUE
represent,TRUE
embed,FALSE
store,FALSE
machine,FALSE
device,TRUE
enterprise,FALSE
entity,FALSE
facility,FALSE
division,FALSE
unit,FALSE
Police,FALSE
term,TRUE
purpose,TRUE
ease,TRUE
article,FALSE
reason,FALSE
freedom,FALSE
purpose,FALSE
classification,FALSE
search,FALSE
identification,TRUE
purchase,FALSE
transportation,FALSE
usage,FALSE
reproduction,FALSE
list,TRUE
search,TRUE
show,TRUE
summarize,FALSE
illustrate,FALSE
display,FALSE
precede,FALSE
adjacent,FALSE
accompany,FALSE
section,TRUE
section,TRUE
§,FALSE
page,FALSE
award,FALSE
management,FALSE
level,TRUE
meet,TRUE
describe,TRUE
implement,TRUE
outline,FALSE
extend,TRUE
establish,FALSE
need,TRUE
architecture,FALSE
distribute,FALSE
spacecraft,FALSE
payload,TRUE
communication,FALSE
communication,FALSE
station,FALSE
record,TRUE
image,FALSE
layer,FALSE
source,FALSE
rule,TRUE
step,TRUE
provision,FALSE
question,FALSE
clause,FALSE
proposition,FALSE
step,FALSE
section,TRUE
schedule,FALSE
table,FALSE
rule,FALSE
level,FALSE
chapter,FALSE
procedure,TRUE
formula,FALSE
letter,FALSE
d,FALSE
b,FALSE
c,FALSE
employ,FALSE
establish,FALSE
verify,TRUE
ensure,TRUE
show,TRUE
prove,FALSE
confirm,FALSE
assure,FALSE
demonstrate,FALSE
indicate,TRUE
establish,TRUE
find,TRUE
see,TRUE
conclude,FALSE
threshold,FALSE
objective,TRUE
goal,TRUE
demand,FALSE
challenge,FALSE
fulfil,FALSE
pass,FALSE
violate,FALSE
verify,FALSE
approve,FALSE
cost,FALSE
issue,TRUE
controversy,FALSE
uncertainty,FALSE
importance,FALSE
difficulty,FALSE
deal,TRUE
agree,FALSE
agree,FALSE
introduction,FALSE
adoption,FALSE
creation,FALSE
centre,FALSE
figure,FALSE
chart,FALSE
paragraph,FALSE
discussion,FALSE
equation,FALSE
mass,TRUE
weight,FALSE
force,FALSE
pressure,FALSE
magnetic,FALSE
equivalent,FALSE
#,FALSE
chemical,FALSE
fraction,FALSE
difference,FALSE
electric,FALSE
positive,FALSE
nominal,FALSE
total,FALSE
metallic,FALSE
molecular,FALSE
negative,FALSE
surface,FALSE
nuclear,FALSE
electrical,FALSE
volume,FALSE
magnitude,FALSE
cell,FALSE
nucleus,FALSE
square,FALSE
point,TRUE
p,FALSE
v,FALSE
kg,FALSE
q,FALSE
mg,FALSE
n,FALSE
j,FALSE
t,FALSE
testing,TRUE
performance,TRUE
maintenance,FALSE
control,TRUE
support,TRUE
•,FALSE
protection,FALSE
operation,TRUE
perform,TRUE
perform,TRUE
complete,FALSE
perform,TRUE
basic,FALSE
any,FALSE
part,TRUE
test,TRUE
portion,FALSE
reactor,FALSE
robot,FALSE
engine,FALSE
plant,FALSE
external,FALSE
adequate,FALSE
specialize,FALSE
modification,TRUE
inspection,FALSE
supervision,FALSE
manual,FALSE
electronic,FALSE
diagnostic,FALSE
analytical,FALSE
detection,FALSE
procedure,TRUE
setting,FALSE
#,FALSE
experiment,TRUE
rocket,FALSE
module,FALSE
cluster,FALSE
capsule,FALSE
bay,FALSE
pod,FALSE
kit,FALSE
#,FALSE
carry,TRUE
fly,TRUE
place,TRUE
locate,FALSE
mount,FALSE
operate,TRUE
embark,FALSE
mission,FALSE
ready,FALSE
commission,FALSE
introduce,FALSE
fly,TRUE
start,TRUE
compare,FALSE
similar,FALSE
prior,FALSE
relative,FALSE
close,FALSE
similarly,FALSE
conform,FALSE
adjust,FALSE
due,FALSE
identical,FALSE
plan,TRUE
edition,FALSE
date,TRUE
#,FALSE
#,FALSE
rom,FALSE
UK,FALSE
cd,FALSE
USA,FALSE
file,FALSE
US,FALSE
ID,FALSE
report,FALSE
s,FALSE
EP,FALSE
10,FALSE
1,FALSE
principle,FALSE
rule,TRUE
problem,TRUE
word,TRUE
program,FALSE
system,FALSE
right,FALSE
language,FALSE
part,FALSE
law,FALSE
operation,FALSE
programming,FALSE
sheet,FALSE
link,FALSE
cause,FALSE
pose,FALSE
create,TRUE
reduce,FALSE
introduce,FALSE
penalty,FALSE
damage,FALSE
taxis,FALSE
sanction,FALSE
liability,FALSE
harm,FALSE
damage,FALSE
payment,FALSE
life,FALSE
people,FALSE
health,FALSE
person,FALSE
person,FALSE
human,FALSE
business,TRUE
live,FALSE
land,FALSE
man,FALSE
cargo,FALSE
vehicle,TRUE
personnel,FALSE
machinery,FALSE
installation,FALSE
military,FALSE
administration,FALSE
essential,FALSE
right,FALSE
functionality,FALSE
algorithm,FALSE
consideration,TRUE
useful,FALSE
helpful,FALSE
node,FALSE
element,TRUE
code,TRUE
digit,FALSE
line,FALSE
entry,FALSE
search,FALSE
sequence,FALSE
map,FALSE
label,FALSE
#,FALSE
end,TRUE
terminate,FALSE
start,TRUE
zero,FALSE
center,TRUE
arrive,FALSE
value,TRUE
serve,FALSE
help,FALSE
appear,FALSE
tend,TRUE
attempt,FALSE
seem,TRUE
fail,FALSE
locate,TRUE
mark,FALSE
generate,FALSE
identify,TRUE
label,FALSE
identify,TRUE
understanding,TRUE
on,FALSE
see,TRUE
note,TRUE
show,TRUE
show,TRUE
know,TRUE
learn,FALSE
probability,FALSE
factor,FALSE
transaction,FALSE
situation,FALSE
quantity,FALSE
tailor,FALSE
link,FALSE
attach,FALSE
extend,TRUE
certain,FALSE
release,TRUE
update,FALSE
archive,FALSE
retrieve,FALSE
since,FALSE
0,FALSE
r,FALSE
2,FALSE
those,FALSE
name,FALSE
letter,FALSE
track,FALSE
image,FALSE
often,FALSE
line,FALSE
product,TRUE
material,TRUE
record,FALSE
property,FALSE
instrument,TRUE
model,TRUE
substance,FALSE
reference,TRUE
link,FALSE
note,FALSE
letter,FALSE
similarity,FALSE
citation,FALSE
similarity,FALSE
suffix,FALSE
content,FALSE
name,FALSE
origin,FALSE
author,FALSE
author,FALSE
specie,FALSE
source,TRUE
parent,FALSE
note,TRUE
compare,FALSE
also,FALSE
except,FALSE
figure,FALSE
page,FALSE
battery,FALSE
cable,FALSE
telephone,FALSE
radio,FALSE
transmitter,FALSE
switch,FALSE
printer,FALSE
phone,FALSE
receiver,FALSE
channel,FALSE
language,FALSE
category,FALSE
edition,FALSE
region,FALSE
volume,FALSE
library,TRUE
country,FALSE
department,FALSE
group,TRUE
version,FALSE
regulation,FALSE
in,FALSE
map,FALSE
agent,FALSE
organ,FALSE
divide,TRUE
organize,FALSE
group,TRUE
separate,FALSE
split,TRUE
classify,FALSE
subdivide,FALSE
arrange,FALSE
break,FALSE
categorize,FALSE
organise,FALSE
structure,TRUE
sort,FALSE
assembly,FALSE
call,TRUE
term,TRUE
usually,FALSE
typically,FALSE
essentially,FALSE
name,TRUE
dub,FALSE
network,FALSE
node,FALSE
committee,FALSE
committee,FALSE
consortium,FALSE
group,FALSE
organization,FALSE
laboratory,TRUE
engineer,FALSE
enable,TRUE
produce,TRUE
select,FALSE
noise,FALSE
emission,FALSE
thrust,FALSE
error,FALSE
emission,FALSE
load,FALSE
risk,FALSE
stress,FALSE
interchange,FALSE
tool,FALSE
utilize,FALSE
usable,FALSE
assembly,FALSE
characterization,FALSE
separation,FALSE
certification,TRUE
preserve,FALSE
obtain,TRUE
hold,FALSE
keep,FALSE
collect,FALSE
description,FALSE
history,FALSE
investigation,FALSE
the,FALSE
and,FALSE
of,FALSE
to,FALSE
in,FALSE
#,FALSE
initiative,FALSE
approach,FALSE
allow,FALSE
facilitate,FALSE
involve,TRUE
feature,TRUE
work,TRUE
interaction,FALSE
collaborate,FALSE
cooperation,FALSE
interact,FALSE
consulting,FALSE
coordinate,FALSE
engage,FALSE
cluster,FALSE
chip,FALSE
design,TRUE
predict,FALSE
assess,TRUE
wireless,FALSE
packet,FALSE
global,FALSE
quantum,FALSE
delivery,FALSE
retention,FALSE
extraction,FALSE
flow,FALSE
member,TRUE
majority,FALSE
employee,FALSE
student,FALSE
staff,FALSE
participant,FALSE
officer,FALSE
rest,FALSE
leader,FALSE
graduate,FALSE
developer,FALSE
researcher,TRUE
#,FALSE
association,FALSE
family,FALSE
tasked,FALSE
busy,FALSE
engage,FALSE
occupy,FALSE
familiar,FALSE
experience,TRUE
entrust,FALSE
train,FALSE
responsible,FALSE
memory,FALSE
java,FALSE
mining,FALSE
development,TRUE
grade,FALSE
qualification,FALSE
course,FALSE
opportunity,FALSE
qualification,FALSE
job,FALSE
position,FALSE
workshop,FALSE
responsibility,FALSE
#,FALSE
#,FALSE
conversion,FALSE
option,FALSE
interface,TRUE
store,FALSE
compute,FALSE
provide,TRUE
image,TRUE
other,FALSE
satellite,TRUE
orbit,FALSE
imagery,FALSE
explain,FALSE
cover,TRUE
express,FALSE
segment,FALSE
variant,FALSE
copy,FALSE
sheet,FALSE
item,FALSE
require,TRUE
warrant,FALSE
deserve,FALSE
merit,FALSE
attention,FALSE
approval,FALSE
care,FALSE
permission,FALSE
action,FALSE
treatment,FALSE
modification,FALSE
regulation,FALSE
stage,FALSE
moment,TRUE
definition,TRUE
equation,FALSE
column,FALSE
belong,FALSE
add,TRUE
belong,FALSE
correspond,FALSE
belong,FALSE
refer,TRUE
belong,FALSE
contribute,FALSE
allocate,FALSE
layout,FALSE
title,FALSE
object,TRUE
symbol,FALSE
successful,FALSE
detect,FALSE
discover,FALSE
capture,FALSE
encounter,FALSE
cite,FALSE
note,TRUE
document,TRUE
priority,FALSE
select,FALSE
assess,TRUE
construct,FALSE
establish,FALSE
organize,TRUE
examine,FALSE
character,FALSE
skill,FALSE
combine,FALSE
phenomenon,FALSE
quantity,FALSE
make,TRUE
make,TRUE
make,TRUE
take,TRUE
back,TRUE
head,FALSE
power,TRUE
light,FALSE
build,TRUE
line,FALSE
take,TRUE
complex,FALSE
apparatus,FALSE
study,TRUE
investigation,FALSE
volume,FALSE
page,FALSE
article,TRUE
title,FALSE
phase,TRUE
overview,TRUE
examination,FALSE
explanation,FALSE
account,FALSE
interpretation,FALSE
arrangement,FALSE
index,FALSE
principle,FALSE
concept,TRUE
process,TRUE
form,TRUE
certificate,FALSE
statement,TRUE
decision,FALSE
report,TRUE
set,TRUE
terminology,FALSE
methodology,FALSE
registration,FALSE
Act,FALSE
law,TRUE
legislation,FALSE
code,FALSE
act,FALSE
fee,FALSE
arrangement,FALSE
mechanism,FALSE
child,FALSE
solution,FALSE
car,FALSE
verb,FALSE
unknown,FALSE
key,FALSE
review,FALSE
decision,FALSE
select,FALSE
other,FALSE
overall,FALSE
administrative,FALSE
direct,FALSE
health,FALSE
additional,FALSE
make,FALSE
improvement,FALSE
choice,FALSE
drawing,FALSE
contribution,TRUE
recommendation,FALSE
error,FALSE
initiate,FALSE
occur,TRUE
education,FALSE
organizational,FALSE
technological,FALSE
architectural,FALSE
school,FALSE
some,FALSE
common,FALSE
general,FALSE
typical,FALSE
mathematical,FALSE
two,FALSE
#,FALSE
#,FALSE
#,FALSE
#,FALSE
#,FALSE
government,FALSE
entire,FALSE
online,FALSE
professional,FALSE
teacher,FALSE
faculty,FALSE
director,FALSE
team,FALSE
professor,FALSE
student,FALSE
institute,FALSE
premise,FALSE
go,TRUE
screen,FALSE
campus,FALSE
planet,FALSE
board,FALSE
premise,FALSE
disk,FALSE
shelf,FALSE
right,FALSE
exposure,TRUE
respect,FALSE
contribution,TRUE
responsibility,FALSE
central,FALSE
centralize,FALSE
commercial,FALSE
remote,FALSE
national,FALSE
proprietary,FALSE
mobile,FALSE
secure,FALSE
penetrate,FALSE
break,TRUE
archive,FALSE
control,TRUE
transmit,FALSE
execute,FALSE
note,TRUE
source,TRUE
specifically,FALSE
currently,FALSE
2014,FALSE
2009,FALSE
2013,FALSE
2015,FALSE
2011,FALSE
2012,FALSE
high,FALSE
multi,FALSE
top,FALSE
three,FALSE
entry,FALSE
sub,FALSE
low,FALSE
base,TRUE
fund,FALSE
goal,FALSE
challenge,FALSE
assessment,FALSE
target,FALSE
Model,FALSE
combine,FALSE
supplement,FALSE
supersede,FALSE
formulation,FALSE
publication,FALSE
production,FALSE
draft,FALSE
state,TRUE
National,FALSE
second,FALSE
next,FALSE
base,TRUE
28,FALSE
30,FALSE
29,FALSE
23,FALSE
15,FALSE
14,FALSE
31,FALSE
20,FALSE
21,FALSE
22,FALSE
27,FALSE
19,FALSE
number,TRUE
version,TRUE
Band,FALSE
absorption,FALSE
infrare,FALSE
observe,FALSE
scatter,FALSE
optical,FALSE
spectral,FALSE
fusion,FALSE
flux,FALSE
concentration,FALSE
mobility,FALSE
beam,FALSE
potential,FALSE
affinity,FALSE
energy,TRUE
absolute,FALSE
resolution,FALSE
band,FALSE
work,TRUE
thing,FALSE
essay,FALSE
play,FALSE
poem,FALSE
specie,FALSE
work,TRUE
song,FALSE
feature,FALSE
story,FALSE
goal,TRUE
2000,FALSE
encode,FALSE
denote,FALSE
emphasize,FALSE
suggest,FALSE
imply,FALSE
say,TRUE
express,FALSE
transaction,FALSE
asset,FALSE
provision,FALSE
good,FALSE
request,FALSE