term,TRUE
requirement,TRUE
right,TRUE
rule,TRUE
standard,TRUE
condition,TRUE
#,FALSE
need,TRUE
criterion,TRUE
law,TRUE
goal,FALSE
norm,FALSE
procedure,TRUE
characteristic,TRUE
policy,TRUE
limitation,TRUE
benefit,TRUE
restriction,TRUE
advantage,FALSE
challenge,FALSE
constraint,TRUE
cost,TRUE
risk,TRUE
obligation,FALSE
responsibility,TRUE
limit,TRUE
find,TRUE
observe,TRUE
include,TRUE
inherent,FALSE
see,TRUE
meet,TRUE
reflect,TRUE
apply,TRUE
present,FALSE
use,TRUE
follow,TRUE
require,TRUE
place,TRUE
set,TRUE
establish,TRUE
datum,TRUE
information,TRUE
file,TRUE
content,TRUE
knowledge,TRUE
datum,FALSE
resource,TRUE
database,TRUE
time,TRUE
medium,TRUE
image,TRUE
power,TRUE
share,TRUE
quality,TRUE
access,TRUE
privacy,FALSE
protection,TRUE
service,TRUE
transfer,TRUE
acquisition,TRUE
use,TRUE
provider,TRUE
disclosure,FALSE
management,TRUE
collection,TRUE
license,TRUE
vendor,FALSE
agreement,TRUE
system,TRUE
protocol,TRUE
policy,TRUE
program,TRUE
agreement,TRUE
plan,TRUE
tool,TRUE
effort,TRUE
negotiate,FALSE
enforce,FALSE
implement,TRUE
share,TRUE
make,TRUE
sign,TRUE
reach,TRUE
agree,TRUE
develop,TRUE
discuss,TRUE
file,TRUE
technology,TRUE
software,TRUE
cloud,FALSE
different,FALSE
consumer,TRUE
provider,TRUE
user,TRUE
vendor,FALSE
manufacturer,FALSE
supplier,TRUE
company,TRUE
producer,FALSE
carrier,FALSE
customer,TRUE
developer,TRUE
retailer,FALSE
owner,FALSE
buyer,FALSE
source,TRUE
therefore,FALSE
#,FALSE
service,TRUE
#,FALSE
document,TRUE
statement,TRUE
report,TRUE
set,TRUE
readily,FALSE
freely,FALSE
make,TRUE
publicly,FALSE
make,TRUE
keep,TRUE
easily,FALSE
make,TRUE
immediately,FALSE
widely,FALSE
provide,TRUE
also,FALSE
put,TRUE
individual,FALSE
potential,FALSE
end,TRUE
digital,FALSE
operator,TRUE
professional,TRUE
subscriber,FALSE
administrator,TRUE
mean,TRUE
method,TRUE
method,TRUE
way,TRUE
medium,TRUE
source,TRUE
mechanism,TRUE
mechanism,TRUE
amount,TRUE
standard,TRUE
format,TRUE
transaction,FALSE
regulation,TRUE
product,TRUE
technology,TRUE
contract,TRUE
available,FALSE
necessary,FALSE
applicable,FALSE
possible,FALSE
group,FALSE
Institute,FALSE
project,FALSE
center,FALSE
foundation,FALSE
project,TRUE
corporation,FALSE
consortium,FALSE
laboratory,FALSE
library,FALSE
program,FALSE
Commission,FALSE
committee,FALSE
program,TRUE
lab,FALSE
collect,TRUE
create,TRUE
store,TRUE
generate,TRUE
analyze,TRUE
process,TRUE
design,TRUE
identify,TRUE
produce,TRUE
organize,TRUE
document,TRUE
catalog,FALSE
develop,TRUE
manage,TRUE
record,TRUE
preserve,TRUE
maintain,TRUE
share,TRUE
catalogue,FALSE
publish,TRUE
distribute,TRUE
update,TRUE
interpret,FALSE
compare,TRUE
edit,TRUE
xml,FALSE
relevant,FALSE
electronic,FALSE
new,FALSE
scientific,FALSE
issue,TRUE
matter,TRUE
role,TRUE
strategy,TRUE
relation,TRUE
decision,TRUE
committee,TRUE
force,TRUE
concern,TRUE
deal,TRUE
vary,TRUE
comply,FALSE
agree,TRUE
deal,TRUE
correspond,TRUE
conflict,FALSE
deal,TRUE
help,TRUE
differ,TRUE
begin,TRUE
overlap,FALSE
assist,FALSE
coincide,FALSE
align,FALSE
question,TRUE
uncertainty,FALSE
detail,TRUE
factor,TRUE
consideration,TRUE
regard,TRUE
involve,TRUE
concern,TRUE
affect,TRUE
#,FALSE
aspect,TRUE
element,TRUE
resource,TRUE
personnel,TRUE
influence,FALSE
actor,FALSE
variable,TRUE
stakeholder,TRUE
entity,TRUE
agency,TRUE
process,TRUE
deal,TRUE
concern,TRUE
involve,TRUE
associate,TRUE
interact,FALSE
interfere,FALSE
agree,TRUE
compliance,TRUE
work,TRUE
connect,FALSE
familiar,FALSE
organization,TRUE
organisation,TRUE
operation,TRUE
operation,TRUE
organization,TRUE
organization,FALSE
work,TRUE
military,FALSE
movement,TRUE
training,FALSE
activity,TRUE
mission,FALSE
leadership,TRUE
organizational,FALSE
include,TRUE
administrative,FALSE
operational,FALSE
staff,TRUE
agency,TRUE
political,FALSE
development,TRUE
structure,TRUE
safety,TRUE
selection,TRUE
security,TRUE
readiness,FALSE
administration,TRUE
governance,FALSE
performance,TRUE
efficiency,FALSE
equipment,TRUE
capability,TRUE
infrastructure,TRUE
material,TRUE
technical,FALSE
support,TRUE
financial,FALSE
system,TRUE
certification,FALSE
implementation,TRUE
approach,TRUE
competition,FALSE
programme,FALSE
locally,FALSE
internationally,FALSE
national,FALSE
state,TRUE
country,TRUE
industry,TRUE
international,FALSE
community,TRUE
model,TRUE
regional,FALSE
geographically,FALSE
base,TRUE
free,FALSE
orient,TRUE
neutral,FALSE
drive,TRUE
specific,FALSE
independent,FALSE
level,TRUE
#,FALSE
#,FALSE
build,TRUE
dependent,FALSE
guideline,TRUE
principle,TRUE
code,TRUE
standard,FALSE
practice,TRUE
objective,TRUE
case,TRUE
instance,TRUE
country,TRUE
jurisdiction,FALSE
state,TRUE
situation,TRUE
area,TRUE
circumstance,FALSE
contexts,FALSE
market,TRUE
way,TRUE
form,TRUE
place,TRUE
region,TRUE
application,TRUE
include,TRUE
allow,TRUE
contain,TRUE
provide,TRUE
involve,TRUE
enable,TRUE
comprise,TRUE
require,TRUE
represent,TRUE
identify,TRUE
support,TRUE
permit,TRUE
recognize,FALSE
list,TRUE
individual,TRUE
business,TRUE
department,TRUE
people,TRUE
client,TRUE
person,FALSE
employee,TRUE
group,TRUE
agent,TRUE
server,FALSE
operate,TRUE
locate,TRUE
contain,TRUE
embed,FALSE
register,TRUE
reside,FALSE
incorporate,TRUE
participate,FALSE
exist,TRUE
list,TRUE
house,FALSE
provide,TRUE
receive,TRUE
obtain,TRUE
request,TRUE
exchange,TRUE
need,TRUE
offer,TRUE
retain,TRUE
customer,TRUE
user,TRUE
additional,FALSE
traffic,TRUE
call,TRUE
local,FALSE
assurance,TRUE
control,TRUE
improvement,TRUE
accounting,FALSE
relate,FALSE
audit,FALSE
depend,TRUE
update,TRUE
focus,TRUE
feedback,FALSE
advice,FALSE
base,TRUE
credit,FALSE
directly,FALSE
claim,TRUE
product,TRUE
service,FALSE
solution,TRUE
function,TRUE
functionality,FALSE
send,TRUE
deliver,TRUE
submit,FALSE
supply,FALSE
contribute,TRUE
send,TRUE
give,TRUE
post,TRUE
donate,TRUE
bring,TRUE
report,TRUE
receive,TRUE
assign,TRUE
goal,TRUE
objective,TRUE
purpose,TRUE
aim,TRUE
focus,TRUE
vision,FALSE
intent,TRUE
mandate,FALSE
object,TRUE
intention,TRUE
task,FALSE
role,TRUE
demonstrate,TRUE
show,TRUE
explore,FALSE
see,TRUE
understand,TRUE
examine,FALSE
investigate,FALSE
illustrate,FALSE
highlight,FALSE
study,TRUE
showcase,FALSE
discover,FALSE
determine,TRUE
approach,TRUE
interface,TRUE
solution,TRUE
guide,TRUE
alternative,TRUE
framework,TRUE
introduction,TRUE
path,TRUE
response,TRUE
application,TRUE
platform,TRUE
environmental,FALSE
pollution,FALSE
risk,TRUE
impact,TRUE
waste,FALSE
water,TRUE
climate,TRUE
ocean,FALSE
problem,TRUE
surface,TRUE
environment,TRUE
analysis,TRUE
mining,TRUE
model,TRUE
extraction,FALSE
processing,TRUE
generation,TRUE
gather,TRUE
#,FALSE
research,TRUE
capture,TRUE
employ,TRUE
utilize,TRUE
able,FALSE
take,TRUE
adopt,TRUE
effective,FALSE
perform,TRUE
deploy,FALSE
useful,FALSE
undertake,FALSE
adapt,FALSE
measure,TRUE
monitor,TRUE
assess,TRUE
detect,TRUE
predict,TRUE
evaluate,TRUE
track,TRUE
improve,TRUE
enhance,FALSE
increase,TRUE
ensure,TRUE
flow,TRUE
distribution,TRUE
spread,FALSE
behavior,FALSE
usage,TRUE
size,TRUE
availability,TRUE
evolution,FALSE
reduce,TRUE
public,FALSE
global,FALSE
common,FALSE
future,FALSE
critical,FALSE
current,FALSE
transportation,TRUE
urban,FALSE
complex,FALSE
versus,FALSE
area,TRUE
record,TRUE
value,TRUE
sample,TRUE
evidence,TRUE
statistical,FALSE
documentation,TRUE
memory,TRUE
storage,TRUE
collect,TRUE
coverage,FALSE
protect,FALSE
achieve,TRUE
balance,TRUE
restore,FALSE
complete,TRUE
sustain,FALSE
population,TRUE
revision,FALSE
temperature,TRUE
inventory,FALSE
exposure,FALSE
sample,TRUE
age,TRUE
assessment,FALSE
monitor,TRUE
measurement,TRUE
evaluation,FALSE
report,TRUE
review,TRUE
rating,FALSE
function,TRUE
strategy,FALSE
effort,TRUE
measure,TRUE
retention,TRUE
conservation,FALSE
preservation,FALSE
regulatory,FALSE
correlation,FALSE
diagnostic,FALSE
methodology,FALSE
team,TRUE
possibility,FALSE
concern,TRUE
indication,TRUE
consensus,FALSE
danger,FALSE
sense,TRUE
warn,FALSE
view,TRUE
message,FALSE
threat,FALSE
fact,TRUE
reason,TRUE
perception,FALSE
computer,TRUE
statistic,TRUE
paper,TRUE
researcher,FALSE
database,TRUE
material,TRUE
archive,FALSE
photograph,FALSE
mature,TRUE
remain,FALSE
recover,FALSE
change,TRUE
decay,FALSE
disappear,FALSE
disappear,FALSE
return,FALSE
change,TRUE
evolve,FALSE
grow,FALSE
age,TRUE
remain,FALSE
lose,TRUE
add,TRUE
give,TRUE
gain,TRUE
lose,TRUE
leave,TRUE
loss,TRUE
lose,TRUE
lack,TRUE
yield,FALSE
value,TRUE
importance,TRUE
interest,TRUE
credibility,FALSE
significance,FALSE
relevance,FALSE
attention,FALSE
acceptance,FALSE
expert,FALSE
scientist,TRUE
authority,TRUE
study,TRUE
practitioner,FALSE
institution,TRUE
analyst,FALSE
specialist,FALSE
sector,TRUE
community,TRUE
file,FALSE
information,TRUE
file,TRUE
message,FALSE
file,TRUE
be,FALSE
text,FALSE
message,FALSE
store,TRUE
distribute,TRUE
encode,FALSE
flow,TRUE
transmit,TRUE
transmission,TRUE
organize,TRUE
structure,TRUE
unit,TRUE
location,TRUE
channel,FALSE
container,FALSE
place,TRUE
folder,FALSE
form,TRUE
domain,TRUE
encryption,FALSE
bandwidth,FALSE
overhead,FALSE
resolution,TRUE
secrecy,FALSE
text,TRUE
compatibility,FALSE
backup,FALSE
precision,FALSE
they,FALSE
we,FALSE
you,FALSE
it,FALSE
one,FALSE
user,TRUE
he,FALSE
member,TRUE
People,FALSE
researcher,TRUE
student,TRUE
team,TRUE
engineer,TRUE
come,TRUE
start,TRUE
want,TRUE
get,TRUE
try,TRUE
learn,TRUE
seek,TRUE
fail,TRUE
continue,TRUE
expect,TRUE
attempt,TRUE
realize,TRUE
know,TRUE
consider,TRUE
recognize,TRUE
assume,TRUE
remember,TRUE
realise,FALSE
believe,TRUE
accept,TRUE
acknowledge,TRUE
note,TRUE
price,FALSE
pricing,FALSE
production,TRUE
depend,TRUE
rely,TRUE
insist,FALSE
concentrate,FALSE
decide,TRUE
depend,TRUE
depend,TRUE
report,TRUE
dependence,TRUE
reflect,TRUE
consumer,TRUE
job,TRUE
appropriate,FALSE
proper,FALSE
input,TRUE
identification,TRUE
measurement,TRUE
input,TRUE
adoption,FALSE
placement,TRUE
testing,TRUE
deployment,FALSE
various,FALSE
respective,FALSE
commercial,FALSE
company,TRUE
group,TRUE
market,TRUE
device,TRUE
sector,TRUE
define,TRUE
address,TRUE
establish,TRUE
describe,TRUE
cover,TRUE
outline,TRUE
create,TRUE
feature,TRUE
modification,FALSE
option,TRUE
provision,TRUE
extension,FALSE
apply,TRUE
extend,TRUE
relate,TRUE
refer,TRUE
lead,TRUE
conform,FALSE
exist,TRUE
date,TRUE
contribute,TRUE
version,TRUE
use,TRUE
generation,TRUE
upgrade,FALSE
part,TRUE
installation,TRUE
phase,TRUE
game,FALSE
code,TRUE
specification,TRUE
website,TRUE
law,TRUE
algorithm,TRUE
remove,FALSE
change,TRUE
alter,FALSE
modify,TRUE
drop,TRUE
cancel,FALSE
eliminate,FALSE
delay,TRUE
withdraw,FALSE
abandon,FALSE
discontinue,FALSE
reduce,TRUE
postpone,FALSE
cancel,FALSE
delete,FALSE
complexity,TRUE
cost,TRUE
price,TRUE
scope,FALSE
reliability,TRUE
maintenance,TRUE
otherwise,FALSE
installation,TRUE
•,FALSE
c,FALSE
a,TRUE
[,FALSE
b,FALSE
e,FALSE
designer,TRUE
engineer,TRUE
manager,TRUE
driver,FALSE
architect,FALSE
contractor,FALSE
builder,FALSE
creator,FALSE
operator,TRUE
rail,TRUE
railway,TRUE
transport,TRUE
rail,TRUE
train,FALSE
transit,TRUE
railroad,TRUE
line,TRUE
network,TRUE
vehicle,TRUE
station,TRUE
asset,FALSE
#,FALSE
car,TRUE
ticket,FALSE
supply,TRUE
deliver,TRUE
submit,TRUE
transmit,TRUE
bring,TRUE
sell,FALSE
feed,TRUE
export,FALSE
output,TRUE
energy,TRUE
network,TRUE
system,FALSE
network,FALSE
extract,FALSE
take,TRUE
derive,TRUE
acquire,TRUE
retrieve,TRUE
demand,TRUE
purchase,TRUE
download,FALSE
computer,TRUE
remote,FALSE
government,TRUE
radio,TRUE
human,TRUE
driver,FALSE
remotely,FALSE
wise,FALSE
adjust,FALSE
benefit,TRUE
result,TRUE
sample,TRUE
funding,FALSE
payment,FALSE
part,TRUE
table,TRUE
level,TRUE
part,TRUE
phase,TRUE
chapter,FALSE
version,TRUE
stage,FALSE
step,TRUE
Act,FALSE
version,TRUE
category,FALSE
series,TRUE
number,TRUE
variety,TRUE
majority,FALSE
lot,FALSE
range,TRUE
multitude,FALSE
handful,FALSE
minority,FALSE
subset,FALSE
host,FALSE
diversity,FALSE
class,TRUE
industry,TRUE
potentially,FALSE
greatly,FALSE
actually,FALSE
possibly,FALSE
still,FALSE
simultaneously,FALSE
ultimately,FALSE
significantly,FALSE
truly,FALSE
income,FALSE
experience,TRUE
inspiration,FALSE
insight,FALSE
revenue,FALSE
API,FALSE
expand,TRUE
draw,TRUE
count,FALSE
impress,FALSE
select,TRUE
build,TRUE
check,FALSE
elaborate,FALSE
member,TRUE
one,TRUE
citizen,TRUE
player,FALSE
connection,TRUE
contact,TRUE
involvement,FALSE
interaction,TRUE
relationship,TRUE
interaction,TRUE
experience,TRUE
impact,TRUE
success,FALSE
problem,TRUE
connection,TRUE
relationship,TRUE
main,FALSE
component,TRUE
underlie,FALSE
key,FALSE
',FALSE
agreement,FALSE
plan,FALSE
initiative,FALSE
authority,FALSE
establish,TRUE
implement,TRUE
negotiate,FALSE
include,TRUE
sign,TRUE
conclude,FALSE
enforce,TRUE
integrity,TRUE
integration,TRUE
collaboration,FALSE
cooperation,FALSE
arrangement,TRUE
partnership,FALSE
facility,TRUE
link,TRUE
major,FALSE
know,TRUE
three,FALSE
primary,FALSE
publisher,FALSE
type,TRUE
justice,FALSE
education,TRUE
#,FALSE
safety,FALSE
management,FALSE
#,FALSE
support,TRUE
engineering,FALSE
entry,FALSE
control,FALSE
security,FALSE
unit,TRUE
division,TRUE
section,TRUE
note,TRUE
article,TRUE
figure,TRUE
volume,TRUE
paragraph,FALSE
note,TRUE
the,FALSE
all,FALSE
these,FALSE
environmental,FALSE
this,FALSE
water,TRUE
its,FALSE
such,FALSE
solar,FALSE
air,TRUE
other,FALSE
earth,TRUE
energy,TRUE
station,TRUE
engineering,TRUE
crew,FALSE
construction,TRUE
passenger,FALSE
utilize,TRUE
operate,TRUE
visit,FALSE
test,TRUE
navigate,FALSE
inspect,FALSE
run,TRUE
modify,FALSE
facility,TRUE
pipeline,FALSE
line,TRUE
line,FALSE
plant,TRUE
station,FALSE
meet,TRUE
regulate,FALSE
handle,TRUE
address,TRUE
suit,FALSE
reason,TRUE
engine,FALSE
atmosphere,FALSE
destroy,FALSE
enter,FALSE
instrument,TRUE
option,TRUE
entity,TRUE
agent,TRUE
asset,FALSE
possibility,FALSE
specify,TRUE
define,TRUE
cover,TRUE
contain,TRUE
describe,TRUE
outline,FALSE
recommendation,TRUE
specification,TRUE
guarantee,TRUE
assure,TRUE
verify,FALSE
promote,FALSE
#,FALSE
flexibility,TRUE
capability,TRUE
quantity,FALSE
effectiveness,TRUE
stability,TRUE
accuracy,TRUE
capacity,TRUE
simplicity,TRUE
consistency,FALSE
speed,FALSE
sustainability,TRUE
surface,FALSE
ground,TRUE
air,TRUE
land,TRUE
federal,FALSE
maritime,FALSE
inland,FALSE
physical,FALSE
transportation,FALSE
vehicle,TRUE
route,FALSE
route,TRUE
highway,TRUE
weather,TRUE
weather,FALSE
forecast,TRUE
news,FALSE
radar,TRUE
storm,TRUE
web,TRUE
firm,TRUE
health,TRUE
aviation,FALSE
bus,FALSE
internet,TRUE
road,TRUE
combine,TRUE
integrate,TRUE
mix,TRUE
combine,TRUE
leverage,FALSE
aggregate,FALSE
merge,FALSE
combine,TRUE
blend,FALSE
link,TRUE
map,TRUE
imagery,FALSE
metric,FALSE
survey,FALSE
signal,TRUE
facilitate,TRUE
enable,TRUE
value,TRUE
care,FALSE
feature,TRUE
factor,TRUE
scale,TRUE
load,FALSE
grade,FALSE
weight,FALSE
add,TRUE
add,TRUE
competitive,FALSE
round,FALSE
generate,TRUE
enhance,FALSE
earn,FALSE
good,TRUE
item,FALSE
technique,FALSE
need,TRUE
offer,TRUE
desire,FALSE
design,TRUE
create,TRUE
support,TRUE
value,TRUE
request,TRUE
recommend,FALSE
prefer,FALSE
target,TRUE
top,FALSE
travel,TRUE
decision,TRUE
profit,FALSE
grant,TRUE
case,TRUE
plan,TRUE
contract,FALSE
maker,TRUE
maker,FALSE
team,TRUE
#,FALSE
leader,FALSE
#,FALSE
center,TRUE
state,FALSE
private,FALSE
municipal,FALSE
provincial,FALSE
interstate,FALSE
governmental,FALSE
plan,TRUE
government,FALSE
respectively,FALSE
article,TRUE
page,TRUE
table,TRUE
section,TRUE
list,TRUE
chapter,FALSE
column,FALSE
box,FALSE
chart,FALSE
index,TRUE
book,TRUE
entry,FALSE
discuss,TRUE
explain,TRUE
consider,TRUE
give,TRUE
show,TRUE
highlight,FALSE
component,TRUE
property,TRUE
attribute,FALSE
manufacturer,FALSE
architect,FALSE
aircraft,TRUE
architecture,TRUE
paper,TRUE
overview,FALSE
offer,TRUE
present,TRUE
take,TRUE
explanation,FALSE
account,TRUE
understand,TRUE
example,TRUE
description,FALSE
idea,TRUE
interpretation,TRUE
world,TRUE
concept,TRUE
examine,FALSE
explore,FALSE
effect,TRUE
event,TRUE
affect,TRUE
influence,TRUE
govern,FALSE
shape,FALSE
drive,TRUE
comprise,FALSE
shape,TRUE
constitute,FALSE
influence,TRUE
procedure,TRUE
technique,TRUE
set,TRUE
use,TRUE
establish,TRUE
create,TRUE
determine,TRUE
compare,TRUE
define,TRUE
identify,TRUE
maintain,TRUE
produce,TRUE
place,TRUE
measure,TRUE
parameter,TRUE
boundary,FALSE
control,TRUE
level,TRUE
parameter,FALSE
estimate,TRUE
reference,TRUE
chemical,FALSE
collect,TRUE
point,TRUE
impose,FALSE
appear,FALSE
fall,TRUE
effect,TRUE
within,FALSE
give,TRUE
in,FALSE
beyond,FALSE
outside,FALSE
whatever,FALSE
over,FALSE
despite,FALSE
for,FALSE
within,FALSE
under,FALSE
consider,TRUE
across,FALSE
at,FALSE
nature,TRUE
difficulty,FALSE
difficulty,FALSE
merit,FALSE
implication,FALSE
activity,TRUE
event,TRUE
enterprise,FALSE
initiative,TRUE
undertaking,FALSE
arrangement,TRUE
action,TRUE
delay,FALSE
halt,FALSE
stop,FALSE
suspend,FALSE
interrupt,FALSE
terminate,FALSE
limit,TRUE
pause,FALSE
restrict,FALSE
ignore,FALSE
continue,TRUE
maintain,TRUE
site,TRUE
॥,FALSE
model,TRUE
instruction,FALSE
equation,FALSE
section,TRUE
definition,TRUE
protocol,TRUE
package,FALSE
definition,TRUE
scheme,FALSE
category,FALSE
involve,TRUE
represent,TRUE
rating,FALSE
setting,FALSE
configuration,FALSE
convenience,FALSE
node,TRUE
switch,FALSE
port,FALSE
module,TRUE
circuit,FALSE
machine,TRUE
cable,FALSE
sensor,TRUE
communication,TRUE
hardware,TRUE
connectivity,FALSE
limit,TRUE
any,FALSE
another,FALSE
each,FALSE
additional,FALSE
example,TRUE
fact,TRUE
article,TRUE
word,TRUE
adequately,FALSE
either,FALSE
well,FALSE
explicitly,FALSE
accurately,FALSE
well,FALSE
clearly,FALSE
specifically,FALSE
explain,TRUE
indicate,TRUE
resolve,TRUE
proposal,TRUE
requirement,TRUE
mean,TRUE
consequence,FALSE
expense,FALSE
complication,FALSE
face,TRUE
encounter,FALSE
incur,FALSE
experience,TRUE
pose,FALSE
present,TRUE
meet,TRUE
fulfil,FALSE
implement,TRUE
achieve,TRUE
complete,TRUE
perform,TRUE
obtain,TRUE
execute,TRUE
apply,TRUE
pay,TRUE
satisfy,TRUE
receive,TRUE
recommendation,TRUE
software,TRUE
operational,FALSE
performance,TRUE
typical,FALSE
technical,FALSE
some,FALSE
most,FALSE
indicator,TRUE
test,TRUE
calculation,FALSE
chart,TRUE
processor,TRUE
machine,TRUE
cpu,FALSE
device,TRUE
order,TRUE
context,FALSE
finally,FALSE
alternatively,FALSE
furthermore,FALSE
additionally,FALSE
also,FALSE
far,FALSE
moreover,FALSE
however,FALSE
similarly,FALSE
thus,FALSE
therefore,FALSE
second,FALSE
likewise,FALSE
however,FALSE
first,FALSE
incorporate,TRUE
arrange,FALSE
assemble,FALSE
separate,TRUE
gather,TRUE
sort,TRUE
divide,FALSE
join,TRUE
fit,TRUE
small,FALSE
multiple,FALSE
several,FALSE
name,TRUE
view,TRUE
profile,TRUE
account,TRUE
position,TRUE
contribution,FALSE
interest,TRUE
comment,FALSE
hierarchy,FALSE
group,TRUE
one,FALSE
contingent,FALSE
build,TRUE
rely,TRUE
model,TRUE
found,FALSE
act,TRUE
draw,TRUE
center,TRUE
participant,FALSE
member,TRUE
developer,TRUE
firm,FALSE
party,FALSE
presence,FALSE
profile,FALSE
opinion,FALSE
preference,FALSE
action,FALSE
together,FALSE
integrate,TRUE
even,FALSE
consistent,FALSE
compatible,FALSE
yet,FALSE
support,TRUE
carry,TRUE
serve,TRUE
run,TRUE
essentially,FALSE
previous,FALSE
particular,FALSE
early,FALSE
single,FALSE
civilian,FALSE
old,FALSE
prior,FALSE
unit,TRUE
satellite,TRUE
ship,FALSE
module,FALSE
satellite,TRUE
chip,FALSE
communication,TRUE
defense,FALSE
logistic,FALSE
economic,FALSE
industrial,FALSE
business,TRUE
functional,FALSE
mission,TRUE
expect,TRUE
sufficient,FALSE
equip,FALSE
capable,FALSE
likely,FALSE
intend,TRUE
adequate,FALSE
ready,FALSE
serve,TRUE
perform,TRUE
accomplish,TRUE
fulfill,FALSE
carry,TRUE
execute,FALSE
conduct,TRUE
undertake,FALSE
replace,TRUE
defence,FALSE
rescue,FALSE
space,TRUE
emergency,TRUE
task,TRUE
two,FALSE
four,FALSE
five,FALSE
six,FALSE
alternate,FALSE
approximate,FALSE
discrete,FALSE
seven,FALSE
eight,FALSE
#,FALSE
#,FALSE
point,TRUE
density,FALSE
scale,TRUE
frame,FALSE
rate,TRUE
interval,FALSE
difference,FALSE
series,TRUE
table,TRUE
#,FALSE
show,TRUE
illustrate,FALSE
represent,TRUE
give,TRUE
display,TRUE
depict,FALSE
describe,TRUE
outline,TRUE
summarize,FALSE
detail,TRUE
visible,FALSE
concept,TRUE
idea,TRUE
define,TRUE
state,TRUE
specify,TRUE
express,FALSE
identify,TRUE
mention,TRUE
manual,FALSE
booklet,FALSE
draft,TRUE
priority,TRUE
strategic,FALSE
moral,FALSE
demand,TRUE
expectation,FALSE
priority,TRUE
aim,TRUE
aspiration,FALSE
desire,FALSE
board,FALSE
board,TRUE
undergo,FALSE
require,TRUE
follow,TRUE
flight,TRUE
pilot,FALSE
laboratory,TRUE
field,TRUE
learn,FALSE
common,FALSE
differentiate,FALSE
distinguish,TRUE
distinguish,TRUE
understanding,TRUE
interface,TRUE
relation,TRUE
contact,FALSE
internal,FALSE
external,FALSE
client,FALSE
internal,FALSE
domestic,FALSE
central,FALSE
intelligence,TRUE
light,FALSE
sound,FALSE
noise,FALSE
structure,TRUE
stream,FALSE
store,TRUE
alliance,FALSE
prevent,TRUE
avoid,TRUE
overcome,TRUE
combat,FALSE
eliminate,FALSE
fight,FALSE
withstand,FALSE
online,FALSE
arbitrary,FALSE
denial,TRUE
breach,TRUE
length,FALSE
failure,TRUE
short,FALSE
disruption,FALSE
command,TRUE
war,FALSE
existence,FALSE
charge,TRUE
standard,FALSE
good,FALSE
general,FALSE
good,FALSE
fair,FALSE
professional,FALSE
research,FALSE
International,FALSE
ieee,FALSE
88,FALSE
46,FALSE
48,FALSE
10,FALSE
42,FALSE
31,FALSE
28,FALSE
29,FALSE
112,FALSE
181,FALSE
33,FALSE
78,FALSE
38,FALSE
32,FALSE
tech,FALSE
frequency,TRUE
dimensional,FALSE
responsibility,TRUE
competence,FALSE
responsible,FALSE
provide,TRUE
project,TRUE
specie,FALSE
allow,TRUE
help,TRUE
improve,TRUE
enable,TRUE
evolve,FALSE
ecosystem,FALSE
downstream,FALSE
app,FALSE
code,FALSE
report,FALSE
card,FALSE
connect,TRUE
expose,FALSE
direct,TRUE
bind,FALSE
introduce,TRUE
alert,TRUE
assign,TRUE
everyone,FALSE
certain,FALSE
upcoming,FALSE
rule,TRUE
those,FALSE
regulation,TRUE
plan,TRUE
law,TRUE
principle,TRUE
article,TRUE
system,TRUE
act,TRUE
program,TRUE
inconsistent,FALSE
satisfy,FALSE
along,FALSE
#,FALSE
#,FALSE
#,FALSE
#,FALSE
whose,FALSE
inform,TRUE
conditional,FALSE
clear,FALSE
advise,FALSE
condition,TRUE
focus,TRUE
brief,FALSE
commitment,TRUE
duty,FALSE
purpose,TRUE
formulate,FALSE
fulfil,TRUE
address,TRUE
consider,TRUE
issue,TRUE
act,TRUE
something,FALSE
reach,TRUE
realm,FALSE
jurisdiction,TRUE
applicant,FALSE
employer,FALSE
subject,TRUE
person,TRUE
issue,TRUE
allow,TRUE
permit,TRUE
awareness,FALSE
high,FALSE
good,FALSE
acceptable,FALSE
release,TRUE
violation,FALSE
tax,FALSE
it,TRUE
ip,FALSE
framework,FALSE
currently,FALSE
today,TRUE
thus,FALSE
name,TRUE
mode,TRUE
kind,TRUE
stage,FALSE
channel,FALSE
layer,TRUE
drug,FALSE
delivery,TRUE
accessible,FALSE
#,FALSE
return,FALSE
school,FALSE
detail,TRUE
become,TRUE
become,TRUE
foundation,TRUE
basis,TRUE
base,TRUE
background,FALSE
template,FALSE
innovation,FALSE
progress,FALSE
excellence,FALSE
practice,TRUE
guidance,FALSE
conceptual,FALSE
execution,FALSE
design,TRUE
analysis,TRUE
order,TRUE
tailor,FALSE
allocate,FALSE
extend,FALSE
attach,FALSE
fit,TRUE
transfer,TRUE
core,TRUE
basic,FALSE
general,FALSE
unique,FALSE
essential,FALSE
fundamental,FALSE
ability,TRUE
whole,TRUE
result,TRUE
consequence,FALSE
seem,FALSE
tend,FALSE
intend,TRUE
restrict,TRUE
limit,TRUE
attribute,TRUE
delegate,FALSE
attach,TRUE
fund,TRUE
class,FALSE
platform,TRUE
object,FALSE
division,TRUE
team,FALSE
manager,FALSE
educational,FALSE
student,TRUE
comprehensive,FALSE
professional,FALSE
academic,FALSE
detector,FALSE
radar,FALSE
telescope,FALSE
receiver,FALSE
probe,FALSE
sensor,TRUE
transmitter,FALSE
fly,FALSE
go,TRUE
drop,TRUE
play,TRUE
stay,FALSE
sequence,FALSE
phase,TRUE
band,FALSE
sight,FALSE
pocket,FALSE
ordinary,FALSE
property,TRUE
car,FALSE
copyright,FALSE
home,FALSE
controller,FALSE
partner,TRUE
family,FALSE
representative,FALSE
assistant,FALSE
lawyer,FALSE
officer,FALSE
worker,FALSE
technician,FALSE
official,FALSE
volunteer,FALSE
fleet,FALSE
pilot,FALSE
crew,FALSE
repair,FALSE
medical,FALSE
utility,FALSE
recipient,FALSE
receiver,FALSE
contributor,FALSE
assistance,FALSE
relief,FALSE
generate,TRUE
gather,TRUE
produce,TRUE
obtain,TRUE
cold,FALSE
ice,FALSE
compilation,FALSE
archive,TRUE
record,FALSE
archive,FALSE
archive,FALSE
publication,FALSE
map,TRUE
compare,TRUE
couple,FALSE
communicating,FALSE
mixed,FALSE
integrate,TRUE
instrument,TRUE
observation,TRUE
city,TRUE
island,FALSE
constellation,FALSE
continent,FALSE
region,TRUE
town,FALSE
strait,FALSE
city,FALSE
university,FALSE
vicinity,FALSE
Bay,FALSE
sea,FALSE
confine,FALSE
subject,TRUE
suit,FALSE
open,FALSE
equivalent,FALSE
license,TRUE
license,FALSE
encourage,FALSE
ask,TRUE
force,TRUE
advise,FALSE
anyone,FALSE
choose,TRUE
buy,FALSE
earn,FALSE
monthly,FALSE
weekly,FALSE
pay,TRUE
subscription,FALSE
daily,FALSE
regular,FALSE
custom,FALSE
premium,FALSE
mobile,FALSE
save,FALSE
communicate,FALSE
deploy,TRUE
act,TRUE
site,TRUE
#,FALSE
#,FALSE
category,TRUE
layer,TRUE
domain,TRUE
contribution,FALSE
response,TRUE
improvement,TRUE
commitment,FALSE
healthcare,FALSE
processor,FALSE
organisation,TRUE
other,TRUE
publish,TRUE
accept,TRUE
approve,TRUE
select,TRUE
announce,TRUE
designate,FALSE
propose,TRUE
release,TRUE
introduce,TRUE
choose,FALSE
gold,FALSE
universal,FALSE
full,FALSE
candidate,FALSE
EPA,FALSE
refuse,FALSE
resident,FALSE
student,FALSE
visitor,FALSE
circuit,FALSE
collector,FALSE
grid,TRUE
indicate,TRUE
demonstrate,TRUE
explain,TRUE
figure,TRUE
graph,FALSE
chapter,FALSE
image,TRUE
page,TRUE
diagram,FALSE
satisfy,FALSE
accommodate,FALSE
fill,FALSE
solve,FALSE
bypass,FALSE
content,FALSE
index,FALSE
knowledge,FALSE
source,FALSE
ID,FALSE
pdf,TRUE
page,TRUE
panel,FALSE
rule,TRUE
Chart,FALSE
follow,TRUE
demonstrate,TRUE
layout,TRUE
content,TRUE
setup,FALSE
qualification,FALSE
follow,TRUE
room,FALSE
column,FALSE
indicate,TRUE
determine,TRUE
type,TRUE
composition,FALSE
element,TRUE
segment,FALSE
portion,FALSE
aspect,FALSE
item,TRUE
side,TRUE
refer,TRUE
relate,TRUE
correspond,TRUE
apply,TRUE
belong,FALSE
refer,TRUE
science,FALSE
basis,TRUE
ownership,FALSE
council,FALSE
association,FALSE
centre,FALSE
accreditation,FALSE
oversight,FALSE
thousand,FALSE
translation,FALSE
copy,FALSE
college,FALSE
comparison,FALSE
explanation,FALSE
interpretation,TRUE
answer,FALSE
algorithm,TRUE
combination,FALSE
suitable,FALSE
simple,FALSE
successful,FALSE
precise,FALSE
typical,FALSE
similar,FALSE
valid,FALSE
recovery,FALSE
life,TRUE
period,TRUE
lifetime,FALSE
duration,TRUE
time,TRUE
interval,TRUE
#,FALSE
delay,TRUE
hour,TRUE
occur,TRUE
arise,FALSE
come,TRUE
vary,TRUE
increase,TRUE
fall,TRUE
occur,TRUE
exist,TRUE
decrease,FALSE
shift,FALSE
combination,TRUE
matter,TRUE
mixture,FALSE
sum,TRUE
percentage,FALSE
proportion,FALSE
ratio,FALSE
scheduling,FALSE
time,TRUE
error,FALSE
failure,FALSE
fault,FALSE
ability,TRUE
spacecraft,FALSE
hold,TRUE
signal,TRUE
list,TRUE
office,FALSE
Bureau,FALSE
register,FALSE
administration,FALSE
Journal,FALSE
review,FALSE
administrator,FALSE
enforcement,FALSE
Database,FALSE
department,FALSE
collection,FALSE
regulation,TRUE
ii,FALSE
III,FALSE
assessment,TRUE
complaint,FALSE
compensation,FALSE
utility,FALSE
agriculture,FALSE
replacement,FALSE
inspection,FALSE
overhaul,FALSE
rehabilitation,FALSE
minimize,FALSE
decrease,FALSE
low,TRUE
offset,FALSE
latter,FALSE
extinction,FALSE
crisis,FALSE
question,TRUE
library,TRUE
engineer,TRUE
flexible,FALSE
modular,FALSE
construct,TRUE
position,TRUE
import,FALSE
display,TRUE
manipulate,FALSE
amount,TRUE
quantity,FALSE
volume,TRUE
number,TRUE
sum,FALSE
collection,TRUE
portion,FALSE
volume,TRUE
block,FALSE
literature,FALSE
spectrum,FALSE
array,TRUE
angle,FALSE
location,TRUE
format,FALSE
discipline,FALSE
perspective,FALSE
environment,TRUE
speed,TRUE
temperature,TRUE
capacity,TRUE
yield,TRUE
weight,FALSE
relative,FALSE
average,FALSE
low,FALSE
estimate,TRUE
absolute,FALSE
maximum,FALSE
cumulative,FALSE
actual,FALSE
minimum,FALSE
overall,FALSE
calculate,FALSE
age,FALSE
rate,TRUE
pass,TRUE
move,TRUE
measure,TRUE
update,TRUE
track,TRUE
average,TRUE
date,TRUE
next,FALSE
final,FALSE
#,FALSE
thereof,FALSE
#,FALSE
tier,FALSE
law,FALSE
treaty,FALSE
adopt,TRUE
employee,TRUE
teacher,FALSE
school,TRUE
interchange,FALSE
survey,TRUE
put,TRUE
lay,FALSE
lay,FALSE
focus,TRUE
concentrate,FALSE
emphasis,TRUE
stress,FALSE
pressure,TRUE
strain,FALSE
reliance,FALSE
expertise,FALSE
improve,TRUE
change,TRUE
extreme,FALSE
adverse,FALSE
prevail,FALSE
severe,FALSE
favorable,FALSE
vary,TRUE
unusual,FALSE
variable,FALSE
poor,FALSE
drive,TRUE
pattern,TRUE
trend,FALSE
phenomenon,FALSE
behaviour,FALSE
pattern,TRUE
condition,TRUE
many,FALSE
coastal,FALSE
traditional,FALSE
route,TRUE
river,FALSE
road,TRUE
boundary,TRUE
highway,TRUE
trail,FALSE
corridor,FALSE
ease,FALSE
mode,TRUE
coordination,FALSE
develop,TRUE
implement,TRUE
maintain,TRUE
manage,TRUE
extend,TRUE
that,FALSE
success,FALSE
access,TRUE
progress,FALSE
victory,FALSE
achieve,TRUE
enhance,FALSE
accomplish,FALSE
increase,TRUE
gain,TRUE
attain,FALSE
choice,FALSE
technological,FALSE
architectural,FALSE
manufacture,FALSE
book,FALSE
issue,TRUE
application,FALSE
service,FALSE
model,TRUE
creation,TRUE
handle,TRUE
representation,FALSE
treatment,FALSE
classification,FALSE
presentation,FALSE
process,TRUE
manage,TRUE
compile,FALSE
interpret,TRUE
analyze,TRUE
access,TRUE
retrieve,FALSE
body,TRUE
labs,FALSE
decide,TRUE
select,TRUE
consider,TRUE
choose,FALSE
examine,TRUE
assess,TRUE
evaluate,TRUE
develop,TRUE
describe,TRUE
engine,FALSE
motion,TRUE
#,FALSE
review,FALSE
reveal,TRUE
inform,TRUE
match,TRUE
confirm,FALSE
outcome,TRUE
finding,FALSE
episode,FALSE
track,TRUE
Map,FALSE
resolution,TRUE
view,TRUE
read,TRUE
understand,TRUE
regard,TRUE
comparison,FALSE
summary,FALSE
graph,FALSE
discussion,TRUE
reflection,FALSE
picture,FALSE
differ,TRUE
overlap,FALSE
geographical,FALSE
shift,FALSE
conflict,FALSE
period,TRUE
zone,TRUE
chain,FALSE
gap,FALSE
difference,FALSE
surround,FALSE
accompany,FALSE
astronomical,FALSE
horizon,FALSE
spatial,FALSE
temporal,FALSE
Bulletin,FALSE
prepare,FALSE
print,FALSE
write,TRUE
periodic,FALSE
hazard,TRUE
prediction,TRUE
card,TRUE
log,FALSE
warning,FALSE
sheet,FALSE
indicate,TRUE
target,TRUE
incident,FALSE
exact,FALSE
fault,FALSE
status,FALSE
severity,FALSE
rank,FALSE
magnitude,FALSE
intensity,FALSE
extent,FALSE
position,TRUE
frame,FALSE
span,FALSE
course,TRUE
body,TRUE
correspond,FALSE
character,TRUE
attribute,TRUE
play,TRUE
pair,TRUE
cluster,FALSE
tier,FALSE
family,FALSE
participant,TRUE
cell,TRUE
neuron,FALSE
animal,FALSE
subject,TRUE
child,FALSE
robot,FALSE
vertical,FALSE
horizontal,FALSE
velocity,FALSE
mathematical,FALSE
dynamic,FALSE
axi,FALSE
signature,FALSE
loop,FALSE
transition,FALSE
curve,FALSE
extend,TRUE
stretch,FALSE
project,TRUE
radiate,FALSE
move,TRUE
project,TRUE
stretch,FALSE
draw,TRUE
range,TRUE
go,TRUE
span,FALSE
center,TRUE
centre,TRUE
middle,FALSE
bottom,FALSE
edge,TRUE
begin,TRUE
edge,FALSE
front,FALSE
leave,FALSE
end,TRUE
back,TRUE
side,TRUE
screen,TRUE
figure,TRUE
crystal,FALSE
equation,FALSE
allow,TRUE
represent,TRUE
control,TRUE
show,TRUE
reflect,TRUE
regulate,TRUE
enable,TRUE
permit,TRUE
govern,FALSE
demonstrate,TRUE
propagation,FALSE
diffusion,FALSE
accumulation,FALSE
particle,FALSE
fluid,FALSE
molecule,FALSE
electricity,FALSE
heat,FALSE
eye,FALSE
amendment,FALSE
successor,FALSE
step,TRUE
contributor,FALSE
modification,FALSE
server,TRUE
perspective,FALSE
bear,FALSE
consumption,FALSE
request,TRUE
well,FALSE
allocation,FALSE
preparation,FALSE
provision,TRUE
legal,FALSE
operate,TRUE
work,TRUE
run,TRUE
operate,TRUE
perform,TRUE
live,FALSE
transfer,TRUE
consist,TRUE
thing,TRUE
solar,FALSE
battery,FALSE
toll,FALSE
wireless,FALSE
active,FALSE
automate,TRUE
debt,FALSE
internet,TRUE
payment,FALSE
broadband,TRUE
technology,TRUE
mathematic,FALSE
architecture,FALSE
training,TRUE
school,TRUE
design,TRUE
science,FALSE
iso,FALSE
education,FALSE
power,FALSE
wireless,FALSE
marine,FALSE
space,FALSE
electrical,FALSE
traffic,FALSE
aviation,FALSE
building,TRUE
railway,FALSE
observation,TRUE
observatory,TRUE
observatory,TRUE
visitor,FALSE
navigation,FALSE
mapping,FALSE
tourist,FALSE
parking,FALSE
tool,TRUE
segment,FALSE
head,TRUE
head,TRUE
split,FALSE
head,TRUE
supplier,TRUE
raw,FALSE
reliable,FALSE
texture,FALSE
search,TRUE
image,TRUE
topography,FALSE
intelligence,TRUE
member,FALSE
say,TRUE
assume,TRUE
deem,FALSE
believe,FALSE
presume,FALSE
hold,TRUE
think,TRUE
partnership,TRUE
alliance,FALSE
proposal,FALSE
suggestion,FALSE
assumption,FALSE
prediction,TRUE
argument,FALSE
choice,FALSE
conclusion,FALSE
raise,FALSE
suggest,TRUE
impose,FALSE
take,TRUE
take,TRUE
take,TRUE
last,TRUE
consume,TRUE
#,FALSE
#,FALSE
bank,FALSE
collector,TRUE
#,FALSE
#,FALSE
#,FALSE
#,FALSE
#,FALSE
#,FALSE
#,FALSE
instance,TRUE
illustration,FALSE
contrast,FALSE
clarity,FALSE
descriptive,FALSE
info,FALSE
track,FALSE
zero,FALSE
destination,FALSE
conference,FALSE
conference,FALSE
festival,FALSE
conference,TRUE
convention,FALSE
Games,FALSE
festival,FALSE
instal,FALSE
test,TRUE
venue,FALSE
centre,TRUE
institutional,FALSE
administer,FALSE
strengthen,FALSE
edition,FALSE
film,FALSE
winner,FALSE
song,FALSE
episode,FALSE
artist,FALSE
track,TRUE
game,FALSE
entry,TRUE
topic,FALSE
divide,TRUE
group,TRUE
classify,FALSE
categorize,FALSE
subdivide,FALSE
separate,TRUE
break,TRUE
sort,TRUE
organise,FALSE
ten,FALSE
nine,FALSE
§,FALSE
library,TRUE
library,FALSE
interact,TRUE
compete,FALSE
collaborate,FALSE
engage,FALSE
cooperate,FALSE
coordinate,TRUE
language,TRUE
language,TRUE
piece,FALSE
sort,TRUE
signature,FALSE
helpful,FALSE
extract,FALSE
hypothesis,FALSE
natural,FALSE
atmospheric,FALSE
exploration,FALSE
shipping,FALSE
runoff,FALSE
precipitation,FALSE
mobility,FALSE
geography,FALSE
migration,FALSE
reflect,TRUE
emphasize,FALSE
lack,TRUE
reduce,TRUE
retain,FALSE
replace,TRUE
blame,FALSE
burden,FALSE
spotlight,FALSE
ecological,FALSE
geological,FALSE
soil,FALSE
modern,FALSE
Microsoft,FALSE
open,FALSE
java,FALSE
see,TRUE
web,TRUE
accordance,FALSE
addition,TRUE
parallel,FALSE
advance,FALSE
accord,FALSE
reply,FALSE
preference,FALSE
behave,FALSE
proceed,FALSE
due,FALSE
independently,FALSE
contrary,FALSE
similarly,FALSE
accordingly,FALSE
accord,TRUE
counter,FALSE
#,FALSE
#,FALSE
prescribe,FALSE
determine,TRUE
cue,FALSE
record,TRUE
distance,FALSE
distance,FALSE
border,TRUE
separation,FALSE
mesh,FALSE
interfere,FALSE
clash,FALSE
dimension,FALSE
conventional,FALSE
#,FALSE
rich,FALSE
compose,TRUE
consist,FALSE
form,TRUE
comprise,TRUE
consist,TRUE
inclusive,FALSE
constitute,FALSE
enterprise,FALSE
term,TRUE
pre,FALSE
sensitive,FALSE
laden,FALSE
advisory,FALSE
compute,FALSE
geographic,FALSE
metropolitan,FALSE
US,FALSE
rural,FALSE
mass,FALSE
#,FALSE
#,FALSE
#,FALSE
#,FALSE
#,FALSE
#,FALSE
#,FALSE
#,FALSE
#,FALSE
#,FALSE
#,FALSE
#,FALSE
#,FALSE
#,FALSE
platform,FALSE
answer,FALSE
leader,FALSE
bulk,FALSE
rest,TRUE
target,TRUE
origin,FALSE
ancestor,FALSE
founder,FALSE
brain,FALSE
committee,TRUE
club,FALSE
consortium,FALSE
without,FALSE
sell,TRUE
seek,TRUE
offer,TRUE
personal,FALSE
balloon,FALSE
gear,FALSE
unknown,FALSE
interested,FALSE
inactive,FALSE
physic,FALSE
astronomy,FALSE
electronic,FALSE
climate,TRUE
agricultural,FALSE
shift,FALSE
change,FALSE
control,TRUE
happen,TRUE
lie,TRUE
reside,FALSE
happen,TRUE
plant,FALSE
facility,FALSE
quality,TRUE
process,FALSE
automatic,FALSE
time,FALSE
#,FALSE
meeting,FALSE
initiative,FALSE
discussion,FALSE
consideration,TRUE
essence,FALSE
expression,FALSE
realization,FALSE
confidence,FALSE
consultation,FALSE
engagement,FALSE
dialogue,FALSE
investor,FALSE
candidate,FALSE
via,FALSE
utilize,TRUE
garbage,FALSE
balance,FALSE
manipulation,FALSE
mix,FALSE
evaluate,TRUE
handle,TRUE
monitor,TRUE
assess,TRUE
coordinate,TRUE
prepare,FALSE
advantage,TRUE
declaration,FALSE
emission,FALSE
emission,FALSE
flood,FALSE
strict,FALSE
class,TRUE
grade,FALSE
advocate,FALSE
strategy,TRUE
advocate,FALSE
call,TRUE
fund,FALSE
advocate,FALSE
partnership,TRUE
advancement,FALSE
invention,TRUE
emergence,FALSE
discovery,FALSE
instrumentation,TRUE
gps,FALSE
infrare,FALSE
mount,TRUE
bear,TRUE
friendly,FALSE
proximity,FALSE
wide,FALSE
size,FALSE
detection,FALSE
sense,FALSE
surveillance,TRUE
camera,FALSE
lighting,FALSE
meter,FALSE
aerial,FALSE
video,FALSE
advance,FALSE
light,TRUE
lane,FALSE
sign,TRUE
camera,FALSE
position,TRUE
constitution,FALSE
clause,FALSE
amendment,FALSE
exclude,FALSE
reproduce,FALSE
league,FALSE
island,FALSE
region,FALSE
bank,FALSE
district,FALSE
total,TRUE
strength,FALSE
membership,FALSE
complement,FALSE
chief,FALSE
resident,FALSE
district,FALSE
qualified,FALSE
appoint,FALSE
senior,FALSE
#,FALSE
#,FALSE
grant,TRUE
do,TRUE
secure,FALSE
field,TRUE
acquire,TRUE
discover,FALSE
as,FALSE
be,FALSE
authority,TRUE
office,TRUE
effectively,FALSE
exercise,FALSE
properly,FALSE
#,FALSE
#,FALSE
accurate,FALSE
survey,TRUE
schedule,FALSE
roadway,FALSE
pavement,FALSE
terrain,FALSE
situation,TRUE
ensure,TRUE
promote,TRUE
manage,TRUE
advance,FALSE
increase,TRUE
address,TRUE
visibility,FALSE
front,FALSE
coast,FALSE
continent,FALSE
title,TRUE
schedule,FALSE
release,TRUE
cover,TRUE
derive,TRUE
arise,TRUE
result,TRUE
apart,FALSE
aside,FALSE
distinct,FALSE
start,TRUE
SEC,FALSE
formal,FALSE
official,FALSE
weapon,FALSE
substitute,FALSE
theory,FALSE
depict,TRUE
display,TRUE
show,TRUE
exhibit,FALSE
capture,TRUE
reveal,TRUE
exchange,TRUE
blood,FALSE
energy,TRUE
Sun,FALSE
node,FALSE
star,FALSE
mention,TRUE
recognition,FALSE
afford,FALSE
meet,TRUE
be,FALSE
take,TRUE
make,TRUE
make,TRUE
be,FALSE
change,TRUE
meet,TRUE
intersect,FALSE
hit,TRUE
go,TRUE
hit,FALSE
Vol,FALSE
season,TRUE
medical,FALSE
Naval,FALSE
ground,FALSE
military,FALSE
rescue,FALSE
emergency,TRUE
maintenance,TRUE
bus,TRUE
train,FALSE
passenger,FALSE
#,FALSE
#,FALSE
cross,TRUE
tunnel,FALSE
bridge,FALSE
pass,FALSE
highway,FALSE
clearance,FALSE
transparency,FALSE
financial,FALSE
business,FALSE
radio,FALSE
telephone,FALSE
public,FALSE
mobile,FALSE
Digital,FALSE
mark,FALSE
mark,FALSE
become,TRUE
stage,TRUE
step,TRUE
wave,FALSE
direction,FALSE
trend,FALSE
milestone,FALSE
move,TRUE
challenge,TRUE
bring,TRUE
put,TRUE
tie,TRUE
pull,TRUE
link,TRUE
fit,FALSE
push,TRUE
get,TRUE
weave,FALSE
hold,TRUE
connect,TRUE
keep,TRUE
sustainable,FALSE
erosion,FALSE
#,FALSE
practice,TRUE
#,FALSE
serve,TRUE
#,FALSE
metro,FALSE
late,FALSE
audio,FALSE
feed,TRUE
sell,TRUE
market,TRUE
#,FALSE
office,TRUE
#,FALSE
party,FALSE
source,TRUE
manufacture,FALSE
hybrid,FALSE
composite,FALSE
department,TRUE
society,FALSE
EU,FALSE
entire,TRUE
regard,TRUE
limitation,TRUE
restriction,FALSE
prejudice,FALSE
respect,TRUE
discrimination,FALSE
s,FALSE
g,FALSE
t,FALSE
f,FALSE
type,TRUE
v,FALSE
d,FALSE
#,FALSE
#,FALSE
#,FALSE
#,FALSE
#,FALSE
#,FALSE
substance,FALSE
original,FALSE
educational,FALSE
school,FALSE
insurance,FALSE
health,FALSE
county,FALSE
tribal,FALSE
foreign,FALSE
corporate,FALSE
university,FALSE
nonprofit,FALSE
government,TRUE
oppose,TRUE
regard,TRUE
#,FALSE
contrast,FALSE
refer,TRUE
#,FALSE
pertain,FALSE
#,FALSE
lead,TRUE
anything,FALSE
fix,FALSE
distant,FALSE
stationary,FALSE
zone,TRUE
angle,FALSE
continue,TRUE
seek,TRUE
intend,TRUE
attempt,TRUE
want,TRUE
hope,TRUE
agree,TRUE
promise,FALSE
keep,TRUE
proof,FALSE
choose,TRUE
automatically,FALSE
quickly,FALSE
reaction,FALSE
respond,TRUE
respond,TRUE
large,FALSE
reading,FALSE
originate,FALSE
pass,TRUE
special,FALSE
scheme,FALSE
invite,FALSE
induce,FALSE
finite,FALSE
trace,FALSE
fuel,FALSE
holder,FALSE
#,FALSE
secure,TRUE
permission,TRUE
approval,FALSE
criticism,FALSE
dialect,FALSE
brand,FALSE
beneficial,FALSE
direct,TRUE
degree,TRUE
ask,TRUE
tell,FALSE
learn,TRUE
programmer,FALSE
job,TRUE
green,FALSE
indicator,TRUE
estimate,TRUE
announcement,FALSE
degree,TRUE
depth,FALSE
check,TRUE
must,FALSE
validity,FALSE
bank,FALSE
stream,FALSE
operate,FALSE
response,FALSE
working,FALSE
recovery,FALSE
work,FALSE
Industrial,FALSE
manufacturing,FALSE
run,FALSE
production,FALSE
development,FALSE
decision,FALSE
median,FALSE
mean,FALSE
optimal,FALSE
annual,FALSE
dimension,FALSE
sub,TRUE
de,TRUE
micro,FALSE
inter,FALSE
non,TRUE
post,TRUE
self,FALSE
semi,FALSE
de,FALSE
resume,FALSE
accumulate,FALSE
capture,TRUE
record,TRUE
tidal,FALSE
groundwater,FALSE
marine,FALSE
watershe,FALSE
pH,FALSE
drainage,FALSE
elevation,FALSE
catchment,FALSE
ambient,FALSE
shoreline,FALSE
sea,TRUE
lake,FALSE
river,TRUE
tide,FALSE
low,FALSE
#,FALSE
cause,FALSE
push,TRUE
stimulate,FALSE
designer,FALSE
adapt,FALSE
find,TRUE
exploit,FALSE
multi,FALSE
co,FALSE
per,FALSE
airport,FALSE
calculate,TRUE
geometry,FALSE
height,FALSE
voltage,FALSE
#,FALSE
#,FALSE
opportunity,TRUE
expense,FALSE
opportunity,FALSE
numerical,FALSE
adjustment,FALSE
determination,FALSE
error,FALSE
correct,FALSE
automatic,FALSE
safe,FALSE
meta,FALSE
translate,FALSE
contribute,TRUE
deliver,TRUE
concentration,FALSE
commander,FALSE
command,FALSE
projection,FALSE
resolution,TRUE
collective,FALSE
legislative,FALSE
tactical,FALSE
disciplinary,FALSE
turn,TRUE
solely,FALSE
territory,FALSE
speed,FALSE
tech,FALSE
impact,FALSE
interest,FALSE
risk,FALSE
era,FALSE
kind,TRUE
advance,FALSE
progress,TRUE
fail,FALSE
proceed,FALSE
go,TRUE
street,FALSE
wind,TRUE
wheel,FALSE
#,FALSE
premise,FALSE
floor,FALSE
duty,FALSE
server,FALSE
continuous,FALSE
compression,FALSE
store,TRUE
display,TRUE
contain,TRUE
present,TRUE
analyze,TRUE
transmit,TRUE
corpus,FALSE
wealth,FALSE
manner,TRUE
fashion,FALSE
encourage,FALSE
cause,FALSE
invite,FALSE
help,TRUE
on,FALSE
consider,TRUE
design,TRUE
regard,TRUE
with,FALSE
about,FALSE
and,FALSE
upgrade,FALSE
missile,FALSE
weapon,FALSE
amend,FALSE
revise,FALSE
relate,TRUE
infrastructure,FALSE
supply,TRUE
deliver,TRUE
#,FALSE
fraction,FALSE
remainder,FALSE
antenna,FALSE
network,TRUE
throughout,FALSE
accord,TRUE
alter,FALSE
number,TRUE
expansion,FALSE
extension,FALSE
postal,FALSE
chinese,FALSE
FDA,FALSE
regulator,FALSE
FCC,FALSE
court,FALSE
red,FALSE
FALSE,FALSE
caution,FALSE
green,FALSE
white,FALSE
yellow,FALSE
brand,FALSE
link,TRUE
certify,FALSE
fund,TRUE
struggle,FALSE
trust,FALSE
bear,TRUE
claim,TRUE
shoulder,FALSE
face,TRUE
bore,FALSE
liability,FALSE
fee,FALSE
award,FALSE
removal,FALSE
conflict,FALSE
threat,FALSE
criticism,FALSE
resolve,TRUE
computational,FALSE
charge,TRUE
price,FALSE
contribute,TRUE
truck,FALSE
airport,FALSE
freight,FALSE
surround,FALSE
affect,FALSE
wide,FALSE
immediate,FALSE
broad,FALSE
impact,TRUE
hour,TRUE
stop,TRUE
day,TRUE
click,FALSE
man,FALSE
side,FALSE
year,TRUE
interactive,FALSE
shop,TRUE
portal,TRUE
forum,FALSE
cafe,FALSE
important,FALSE
philosophy,FALSE
doctrine,FALSE
cover,TRUE
explore,FALSE
examine,FALSE
document,TRUE
study,TRUE
write,FALSE
turn,TRUE
english,FALSE
resistance,FALSE
introduction,FALSE
application,TRUE
reference,TRUE
solution,TRUE
growth,FALSE
up,FALSE
promotion,FALSE
advanced,FALSE
conduct,TRUE
drawing,FALSE
exclude,FALSE
date,TRUE
origin,FALSE
remove,TRUE
barrier,FALSE
hazard,FALSE
cause,FALSE
dictate,FALSE
imply,FALSE
legislation,FALSE
patent,FALSE
#,FALSE
participation,FALSE
telephone,FALSE
social,FALSE
carrier,FALSE
follow,TRUE
accompany,FALSE
aforementione,FALSE
precede,FALSE
reference,TRUE
reference,TRUE
website,TRUE
quote,FALSE
convey,FALSE
unrelated,FALSE
dedicate,FALSE
topic,FALSE
publication,TRUE
constituency,FALSE
disclose,FALSE
cite,FALSE
list,TRUE
breakdown,FALSE
statement,TRUE
app,FALSE
recognize,TRUE
trail,FALSE
regional,FALSE
insurance,FALSE
oversee,FALSE
assist,FALSE
rain,FALSE
supplement,TRUE
transform,FALSE
enjoyment,FALSE
home,TRUE
wildlife,FALSE
human,TRUE
pay,TRUE
register,TRUE
locate,TRUE
reader,FALSE
listener,FALSE
television,FALSE
tv,FALSE
may,FALSE
shall,FALSE
would,FALSE
become,TRUE
prove,FALSE
waste,FALSE
fire,FALSE
forest,FALSE
port,FALSE
disaster,FALSE
park,FALSE
land,TRUE
shelter,FALSE
police,FALSE
firefighter,FALSE
affair,FALSE
employ,FALSE
activate,FALSE
channel,FALSE
river,FALSE
Dam,FALSE
listen,FALSE
cater,FALSE
react,TRUE
call,TRUE
search,TRUE
search,TRUE
day,TRUE
year,TRUE
minute,TRUE
second,TRUE
month,FALSE
week,FALSE
cycle,FALSE
percent,FALSE
moment,FALSE
digit,FALSE
initial,FALSE
adjust,FALSE
loss,FALSE
accelerate,FALSE
gas,FALSE
fluid,FALSE
obstacle,FALSE
hurdle,FALSE
suite,FALSE
#,FALSE
rule,TRUE
completion,FALSE
enforcement,FALSE
optimization,FALSE
programming,FALSE
adjustment,FALSE
z,FALSE
x,FALSE
m,FALSE
r,FALSE
h,FALSE
L,FALSE
you,FALSE
fine,FALSE
taxis,FALSE
autonomous,FALSE
motor,FALSE
complete,FALSE
finish,FALSE
confirm,FALSE
verify,FALSE
notice,FALSE
bill,FALSE
feed,TRUE
return,TRUE
sponsor,FALSE
range,TRUE
proportion,TRUE
distribution,TRUE
predict,FALSE
suspect,FALSE
experimental,FALSE
detect,TRUE
specimen,FALSE
death,FALSE
death,FALSE
fossil,FALSE
bird,FALSE
variation,FALSE
insect,FALSE
vary,TRUE
variation,FALSE
occur,TRUE
Suite,FALSE
almost,FALSE
virtually,FALSE
nearly,FALSE
select,TRUE
include,TRUE
use,TRUE
know,TRUE
find,TRUE
include,TRUE
make,TRUE
scenario,FALSE
monitor,TRUE
connect,TRUE
own,FALSE
buy,FALSE
acquire,TRUE
find,TRUE
telecommunication,FALSE
holder,FALSE
manager,TRUE
owner,FALSE
supply,FALSE
request,TRUE
send,TRUE
money,FALSE
director,FALSE
apparatus,FALSE
vessel,FALSE
vessel,FALSE
observe,FALSE
publish,TRUE
distribute,TRUE
transfer,TRUE
feed,FALSE
read,TRUE
view,TRUE
review,FALSE
book,FALSE
many,FALSE
new,FALSE
legal,FALSE
economic,FALSE
local,FALSE
external,FALSE
#,FALSE
to,FALSE
#,FALSE
#,FALSE
structural,FALSE
landscape,FALSE
broad,FALSE
negative,FALSE
harmful,FALSE
harm,FALSE
tie,FALSE
attachment,FALSE
news,FALSE
often,FALSE
could,FALSE
typically,FALSE
might,FALSE
institutes,FALSE
laboratory,TRUE
university,FALSE
wish,TRUE
borrow,FALSE
name,TRUE
image,TRUE
number,TRUE
chart,TRUE
unit,TRUE
everything,FALSE
point,TRUE
element,TRUE
result,TRUE
Google,FALSE
subsequent,FALSE
small,FALSE
instruction,TRUE
package,FALSE
directional,FALSE
magnetic,FALSE
coordinate,TRUE
nautical,FALSE
geometric,FALSE
longitude,TRUE
currency,FALSE
latitude,TRUE
altitude,FALSE
north,TRUE
mile,TRUE
west,TRUE
sciences,TRUE
discipline,FALSE
profession,FALSE
sphere,FALSE
expand,TRUE
generalize,FALSE
widen,FALSE
refine,FALSE
abstract,FALSE
close,FALSE
expose,FALSE
social,FALSE
human,FALSE
consumer,TRUE
employment,FALSE
community,TRUE
gender,FALSE
army,FALSE
reveal,TRUE
attract,FALSE
simultaneous,FALSE
concurrent,FALSE
million,FALSE
thousand,FALSE
municipality,FALSE
newspaper,FALSE
company,FALSE
everything,FALSE
transit,TRUE
terminal,FALSE
carry,TRUE
conjunction,FALSE
tune,FALSE
tandem,FALSE
concert,FALSE
association,TRUE
aid,TRUE
institution,TRUE
significant,FALSE
practical,FALSE
intrinsic,FALSE
real,FALSE
monetary,FALSE
net,FALSE
high,FALSE
payload,FALSE
inclusion,FALSE
exclusion,FALSE
study,TRUE
report,TRUE
question,FALSE
review,FALSE
issue,TRUE
test,TRUE
advance,FALSE
award,FALSE
authenticity,FALSE
inability,FALSE
willingness,TRUE
attain,FALSE
locality,FALSE
branch,TRUE
gap,FALSE
schedule,FALSE
Protocol,FALSE
affect,TRUE
spend,FALSE
allot,FALSE
consume,FALSE
consume,FALSE
convert,FALSE
manufacture,FALSE
automation,FALSE
power,TRUE
load,FALSE
german,FALSE
latin,FALSE
french,FALSE
russian,FALSE
spanish,FALSE
japanese,FALSE
Hebrew,FALSE
italian,FALSE
press,FALSE
render,FALSE
separately,FALSE
3d,FALSE
photographic,FALSE
2d,FALSE
cargo,FALSE
#,FALSE
#,FALSE
permit,TRUE
film,FALSE
interview,FALSE
machinery,FALSE
exceed,FALSE
match,TRUE
reach,TRUE
generally,FALSE
universally,FALSE
globally,FALSE
commonly,FALSE
commercially,FALSE
legally,FALSE
nationally,FALSE
socially,FALSE
purity,FALSE
freedom,FALSE
unity,FALSE
fully,FALSE
formally,FALSE
correctly,FALSE
lay,TRUE
qualification,FALSE
exceed,TRUE
obey,FALSE
#,FALSE
browser,FALSE
#,FALSE
execute,FALSE
proceed,FALSE
come,TRUE
commit,FALSE
Vietnam,FALSE
Japan,FALSE
Australia,FALSE
port,FALSE
China,FALSE
executive,FALSE
canal,FALSE
reality,FALSE
adaptation,FALSE
earthquake,FALSE
improvement,FALSE
assessment,FALSE
differ,TRUE
differ,TRUE
province,FALSE
nation,TRUE
director,FALSE
phd,FALSE
chair,FALSE
professor,FALSE
dean,FALSE
chairman,FALSE
associate,FALSE
mba,FALSE
variant,FALSE
organizer,FALSE
attempt,TRUE
try,TRUE
want,TRUE
seek,TRUE
decide,TRUE
launch,FALSE
hub,TRUE
tour,FALSE
patient,FALSE
km,TRUE
mile,FALSE
kilometer,FALSE
metre,FALSE
recognise,FALSE
mark,FALSE
incorporation,FALSE
addition,TRUE
propulsion,FALSE
emerge,TRUE
chip,FALSE
trust,FALSE
branch,FALSE
qualify,FALSE
youth,FALSE
satisfaction,FALSE
#,FALSE
#,FALSE
remain,TRUE
half,TRUE
constitution,FALSE
justification,FALSE
direction,FALSE
score,FALSE
score,FALSE
arrange,FALSE
rank,TRUE
order,TRUE
color,FALSE
colour,FALSE
color,FALSE
cycle,TRUE
tie,TRUE
bind,FALSE
pull,TRUE
join,TRUE
weave,FALSE
strung,FALSE
think,FALSE
reason,FALSE
logic,FALSE
root,FALSE
laboratory,FALSE
project,FALSE
operation,FALSE
agency,FALSE
watch,TRUE
retirement,FALSE
household,FALSE
investment,FALSE
grow,TRUE
#,FALSE
#,FALSE
#,FALSE
migrate,FALSE
change,TRUE
different,FALSE
multiple,FALSE
use,TRUE
find,TRUE
simple,FALSE
complex,FALSE
single,FALSE
two,FALSE
cell,FALSE
spectral,FALSE