reason,TRUE
purpose,TRUE
example,TRUE
article,TRUE
application,TRUE
case,TRUE
context,TRUE
purpose,TRUE
instance,TRUE
use,TRUE
issue,TRUE
function,TRUE
system,TRUE
reason,TRUE
usage,TRUE
xml,TRUE
document,TRUE
specification,TRUE
standard,FALSE
datum,TRUE
database,TRUE
specific,FALSE
model,TRUE
reference,TRUE
software,TRUE
particular,FALSE
service,TRUE
type,TRUE
generic,FALSE
source,TRUE
system,FALSE
resource,FALSE
type,FALSE
service,FALSE
reference,FALSE
information,FALSE
datum,FALSE
manager,FALSE
management,FALSE
description,TRUE
Model,FALSE
file,FALSE
attribute,TRUE
typically,FALSE
usually,FALSE
generally,FALSE
explicitly,FALSE
also,FALSE
page,TRUE
often,FALSE
file,TRUE
currently,FALSE
necessarily,FALSE
normally,FALSE
actually,FALSE
contain,TRUE
include,TRUE
provide,TRUE
give,TRUE
use,TRUE
contain,TRUE
list,TRUE
offer,TRUE
define,TRUE
require,TRUE
present,TRUE
comprise,TRUE
allow,TRUE
one,FALSE
two,FALSE
part,TRUE
half,TRUE
three,FALSE
part,TRUE
portion,TRUE
four,FALSE
several,FALSE
specification,TRUE
element,TRUE
feature,TRUE
requirement,TRUE
component,TRUE
document,TRUE
rule,TRUE
item,TRUE
function,TRUE
variable,TRUE
attribute,TRUE
detail,TRUE
information,TRUE
word,TRUE
object,TRUE
then,FALSE
let,TRUE
here,FALSE
where,FALSE
so,FALSE
thus,FALSE
the,FALSE
if,FALSE
for,FALSE
bind,TRUE
limit,TRUE
bound,FALSE
value,TRUE
price,TRUE
index,TRUE
expression,FALSE
limit,TRUE
product,TRUE
bar,TRUE
factor,TRUE
threshold,FALSE
representation,TRUE
derivative,TRUE
term,TRUE
number,TRUE
amount,TRUE
fraction,FALSE
percentage,TRUE
quantity,TRUE
range,TRUE
set,TRUE
proportion,TRUE
unit,TRUE
ratio,TRUE
sum,TRUE
sequence,TRUE
unit,TRUE
group,TRUE
time,TRUE
day,TRUE
year,TRUE
hour,TRUE
term,TRUE
way,TRUE
month,TRUE
cent,FALSE
cycle,TRUE
point,TRUE
factor,TRUE
week,TRUE
second,FALSE
fix,TRUE
minimum,FALSE
low,FALSE
base,TRUE
market,TRUE
new,FALSE
maximum,FALSE
purchase,TRUE
nominal,FALSE
stock,TRUE
formula,FALSE
mean,TRUE
size,TRUE
definition,TRUE
rate,TRUE
value,TRUE
weight,TRUE
relation,TRUE
pay,TRUE
add,TRUE
correspond,TRUE
cost,TRUE
represent,TRUE
equal,TRUE
assign,TRUE
take,TRUE
contribute,TRUE
sell,TRUE
increase,TRUE
change,TRUE
whose,FALSE
own,TRUE
use,TRUE
provide,TRUE
#,FALSE
without,FALSE
telephone,TRUE
register,TRUE
provide,TRUE
phone,TRUE
line,TRUE
route,TRUE
call,TRUE
#,FALSE
address,TRUE
line,FALSE
line,TRUE
contact,TRUE
connection,TRUE
mail,TRUE
communication,TRUE
access,TRUE
network,TRUE
all,FALSE
two,FALSE
some,FALSE
other,FALSE
these,FALSE
certain,FALSE
any,FALSE
additional,FALSE
three,FALSE
many,FALSE
small,FALSE
most,FALSE
normal,FALSE
character,TRUE
bit,TRUE
edge,FALSE
#,FALSE
number,TRUE
digit,TRUE
corner,FALSE
integer,TRUE
end,TRUE
dot,FALSE
bit,TRUE
dimensional,FALSE
character,TRUE
string,TRUE
digit,TRUE
side,FALSE
letter,TRUE
point,TRUE
element,TRUE
space,TRUE
hole,FALSE
note,TRUE
column,TRUE
code,TRUE
row,TRUE
alphabet,FALSE
order,TRUE
key,TRUE
word,TRUE
grid,FALSE
array,TRUE
write,TRUE
label,TRUE
represent,TRUE
denote,TRUE
mark,TRUE
label,TRUE
indicate,TRUE
substitute,TRUE
specify,TRUE
fill,TRUE
show,TRUE
identify,TRUE
replace,TRUE
give,TRUE
[,FALSE
see,TRUE
on,FALSE
testing,TRUE
note,TRUE
consider,TRUE
indicate,TRUE
consider,TRUE
determine,TRUE
check,TRUE
see,TRUE
card,TRUE
test,TRUE
device,TRUE
contract,TRUE
certificate,TRUE
use,TRUE
issue,TRUE
modify,TRUE
amend,TRUE
utilize,TRUE
obtain,TRUE
change,TRUE
withdraw,TRUE
retain,TRUE
access,TRUE
process,TRUE
file,TRUE
alter,TRUE
purchase,TRUE
exploit,FALSE
legal,FALSE
commercial,FALSE
financial,FALSE
certain,FALSE
marketing,TRUE
insurance,TRUE
tax,TRUE
various,FALSE
advertising,FALSE
similar,FALSE
business,TRUE
promotional,FALSE
loss,TRUE
failure,FALSE
compliance,TRUE
do,TRUE
possible,FALSE
necessary,FALSE
apply,TRUE
achieve,TRUE
require,TRUE
useful,FALSE
TRUE,FALSE
perform,TRUE
accomplish,FALSE
make,TRUE
important,FALSE
wish,TRUE
want,TRUE
need,TRUE
request,TRUE
ask,TRUE
agree,TRUE
desire,TRUE
intend,TRUE
choose,TRUE
claim,TRUE
seek,TRUE
expect,TRUE
refuse,TRUE
pay,TRUE
trade,TRUE
invest,FALSE
buy,TRUE
sell,TRUE
include,TRUE
interested,FALSE
trading,TRUE
list,TRUE
exchange,TRUE
engage,FALSE
manner,TRUE
form,TRUE
way,TRUE
transaction,TRUE
condition,TRUE
format,TRUE
category,TRUE
position,TRUE
currency,TRUE
process,TRUE
scheme,TRUE
allocate,TRUE
need,TRUE
reserve,TRUE
offer,TRUE
intend,TRUE
designate,TRUE
charge,TRUE
available,FALSE
to,FALSE
either,FALSE
may,FALSE
shall,FALSE
it,FALSE
they,FALSE
or,FALSE
set,TRUE
lay,TRUE
find,TRUE
set,TRUE
work,TRUE
figure,TRUE
rule,TRUE
set,TRUE
work,TRUE
plan,TRUE
find,TRUE
carry,TRUE
working,FALSE
lay,TRUE
condition,TRUE
circumstance,TRUE
standard,TRUE
form,TRUE
principle,TRUE
criterion,TRUE
characteristic,TRUE
law,TRUE
right,TRUE
type,TRUE
procedure,TRUE
obligation,TRUE
regulation,TRUE
method,TRUE
duty,TRUE
provision,TRUE
acquire,TRUE
provide,TRUE
obtain,TRUE
sell,TRUE
buy,TRUE
produce,TRUE
receive,TRUE
deliver,TRUE
offer,TRUE
supply,TRUE
secure,TRUE
trade,TRUE
get,TRUE
exchange,TRUE
good,TRUE
product,TRUE
supply,TRUE
commodity,TRUE
merchandise,TRUE
equipment,TRUE
material,TRUE
material,TRUE
service,TRUE
property,TRUE
input,TRUE
resource,TRUE
labour,FALSE
money,TRUE
facility,TRUE
labor,FALSE
people,TRUE
its,FALSE
in,FALSE
his,FALSE
their,FALSE
this,TRUE
her,FALSE
a,FALSE
our,FALSE
class,TRUE
form,TRUE
section,TRUE
build,TRUE
draw,TRUE
stage,TRUE
phase,TRUE
know,TRUE
propose,TRUE
track,TRUE
introduce,TRUE
see,TRUE
need,TRUE
continue,TRUE
ought,FALSE
remain,TRUE
aim,TRUE
continue,TRUE
update,TRUE
able,FALSE
implement,TRUE
address,TRUE
improve,TRUE
adjust,FALSE
maintain,TRUE
understand,TRUE
consider,TRUE
develop,TRUE
facilitate,TRUE
allow,TRUE
enable,TRUE
ensure,TRUE
include,TRUE
make,TRUE
support,TRUE
permit,TRUE
prevent,TRUE
improve,TRUE
manage,TRUE
collection,TRUE
analysis,TRUE
management,TRUE
share,TRUE
compilation,FALSE
processing,TRUE
transmission,TRUE
storage,TRUE
creation,TRUE
integration,TRUE
gather,FALSE
generation,FALSE
allocation,FALSE
statistical,FALSE
economic,FALSE
accurate,FALSE
additional,FALSE
reliable,FALSE
quality,TRUE
relevant,FALSE
government,TRUE
raw,FALSE
statistic,FALSE
knowledge,TRUE
decision,TRUE
report,TRUE
base,TRUE
control,TRUE
record,TRUE
resource,TRUE
input,TRUE
security,TRUE
aspect,TRUE
status,TRUE
pattern,TRUE
control,TRUE
effect,TRUE
economic,TRUE
impact,TRUE
import,TRUE
import,TRUE
export,TRUE
production,TRUE
income,FALSE
sale,TRUE
export,TRUE
revenue,TRUE
revenue,TRUE
export,TRUE
acquisition,TRUE
market,TRUE
import,TRUE
price,TRUE
wale,FALSE
Ireland,FALSE
France,FALSE
Scotland,FALSE
yorkshire,FALSE
England,FALSE
Gibraltar,FALSE
Netherlands,FALSE
Jersey,FALSE
Norway,FALSE
Italy,FALSE
kent,FALSE
iceland,FALSE
Canada,FALSE
malta,FALSE
he,FALSE
mail,TRUE
that,FALSE
she,FALSE
time,TRUE
sms,TRUE
basis,TRUE
channel,TRUE
label,TRUE
tool,TRUE
entry,TRUE
container,TRUE
name,TRUE
message,TRUE
text,TRUE
file,TRUE
content,TRUE
documentation,TRUE
text,TRUE
image,TRUE
email,TRUE
letter,TRUE
pass,TRUE
pass,TRUE
transfer,TRUE
send,TRUE
transmit,TRUE
transfer,TRUE
transfer,TRUE
flow,TRUE
convey,FALSE
pass,TRUE
flow,TRUE
come,TRUE
receive,TRUE
computer,TRUE
user,TRUE
client,TRUE
person,TRUE
recipient,TRUE
subject,TRUE
receiver,TRUE
website,TRUE
customer,TRUE
publisher,FALSE
',FALSE
destination,TRUE
email,TRUE
internet,TRUE
internet,TRUE
telegraph,FALSE
video,FALSE
mobile,TRUE
online,FALSE
television,FALSE
tablet,FALSE
web,TRUE
phone,TRUE
voice,FALSE
call,TRUE
#,FALSE
phone,TRUE
communication,TRUE
project,TRUE
schedule,TRUE
list,TRUE
plan,TRUE
map,TRUE
design,TRUE
divide,TRUE
organize,TRUE
categorize,FALSE
split,TRUE
group,TRUE
classify,TRUE
structure,TRUE
subdivide,FALSE
organise,TRUE
sort,TRUE
break,TRUE
separate,TRUE
arrange,FALSE
integrate,TRUE
category,TRUE
group,TRUE
section,TRUE
class,TRUE
area,TRUE
model,TRUE
region,TRUE
level,TRUE
layer,FALSE
credit,FALSE
credit,TRUE
bank,FALSE
banking,FALSE
cash,TRUE
saving,FALSE
financial,FALSE
bank,TRUE
credit,TRUE
business,FALSE
money,FALSE
finance,FALSE
life,TRUE
bond,FALSE
bank,TRUE
card,TRUE
agreement,FALSE
rule,FALSE
requirement,TRUE
Act,FALSE
number,TRUE
certificate,FALSE
law,FALSE
exemption,FALSE
pass,FALSE
tax,FALSE
license,FALSE
agreement,TRUE
reduce,TRUE
remove,TRUE
describe,TRUE
involve,TRUE
address,TRUE
denote,TRUE
ability,TRUE
opportunity,FALSE
possibility,FALSE
request,TRUE
option,TRUE
chance,FALSE
incentive,TRUE
obligation,TRUE
eligibility,FALSE
attempt,TRUE
right,TRUE
time,TRUE
write,TRUE
sign,TRUE
submit,TRUE
hold,TRUE
create,TRUE
complete,TRUE
print,TRUE
board,FALSE
foundation,FALSE
note,TRUE
source,TRUE
however,FALSE
also,FALSE
additionally,FALSE
specifically,FALSE
example,TRUE
therefore,FALSE
far,FALSE
second,FALSE
rating,TRUE
metric,FALSE
score,FALSE
method,TRUE
rule,TRUE
level,TRUE
parameter,TRUE
responsible,FALSE
valid,FALSE
define,TRUE
appropriate,FALSE
error,TRUE
item,TRUE
scale,TRUE
distance,TRUE
date,TRUE
year,TRUE
schedule,TRUE
death,TRUE
issue,TRUE
ready,FALSE
attendance,FALSE
#,FALSE
#,FALSE
date,TRUE
#,FALSE
day,FALSE
#,FALSE
#,FALSE
number,FALSE
present,FALSE
order,TRUE
Friday,FALSE
place,TRUE
period,TRUE
location,TRUE
day,TRUE
hour,TRUE
extent,FALSE
frequency,TRUE
year,TRUE
month,TRUE
moment,TRUE
week,TRUE
event,TRUE
duration,TRUE
night,TRUE
time,TRUE
program,TRUE
activity,TRUE
vehicle,TRUE
person,TRUE
asset,TRUE
deliver,TRUE
complete,TRUE
produce,TRUE
acquire,TRUE
version,TRUE
language,TRUE
translation,TRUE
title,TRUE
extension,TRUE
end,TRUE
portion,TRUE
edition,TRUE
equivalent,TRUE
original,FALSE
basic,FALSE
dictionary,FALSE
canonical,FALSE
latin,FALSE
main,FALSE
logical,FALSE
underlie,TRUE
syntax,TRUE
language,FALSE
standard,FALSE
Dictionary,FALSE
structure,TRUE
template,TRUE
framework,TRUE
implementation,TRUE
fit,TRUE
appear,TRUE
consist,TRUE
occur,TRUE
present,FALSE
record,TRUE
object,TRUE
entity,TRUE
thing,TRUE
directory,FALSE
password,FALSE
name,TRUE
code,FALSE
program,TRUE
printer,TRUE
variable,TRUE
car,TRUE
machine,TRUE
stamp,TRUE
designation,TRUE
mark,TRUE
prefix,TRUE
employ,TRUE
assign,TRUE
adopt,TRUE
create,TRUE
devise,FALSE
establish,TRUE
authority,TRUE
authority,TRUE
administration,TRUE
agency,TRUE
department,FALSE
industry,TRUE
office,TRUE
ministry,FALSE
state,TRUE
carrier,TRUE
organization,TRUE
identify,TRUE
describe,TRUE
govern,TRUE
specify,TRUE
guide,TRUE
coordinate,TRUE
indicate,TRUE
regulate,TRUE
define,TRUE
denote,TRUE
represent,TRUE
mode,TRUE
pattern,TRUE
variety,TRUE
delivery,TRUE
geographical,FALSE
station,TRUE
#,FALSE
system,TRUE
symbol,TRUE
logo,TRUE
length,TRUE
script,TRUE
pair,TRUE
row,TRUE
column,TRUE
kind,TRUE
combination,TRUE
string,TRUE
sequence,TRUE
team,TRUE
seat,TRUE
country,TRUE
member,TRUE
participant,FALSE
leg,FALSE
nation,TRUE
panel,FALSE
question,TRUE
state,TRUE
part,TRUE
section,TRUE
article,TRUE
chapter,TRUE
stage,TRUE
level,TRUE
table,TRUE
version,TRUE
title,TRUE
step,TRUE
volume,TRUE
phase,TRUE
book,TRUE
chapter,TRUE
series,TRUE
volume,TRUE
textbook,FALSE
treatise,FALSE
paper,TRUE
publication,TRUE
identify,TRUE
introduce,TRUE
cover,TRUE
outline,TRUE
establish,TRUE
discuss,TRUE
concern,TRUE
name,TRUE
concept,TRUE
phrase,TRUE
language,TRUE
reference,TRUE
definition,TRUE
symbol,TRUE
enter,TRUE
describe,TRUE
evaluate,TRUE
usable,FALSE
country,TRUE
area,TRUE
domain,TRUE
say,TRUE
follow,TRUE
declare,TRUE
ensure,TRUE
confirm,TRUE
show,TRUE
seem,TRUE
guarantee,TRUE
assume,TRUE
fulfil,TRUE
sign,TRUE
terminate,FALSE
renew,TRUE
approve,TRUE
grant,TRUE
execute,TRUE
revoke,FALSE
cancel,TRUE
publish,TRUE
distribute,TRUE
return,TRUE
accept,TRUE
whole,FALSE
full,FALSE
entirety,FALSE
effect,TRUE
fully,FALSE
kind,TRUE
piece,TRUE
spirit,FALSE
total,TRUE
advance,TRUE
#,FALSE
cash,TRUE
message,TRUE
sample,FALSE
packet,TRUE
intelligence,FALSE
#,FALSE
interchange,TRUE
acquisition,TRUE
identification,TRUE
interpretation,FALSE
protocol,TRUE
technology,TRUE
solution,TRUE
technique,FALSE
measure,TRUE
operation,TRUE
screen,FALSE
enterprise,TRUE
server,TRUE
network,TRUE
bandwidth,FALSE
enable,TRUE
force,TRUE
permit,TRUE
challenge,TRUE
cause,TRUE
require,TRUE
help,TRUE
require,TRUE
allow,TRUE
encourage,FALSE
transmitter,FALSE
researcher,FALSE
administrator,FALSE
analyst,FALSE
processor,FALSE
reader,TRUE
programmer,FALSE
provider,TRUE
interpreter,FALSE
operator,TRUE
vendor,TRUE
driver,TRUE
translator,FALSE
host,TRUE
handle,TRUE
analyze,TRUE
connect,TRUE
understand,TRUE
view,TRUE
treat,TRUE
individual,FALSE
single,FALSE
electronic,FALSE
stream,FALSE
segment,TRUE
frame,TRUE
link,TRUE
revise,FALSE
extend,FALSE
correct,TRUE
expand,TRUE
upgrade,FALSE
enlarge,FALSE
add,TRUE
restore,TRUE
abandon,FALSE
reduce,TRUE
destroy,TRUE
lose,TRUE
ix,FALSE
VII,FALSE
ii,FALSE
18,FALSE
11,FALSE
authorize,TRUE
contract,TRUE
direct,TRUE
order,TRUE
hire,TRUE
authorise,FALSE
tasked,FALSE
ask,TRUE
appoint,FALSE
allow,TRUE
return,TRUE
store,TRUE
take,TRUE
distribute,TRUE
transport,TRUE
study,TRUE
research,TRUE
task,TRUE
survey,FALSE
review,TRUE
collaboration,FALSE
activity,TRUE
training,TRUE
development,TRUE
assessment,TRUE
mission,TRUE
conduct,TRUE
undertake,TRUE
coordinate,TRUE
initiate,TRUE
ongoing,FALSE
continue,TRUE
group,FALSE
sector,TRUE
office,FALSE
division,FALSE
community,TRUE
team,TRUE
directorate,FALSE
department,FALSE
division,TRUE
sector,FALSE
lead,TRUE
accord,TRUE
contribute,TRUE
belong,TRUE
link,TRUE
attach,TRUE
lead,TRUE
thank,FALSE
due,FALSE
affiliate,TRUE
prior,FALSE
report,TRUE
#,FALSE
#,FALSE
source,TRUE
2008,FALSE
service,TRUE
flight,FALSE
transfer,TRUE
route,TRUE
payment,TRUE
travel,TRUE
train,TRUE
connection,TRUE
trip,TRUE
road,TRUE
tour,FALSE
ticket,TRUE
bill,TRUE
Australia,FALSE
Japan,FALSE
Washington,FALSE
China,FALSE
London,FALSE
Russia,FALSE
Germany,FALSE
Moscow,FALSE
India,FALSE
home,TRUE
tehran,FALSE
Iran,FALSE
Taiwan,FALSE
circulation,FALSE
reach,TRUE
pocket,FALSE
session,FALSE
account,TRUE
status,FALSE
removal,TRUE
completion,TRUE
continuation,FALSE
replacement,TRUE
mean,TRUE
inclusion,TRUE
result,TRUE
elimination,TRUE
delete,TRUE
revision,TRUE
retention,TRUE
abandonment,FALSE
exclusion,TRUE
termination,TRUE
remove,TRUE
modification,TRUE
change,TRUE
substitute,FALSE
renewal,FALSE
update,TRUE
maintenance,FALSE
obsolete,FALSE
substitution,FALSE
module,TRUE
tool,TRUE
option,TRUE
application,TRUE
device,TRUE
tailor,FALSE
sufficient,FALSE
design,TRUE
adapt,TRUE
optional,FALSE
perform,TRUE
cover,TRUE
implement,TRUE
run,TRUE
execute,TRUE
conduct,TRUE
operate,TRUE
custom,TRUE
special,FALSE
specialize,FALSE
internal,FALSE
operate,TRUE
automate,TRUE
external,FALSE
list,TRUE
summary,FALSE
render,FALSE
read,TRUE
statement,TRUE
explanation,FALSE
choice,FALSE
representative,TRUE
representative,FALSE
choice,TRUE
product,TRUE
agent,TRUE
partner,FALSE
agency,FALSE
index,TRUE
page,TRUE
integer,TRUE
constant,FALSE
matrix,FALSE
graph,TRUE
start,TRUE
begin,TRUE
along,FALSE
together,FALSE
associate,TRUE
start,TRUE
end,TRUE
pair,TRUE
call,TRUE
namely,FALSE
like,FALSE
power,TRUE
dimension,FALSE
probability,TRUE
precision,FALSE
integral,FALSE
field,TRUE
mass,TRUE
cost,TRUE
bulk,TRUE
weight,FALSE
capacity,TRUE
ship,TRUE
cargo,TRUE
vessel,TRUE
load,TRUE
vehicle,TRUE
ship,TRUE
freight,TRUE
grain,FALSE
good,FALSE
helpful,FALSE
mainly,FALSE
background,TRUE
general,FALSE
detail,FALSE
biographical,FALSE
geographic,FALSE
identify,TRUE
since,FALSE
building,FALSE
system,TRUE
project,TRUE
material,TRUE
program,TRUE
collection,TRUE
plain,FALSE
incomplete,FALSE
block,TRUE
short,FALSE
close,TRUE
simple,FALSE
absent,FALSE
open,FALSE
fold,TRUE
separate,FALSE
play,TRUE
play,TRUE
result,TRUE
membership,TRUE
pay,TRUE
standing,FALSE
game,TRUE
write,TRUE
Games,FALSE
state,TRUE
say,TRUE
record,TRUE
confirm,TRUE
prove,TRUE
declare,TRUE
release,TRUE
prove,TRUE
text,FALSE
technical,FALSE
project,FALSE
material,FALSE
validity,FALSE
copy,TRUE
nature,TRUE
correction,FALSE
cancellation,TRUE
reproduction,TRUE
edit,TRUE
proof,TRUE
replica,FALSE
report,TRUE
table,TRUE
give,TRUE
show,TRUE
display,TRUE
incorporate,TRUE
date,TRUE
actual,FALSE
initial,FALSE
current,FALSE
correspond,FALSE
exact,FALSE
expect,TRUE
final,FALSE
previous,FALSE
follow,TRUE
per,FALSE
event,TRUE
event,TRUE
action,TRUE
#,FALSE
mechanism,TRUE
difference,TRUE
relationship,TRUE
interval,FALSE
balance,TRUE
transition,FALSE
difference,TRUE
payment,TRUE
release,TRUE
assembly,FALSE
incident,FALSE
settlement,TRUE
sale,TRUE
default,TRUE
negotiation,TRUE
future,FALSE
potential,FALSE
applicable,FALSE
subsequent,FALSE
relate,FALSE
upon,FALSE
monetary,FALSE
fee,TRUE
pay,TRUE
compensation,TRUE
pricing,FALSE
correlation,FALSE
comparison,FALSE
distinction,FALSE
interaction,TRUE
contrast,TRUE
relation,TRUE
similarity,FALSE
correspondence,FALSE
separation,FALSE
generate,TRUE
capture,FALSE
supply,TRUE
output,TRUE
measure,TRUE
perceive,FALSE
quantity,TRUE
finite,FALSE
free,FALSE
real,FALSE
pure,FALSE
rational,FALSE
complex,FALSE
calculate,TRUE
abbreviation,TRUE
acronym,FALSE
motto,FALSE
initial,TRUE
brand,TRUE
slogan,FALSE
surname,TRUE
company,TRUE
town,TRUE
city,TRUE
build,TRUE
company,TRUE
firm,TRUE
player,TRUE
node,FALSE
village,FALSE
family,TRUE
tribe,FALSE
tree,TRUE
station,TRUE
child,FALSE
cell,TRUE
specie,TRUE
help,TRUE
make,TRUE
#,FALSE
#,FALSE
publish,TRUE
publishing,FALSE
#,FALSE
support,FALSE
award,TRUE
series,FALSE
•,FALSE
electronic,FALSE
company,TRUE
product,TRUE
record,FALSE
individual,TRUE
deem,TRUE
find,TRUE
hold,TRUE
determine,TRUE
administrative,FALSE
historical,FALSE
#,FALSE
#,FALSE
operation,TRUE
#,FALSE
result,TRUE
performance,TRUE
attempt,TRUE
decide,TRUE
try,TRUE
fail,TRUE
begin,TRUE
plan,TRUE
fail,TRUE
calculate,TRUE
adjust,FALSE
determine,TRUE
reduce,TRUE
increase,TRUE
estimate,TRUE
modify,TRUE
meet,TRUE
problem,TRUE
decision,TRUE
start,TRUE
anniversary,FALSE
loan,TRUE
last,FALSE
file,TRUE
play,TRUE
fulfill,FALSE
fill,TRUE
assume,TRUE
occupy,TRUE
serve,TRUE
share,TRUE
undertake,TRUE
multitude,FALSE
couple,FALSE
combination,TRUE
lot,FALSE
pair,TRUE
diversity,FALSE
role,TRUE
game,TRUE
card,TRUE
song,FALSE
position,TRUE
scenario,FALSE
action,TRUE
instrument,TRUE
variation,FALSE
trick,FALSE
game,TRUE
analysis,TRUE
determination,TRUE
regulation,TRUE
review,TRUE
understand,TRUE
control,TRUE
history,TRUE
understanding,FALSE
knowledge,TRUE
evaluation,TRUE
classification,TRUE
wage,FALSE
agreement,TRUE
norm,FALSE
sign,TRUE
contract,TRUE
issue,TRUE
treaty,FALSE
policy,TRUE
custom,TRUE
restriction,FALSE
article,TRUE
peace,FALSE
cooperation,TRUE
marriage,FALSE
surrender,FALSE
employment,TRUE
negotiation,TRUE
war,TRUE
an,FALSE
each,FALSE
every,FALSE
one,FALSE
another,FALSE
randomly,FALSE
uniquely,FALSE
automatically,FALSE
locally,FALSE
manually,FALSE
newly,FALSE
specially,FALSE
freely,FALSE
naturally,FALSE
digitally,FALSE
correctly,FALSE
hardware,TRUE
programming,TRUE
#,FALSE
#,FALSE
assume,TRUE
choose,TRUE
presume,TRUE
take,TRUE
paper,TRUE
funding,FALSE
content,FALSE
license,TRUE
lease,FALSE
move,TRUE
manage,TRUE
communicate,TRUE
collect,TRUE
gather,TRUE
name,FALSE
table,TRUE
resource,FALSE
book,FALSE
incentive,TRUE
fee,TRUE
info,TRUE
distribution,TRUE
customer,TRUE
sale,FALSE
buyer,TRUE
sell,TRUE
reader,TRUE
print,TRUE
prepare,FALSE
store,TRUE
transaction,TRUE
trade,TRUE
shop,FALSE
business,TRUE
power,TRUE
convert,TRUE
different,FALSE
derive,TRUE
vary,FALSE
buy,FALSE
seller,TRUE
food,TRUE
gold,TRUE
submit,TRUE
demand,TRUE
guarantee,TRUE
bid,FALSE
approval,TRUE
fund,TRUE
permission,TRUE
package,TRUE
order,TRUE
purchase,TRUE
otherwise,FALSE
subsequently,FALSE
repair,TRUE
previously,FALSE
essential,FALSE
mean,TRUE
critical,FALSE
establish,TRUE
generate,TRUE
assign,TRUE
locate,TRUE
#,FALSE
message,TRUE
inform,TRUE
advise,TRUE
assure,TRUE
remind,TRUE
tell,TRUE
convince,TRUE
inform,TRUE
inform,TRUE
alert,TRUE
inform,TRUE
#,FALSE
persuade,TRUE
warn,TRUE
reassure,FALSE
ask,TRUE
fact,TRUE
amount,TRUE
parameter,TRUE
constraint,FALSE
other,TRUE
shipment,TRUE
commodity,TRUE
package,TRUE
transport,TRUE
ship,TRUE
carry,TRUE
load,TRUE
handle,TRUE
seize,TRUE
but,FALSE
and,FALSE
as,FALSE
design,TRUE
use,TRUE
even,FALSE
hence,FALSE
save,TRUE
empty,FALSE
preserve,TRUE
search,TRUE
memory,TRUE
energy,TRUE
live,TRUE
interest,TRUE
life,TRUE
priority,TRUE
instruction,TRUE
care,TRUE
store,TRUE
save,TRUE
display,TRUE
present,TRUE
city,TRUE
club,TRUE
party,TRUE
winner,FALSE
town,TRUE
player,TRUE
building,FALSE
figure,FALSE
title,TRUE
variant,TRUE
ability,TRUE
mode,TRUE
mention,TRUE
recognize,TRUE
preserve,TRUE
count,TRUE
permit,TRUE
association,TRUE
municipality,TRUE
municipality,TRUE
one,TRUE
club,TRUE
district,TRUE
district,TRUE
association,TRUE
family,TRUE
belong,TRUE
belong,TRUE
appear,TRUE
come,TRUE
appear,TRUE
come,TRUE
belong,TRUE
fit,TRUE
correspond,TRUE
apply,TRUE
conform,FALSE
general,FALSE
shipping,TRUE
physical,FALSE
technical,FALSE
logistic,FALSE
chemical,FALSE
measurement,TRUE
engineering,TRUE
mechanical,FALSE
fundamental,FALSE
primary,FALSE
commonly,FALSE
directly,FALSE
concern,TRUE
involve,TRUE
connect,TRUE
deal,TRUE
consistent,FALSE
combine,TRUE
consume,FALSE
entrust,FALSE
handle,TRUE
transportation,TRUE
manufacture,TRUE
vessel,TRUE
ocean,FALSE
hull,FALSE
container,TRUE
sea,FALSE
port,TRUE
concept,TRUE
shipping,FALSE
load,TRUE
displacement,FALSE
prefer,FALSE
temporary,FALSE
mandatory,FALSE
alternative,FALSE
optimal,FALSE
response,TRUE
reaction,TRUE
answer,TRUE
reply,FALSE
contribution,TRUE
exposure,FALSE
approach,TRUE
response,TRUE
assignment,FALSE
through,FALSE
regard,TRUE
support,TRUE
improvement,TRUE
establishment,FALSE
formulation,FALSE
direction,FALSE
formation,FALSE
strengthen,FALSE
reform,FALSE
regulation,TRUE
evolution,FALSE
promotion,TRUE
private,FALSE
school,TRUE
policy,TRUE
utility,FALSE
employee,TRUE
direct,FALSE
land,TRUE
health,TRUE
public,FALSE
social,FALSE
environmental,FALSE
education,FALSE
plan,TRUE
fiscal,FALSE
strategy,TRUE
process,TRUE
force,TRUE
induce,FALSE
command,TRUE
expect,TRUE
urge,TRUE
seize,TRUE
remove,TRUE
accept,TRUE
inspect,FALSE
withdraw,TRUE
steal,TRUE
duty,TRUE
proceed,FALSE
content,TRUE
stop,TRUE
refuse,TRUE
cause,TRUE
deny,TRUE
cease,TRUE
resume,FALSE
delay,TRUE
possession,FALSE
disposal,FALSE
recovery,FALSE
seizure,FALSE
inspection,FALSE
profit,TRUE
debt,TRUE
agent,TRUE
successor,FALSE
servant,FALSE
assistant,FALSE
assistant,FALSE
associate,TRUE
owner,TRUE
employee,TRUE
staff,FALSE
creditor,TRUE
employer,FALSE
heir,FALSE
wife,FALSE
keep,TRUE
recover,FALSE
rest,TRUE
revenue,TRUE
total,FALSE
operation,TRUE
schedule,TRUE
procedure,TRUE
contain,TRUE
#,FALSE
describe,TRUE
detail,TRUE
monthly,FALSE
daily,FALSE
installment,FALSE
weekly,FALSE
assumption,TRUE
choice,TRUE
complaint,FALSE
recommendation,TRUE
conclusion,TRUE
mistake,FALSE
promise,TRUE
comment,FALSE
statement,TRUE
make,TRUE
reach,TRUE
impose,TRUE
raise,TRUE
accounting,TRUE
work,TRUE
well,FALSE
practice,TRUE
sense,TRUE
logic,TRUE
behavior,TRUE
ethic,FALSE
structure,TRUE
arrangement,FALSE
mechanism,TRUE
computer,TRUE
function,TRUE
operate,TRUE
construct,TRUE
manufacture,TRUE
instal,FALSE
program,TRUE
problem,TRUE
thing,TRUE
treat,TRUE
regard,TRUE
characterize,FALSE
view,TRUE
box,TRUE
#,FALSE
box,TRUE
hole,TRUE
board,TRUE
#,FALSE
#,FALSE
#,FALSE
sheep,FALSE
#,FALSE
powder,FALSE
#,FALSE
new,FALSE
key,FALSE
both,FALSE
plant,FALSE
specie,FALSE
application,FALSE
interface,TRUE
database,TRUE
model,TRUE
notice,FALSE
haul,FALSE
#,FALSE
#,FALSE
delay,TRUE
journey,FALSE
distance,TRUE
heavy,FALSE
poor,FALSE
damage,TRUE
bad,FALSE
excess,FALSE
cheap,FALSE
miss,TRUE
low,FALSE
delay,TRUE
dangerous,FALSE
expensive,FALSE
unreliable,FALSE
redundant,FALSE
aircraft,FALSE
infrastructure,TRUE
reliability,FALSE
lack,TRUE
breach,FALSE
breakdown,FALSE
absence,TRUE
denial,FALSE
spelling,FALSE
plural,FALSE
pronunciation,FALSE
dialect,FALSE
phrase,TRUE
share,TRUE
agree,TRUE
teach,TRUE
special,FALSE
no,FALSE
advise,TRUE
measure,TRUE
step,TRUE
advice,FALSE
consideration,FALSE
instruction,TRUE
risk,TRUE
take,TRUE
bring,TRUE
follow,TRUE
take,TRUE
seek,TRUE
regard,TRUE
towards,FALSE
concern,TRUE
toward,FALSE
benefit,TRUE
premise,FALSE
property,TRUE
risk,TRUE
variance,TRUE
differ,FALSE
departure,FALSE
stake,FALSE
#,FALSE
benefit,TRUE
competition,FALSE
buyer,TRUE
suitable,FALSE
common,FALSE
high,FALSE
entry,TRUE
multi,FALSE
state,TRUE
b,FALSE
high,FALSE
low,FALSE
National,FALSE
high,FALSE
top,FALSE
multi,FALSE
image,TRUE
reference,TRUE
header,TRUE
semantic,FALSE
visual,FALSE
translation,FALSE
encode,FALSE
guarantee,TRUE
suppose,TRUE
claim,TRUE
think,TRUE
exception,TRUE
holiday,FALSE
candidate,FALSE
grade,FALSE
consumer,TRUE
asset,TRUE
consumer,TRUE
environmental,FALSE
equal,FALSE
Personnel,FALSE
copyright,FALSE
employment,TRUE
property,TRUE
Crown,FALSE
integrity,FALSE
submission,TRUE
recall,FALSE
privacy,FALSE
protection,TRUE
safety,FALSE
disclosure,TRUE
audit,FALSE
solution,TRUE
technology,TRUE
capability,TRUE
first,FALSE
death,TRUE
registration,TRUE
birth,FALSE
write,TRUE
composition,TRUE
origin,FALSE
accession,TRUE
print,TRUE
book,FALSE
graph,FALSE
example,TRUE
page,TRUE
illustrate,TRUE
compare,TRUE
layout,FALSE
color,TRUE
diagram,TRUE
interface,TRUE
society,FALSE
Commission,FALSE
exclude,TRUE
affect,TRUE
involve,TRUE
reflect,TRUE
many,FALSE
site,TRUE
case,TRUE
defect,FALSE
protein,FALSE
non,FALSE
site,TRUE
manufacturer,TRUE
contain,TRUE
carry,TRUE
hold,TRUE
produce,TRUE
value,FALSE
character,FALSE
form,FALSE
word,FALSE
point,TRUE
price,TRUE
base,FALSE
include,TRUE
numerical,FALSE
#,FALSE
transfer,FALSE
supply,FALSE
use,FALSE
production,FALSE
selection,FALSE
sale,FALSE
release,FALSE
highlight,FALSE
outline,TRUE
examine,FALSE
explain,TRUE
#,FALSE
scope,TRUE
implication,FALSE
dimension,TRUE
initiative,TRUE
sector,TRUE
economy,TRUE
sphere,FALSE
eye,FALSE
track,TRUE
compare,TRUE
link,TRUE
review,TRUE
monitor,FALSE
chart,TRUE
entire,FALSE
overall,FALSE
functional,FALSE
digital,FALSE
dynamic,FALSE
share,TRUE
post,TRUE
intercept,FALSE
exchange,TRUE
private,FALSE
enterprise,TRUE
organisation,TRUE
user,TRUE
stakeholder,FALSE
partner,TRUE
organisation,TRUE
supplier,TRUE
client,TRUE
provider,TRUE
company,TRUE
agency,TRUE
source,TRUE
representative,TRUE
contractor,FALSE
entity,TRUE
investor,FALSE
operator,TRUE
channel,TRUE
cycle,TRUE
spectrum,FALSE
launch,TRUE
catalogue,FALSE
register,TRUE
catalog,FALSE
good,FALSE
#,FALSE
style,TRUE
style,FALSE
blank,FALSE
font,TRUE
#,FALSE
citation,FALSE
marker,FALSE
select,TRUE
place,TRUE
prepare,TRUE
select,TRUE
display,TRUE
compare,TRUE
edit,TRUE
create,TRUE
present,TRUE
sheet,FALSE
view,TRUE
presentation,FALSE
simply,FALSE
even,FALSE
else,FALSE
code,TRUE
environment,TRUE
Custom,FALSE
accompany,FALSE
person,FALSE
master,FALSE
direct,FALSE
Mr,FALSE
officer,FALSE
assistant,FALSE
shop,FALSE
be,FALSE
return,TRUE
administrator,FALSE
ceo,FALSE
director,TRUE
friend,FALSE
driver,FALSE
commissioner,FALSE
producer,FALSE
clerk,FALSE
author,TRUE
Controller,FALSE
publication,FALSE
standard,FALSE
research,FALSE
report,FALSE
archive,FALSE
domain,FALSE
group,TRUE
arrangement,FALSE
subset,FALSE
configuration,FALSE
pdf,FALSE
tag,TRUE
label,TRUE
library,FALSE
register,TRUE
block,TRUE
register,FALSE
party,TRUE
state,FALSE
province,TRUE
jurisdiction,TRUE
province,TRUE
house,TRUE
territory,TRUE
congregation,FALSE
entry,TRUE
copy,TRUE
version,TRUE
determine,TRUE
nickname,FALSE
pseudonym,FALSE
epithet,FALSE
alia,FALSE
agent,TRUE
athlete,FALSE
author,TRUE
actor,FALSE
audience,TRUE
enemy,FALSE
opponent,FALSE
refer,TRUE
name,TRUE
remember,FALSE
recognise,TRUE
abbreviate,FALSE
read,TRUE
hear,TRUE
something,FALSE
anything,FALSE
nothing,FALSE
proposition,FALSE
conversion,FALSE
claim,TRUE
practical,FALSE
copyright,FALSE
#,FALSE
subject,TRUE
audience,FALSE
constitute,TRUE
imply,TRUE
justify,FALSE
satisfy,FALSE
prove,TRUE
violate,FALSE
matter,TRUE
tag,TRUE
suffix,FALSE
signature,TRUE
component,TRUE
legislative,FALSE
issue,TRUE
sign,TRUE
execute,TRUE
establish,TRUE
receive,TRUE
reach,TRUE
form,TRUE
obtain,TRUE
grant,TRUE
enter,TRUE
draft,TRUE
vote,TRUE
proposal,FALSE
complaint,FALSE
bid,FALSE
invitation,FALSE
appointment,FALSE
check,TRUE
involve,TRUE
via,FALSE
particularly,FALSE
specifically,FALSE
preparation,FALSE
provision,TRUE
#,FALSE
order,FALSE
#,FALSE
article,FALSE
public,FALSE
civil,FALSE
air,FALSE
sustainable,FALSE
International,FALSE
road,FALSE
infrastructure,FALSE
urban,FALSE
passenger,FALSE
maritime,FALSE
integrate,TRUE
route,TRUE
reception,FALSE
sort,TRUE
molecular,FALSE
human,FALSE
brain,FALSE
protein,FALSE
c,TRUE
r,FALSE
out,FALSE
back,TRUE
v,FALSE
type,TRUE
likely,FALSE
owe,TRUE
trace,TRUE
award,TRUE
credit,TRUE
indicate,TRUE
imply,TRUE
state,TRUE
show,TRUE
allege,FALSE
say,TRUE
ensure,TRUE
assume,TRUE
prove,TRUE
explain,TRUE
know,TRUE
reveal,FALSE
send,TRUE
owe,TRUE
make,TRUE
deliver,TRUE
return,TRUE
give,TRUE
everything,FALSE
much,FALSE
declaration,FALSE
change,TRUE
principle,TRUE
freedom,FALSE
maintenance,TRUE
quality,TRUE
point,TRUE
resolution,TRUE
application,TRUE
）,FALSE
sort,TRUE
degree,TRUE
detail,TRUE
enough,FALSE
insufficient,FALSE
grasp,TRUE
interpret,FALSE
comprehend,FALSE
explain,TRUE
develop,TRUE
learn,TRUE
master,TRUE
theory,TRUE
unlikely,FALSE
discussion,TRUE
idea,TRUE
guidance,TRUE
around,FALSE
regulatory,FALSE
license,TRUE
#,FALSE
#,FALSE
#,FALSE
#,FALSE
#,FALSE
#,FALSE
#,FALSE
#,FALSE
#,FALSE
#,FALSE
#,FALSE
#,FALSE
annual,FALSE
emergency,FALSE
electricity,FALSE
national,FALSE
hospital,FALSE
UK,FALSE
certification,TRUE
defence,FALSE
defense,FALSE
assurance,FALSE
assistance,FALSE
visit,TRUE
consult,FALSE
follow,TRUE
click,TRUE
go,TRUE
download,TRUE
watch,TRUE
§,FALSE
Google,FALSE
introduction,TRUE
terminology,FALSE
notation,FALSE
capital,TRUE
report,TRUE
use,TRUE
common,FALSE
with,FALSE
give,TRUE
unique,FALSE
dependent,FALSE
instance,TRUE
ID,FALSE
serial,FALSE
telephone,TRUE
station,FALSE
press,FALSE
library,FALSE
museum,FALSE
archive,FALSE
compose,FALSE
void,FALSE
characteristic,FALSE
devoid,FALSE
substance,FALSE
sentence,FALSE
noun,FALSE
piece,TRUE
gene,FALSE
territory,TRUE
middle,TRUE
citation,FALSE
block,TRUE
letter,FALSE
create,TRUE
prevent,TRUE
lack,TRUE
deadline,TRUE
necessity,FALSE
unit,TRUE
official,FALSE
local,FALSE
location,FALSE
applicant,FALSE
voter,FALSE
student,TRUE
holder,TRUE
institution,TRUE
registry,FALSE
membership,TRUE
win,TRUE
such,FALSE
change,TRUE
have,FALSE
break,TRUE
hold,TRUE
perform,TRUE
sometimes,FALSE
while,FALSE
ball,FALSE
round,TRUE
party,TRUE
man,TRUE
quarter,FALSE
legge,FALSE
window,FALSE
deal,TRUE
strategy,FALSE
switch,FALSE
minimize,FALSE
eliminate,TRUE
offset,TRUE
decrease,TRUE
raise,TRUE
impact,TRUE
early,FALSE
soon,FALSE
close,FALSE
mid,FALSE
next,FALSE
begin,TRUE
late,FALSE
end,TRUE
side,TRUE
match,TRUE
odd,FALSE
traffic,FALSE
efficiency,TRUE
front,FALSE
head,FALSE
personal,FALSE
own,FALSE
home,TRUE
head,TRUE
difficult,FALSE
easy,FALSE
beneficial,FALSE
desirable,FALSE
detect,FALSE
correct,TRUE
avoid,TRUE
assess,TRUE
evaluate,TRUE
error,TRUE
bias,FALSE
trend,FALSE
gain,TRUE
similarity,FALSE
strength,FALSE
check,TRUE
gap,FALSE
flaw,FALSE
weakness,FALSE
fault,FALSE
failure,FALSE
difficulty,FALSE
confusion,FALSE
limitation,FALSE
selection,FALSE
screen,FALSE
manufacture,TRUE
learn,FALSE
calculation,FALSE
evaluation,TRUE
e,TRUE
post,FALSE
x,TRUE
pre,FALSE
p,TRUE
s,FALSE
j,FALSE
u,FALSE
t,TRUE
code,TRUE
key,TRUE
stamp,TRUE
enter,TRUE
resemble,FALSE
accompany,FALSE
app,TRUE
iphone,FALSE
bridge,FALSE
wheel,FALSE
desire,TRUE
experimental,FALSE
paste,FALSE
convert,TRUE
photograph,FALSE
description,TRUE
picture,FALSE
photo,TRUE
signature,TRUE
donor,FALSE
intent,FALSE
intention,FALSE
gift,TRUE
immediate,FALSE
recipient,TRUE
especially,FALSE
mostly,FALSE
except,FALSE
primarily,FALSE
notably,FALSE
send,TRUE
send,TRUE
Digital,FALSE
short,FALSE
personal,FALSE
basic,FALSE
free,FALSE
simple,FALSE
quick,FALSE
computer,FALSE
typical,FALSE
initial,FALSE
maximum,FALSE
average,FALSE
typically,FALSE
movement,FALSE
carriage,FALSE
commencement,TRUE
introduction,TRUE
virtual,FALSE
#,FALSE
rank,FALSE
identity,TRUE
verb,FALSE
question,TRUE
#,FALSE
existence,FALSE
mind,FALSE
charge,TRUE
practice,TRUE
member,TRUE
synonym,FALSE
feature,TRUE
m,FALSE
gb,FALSE
K,FALSE
MP,FALSE
mm,FALSE
EA,FALSE
at,FALSE
q,TRUE
ET,FALSE
h,FALSE
PA,FALSE
w,FALSE
gram,TRUE
meter,FALSE
metre,FALSE
ton,TRUE
gram,FALSE
kg,FALSE
pound,FALSE
100,FALSE
pack,FALSE
foot,FALSE
cartridge,FALSE
metre,TRUE
inch,FALSE
meter,FALSE
#,FALSE
foot,TRUE
kilometre,FALSE
centimetre,FALSE
#,FALSE
million,FALSE
path,FALSE
request,TRUE
control,TRUE
chain,FALSE
ticket,TRUE
deposit,TRUE
verify,TRUE
recognition,FALSE
retail,FALSE
typical,FALSE
firm,TRUE
corporation,TRUE
enterprise,TRUE
subsidiary,TRUE
incorporate,TRUE
locate,TRUE
headquarter,FALSE
originate,FALSE
found,TRUE
wholly,FALSE
situate,FALSE
limit,FALSE
commercial,FALSE
corporation,FALSE
corporate,FALSE
equation,FALSE
chart,FALSE
law,TRUE
#,FALSE
reflect,TRUE
demonstrate,FALSE
display,TRUE
of,FALSE
#,FALSE
hierarchy,FALSE
respect,FALSE
#,FALSE
regard,TRUE
favor,FALSE
favour,FALSE
matter,TRUE
temperature,FALSE
age,TRUE
yield,FALSE
fleet,FALSE
beside,FALSE
within,FALSE
behind,FALSE
represent,TRUE
precede,FALSE
denomination,FALSE
magnetic,FALSE
bear,TRUE
#,FALSE
cooperation,TRUE
contact,TRUE
communication,TRUE
partnership,FALSE
relation,TRUE
cooperate,FALSE
dialogue,FALSE
work,TRUE
negotiate,TRUE
NGOs,FALSE
organization,TRUE
medium,TRUE
government,TRUE
individual,TRUE
recommend,TRUE
note,TRUE
crucial,FALSE
vital,FALSE
clear,FALSE
suggest,TRUE
speaker,FALSE
viewer,FALSE
artist,FALSE
listener,FALSE
writer,FALSE
active,FALSE
consult,FALSE
participate,FALSE
assist,TRUE
task,TRUE
buy,TRUE
accept,TRUE
receive,TRUE
own,TRUE
lose,TRUE
deposit,TRUE
reject,FALSE
deny,TRUE
announce,TRUE
move,TRUE
mistake,FALSE
manager,TRUE
perform,TRUE
fill,TRUE
play,TRUE
retain,TRUE
exercise,FALSE
serve,TRUE
get,TRUE
role,TRUE
assist,TRUE
notify,TRUE
steal,FALSE
repair,TRUE
profit,TRUE
Bold,FALSE
joker,FALSE
deck,FALSE
lottery,FALSE
politician,FALSE
leader,FALSE
nominee,FALSE
member,TRUE
mp,FALSE
leader,FALSE
president,FALSE
play,TRUE
list,TRUE
award,TRUE
signal,TRUE
wish,TRUE
wish,TRUE
want,TRUE
intend,TRUE
want,TRUE
book,TRUE
background,FALSE
allot,FALSE
envelope,FALSE
iso,TRUE
editor,FALSE
editor,FALSE
block,TRUE
translate,FALSE
type,TRUE
download,TRUE
capability,TRUE
freedom,FALSE
responsibility,TRUE
retrieve,TRUE
note,TRUE
exchange,FALSE
program,FALSE
Carrier,FALSE
Protocol,FALSE
express,FALSE
terminal,FALSE
behaviour,FALSE
accuracy,FALSE
depend,TRUE
rely,TRUE
focus,TRUE
depend,TRUE
depend,TRUE
center,FALSE
rest,TRUE
build,TRUE
focus,TRUE
rely,TRUE
centre,TRUE
operate,TRUE
rely,TRUE
basis,TRUE
inability,FALSE
availability,TRUE
sensitivity,FALSE
willingness,FALSE
recognize,TRUE
command,TRUE
algorithm,FALSE
mixture,FALSE
mix,FALSE
zone,FALSE
county,TRUE
mark,TRUE
span,TRUE
size,TRUE
degree,TRUE
coverage,FALSE
jurisdiction,TRUE
subdivision,TRUE
branch,TRUE
region,TRUE
sub,TRUE
sub,TRUE
semi,FALSE
quasi,FALSE
micro,FALSE
bi,FALSE
super,FALSE
de,TRUE
meta,FALSE
body,TRUE
division,TRUE
department,TRUE
indian,FALSE
administration,TRUE
market,FALSE
who,FALSE
adjustment,FALSE
reduction,FALSE
addition,TRUE
alternative,TRUE
genre,FALSE
topic,FALSE
high,FALSE
thereof,FALSE
schedule,TRUE
go,TRUE
ready,FALSE
destine,FALSE
publish,TRUE
fire,TRUE
cable,FALSE
rail,FALSE
satellite,FALSE
broadband,FALSE
local,FALSE
terminal,TRUE
bus,FALSE
microwave,FALSE
dead,FALSE
season,FALSE
long,FALSE
shift,FALSE
night,TRUE
weekend,FALSE
less,FALSE
dealing,FALSE
interaction,TRUE
communicating,FALSE
discussion,TRUE
contact,TRUE
beyond,FALSE
exclude,TRUE
post,TRUE
declaration,TRUE
announcement,FALSE
grant,TRUE
institution,TRUE
office,TRUE
school,TRUE
project,TRUE
fund,TRUE
support,TRUE
cover,TRUE
objective,FALSE
mission,FALSE
priority,TRUE
among,FALSE
situation,TRUE
consider,TRUE
plate,FALSE
Ace,FALSE
leaf,FALSE
plate,FALSE
magazine,TRUE
newspaper,FALSE
fragment,FALSE
accessible,FALSE
tape,FALSE
cd,FALSE
disc,FALSE
disk,FALSE
manuscript,FALSE
copy,TRUE
discover,TRUE
family,TRUE
individual,FALSE
brand,FALSE
collective,FALSE
self,FALSE
history,TRUE
identity,TRUE
check,TRUE
monitor,FALSE
ignore,FALSE
filter,FALSE
transmit,TRUE
record,TRUE
request,TRUE
alone,FALSE
already,FALSE
transmit,TRUE
send,TRUE
exist,TRUE
manage,TRUE
happen,TRUE
retrieve,TRUE
weight,TRUE
strength,FALSE
weigh,FALSE
weigh,TRUE
measure,TRUE
divide,TRUE
govern,TRUE
dry,FALSE
gross,FALSE
word,TRUE
letter,FALSE
language,FALSE
key,FALSE
place,FALSE
group,FALSE
chart,FALSE
feature,FALSE
flag,FALSE
III,FALSE
case,TRUE
Mark,FALSE
variant,TRUE
leader,FALSE
report,FALSE
staff,TRUE
member,FALSE
composition,FALSE
role,TRUE
chairman,FALSE
secretary,FALSE
certify,FALSE
indicator,FALSE
mark,TRUE
contexts,FALSE
situation,TRUE
domain,TRUE
power,TRUE
meaning,TRUE
ownership,TRUE
rating,TRUE
saving,TRUE
advantage,TRUE
reward,TRUE
loss,TRUE
rate,TRUE
consequence,FALSE
occur,TRUE
arise,TRUE
exist,TRUE
happen,TRUE
lie,TRUE
occur,TRUE
come,TRUE
investment,TRUE
go,TRUE
flow,TRUE
pass,TRUE
move,TRUE
run,TRUE
travel,TRUE
progress,FALSE
advance,TRUE
experience,FALSE
authorization,TRUE
order,TRUE
intervention,FALSE
activation,FALSE
injection,FALSE
help,TRUE
#,FALSE
strategic,FALSE
purchase,TRUE
effectiveness,FALSE
place,TRUE
english,FALSE
ask,TRUE
get,TRUE
tell,TRUE
ask,TRUE
call,TRUE
trust,FALSE
become,TRUE
select,TRUE
know,TRUE
select,TRUE
pleasure,FALSE
sin,FALSE
crime,FALSE
privilege,FALSE
God,FALSE
we,FALSE
more,FALSE
include,TRUE
Microsoft,FALSE
People,FALSE
apple,FALSE
Wikipedia,FALSE
IBM,FALSE
facebook,FALSE
adobe,FALSE
publisher,FALSE
child,FALSE
mcdonald,FALSE
link,TRUE
insertion,TRUE
look,TRUE
fit,TRUE
incorporation,FALSE
installation,FALSE
government,FALSE
postal,FALSE
transport,FALSE
window,FALSE
communication,TRUE
warning,FALSE
2012,FALSE
call,TRUE
transportation,TRUE
line,TRUE
carrier,TRUE
colour,TRUE
colour,FALSE
color,FALSE
#,FALSE
#,FALSE
brightness,FALSE
red,FALSE
yellow,FALSE
blue,FALSE
bold,FALSE
pink,FALSE
green,FALSE
orange,FALSE
black,FALSE
purple,FALSE
white,FALSE
gray,FALSE
grey,FALSE
brown,FALSE
light,TRUE
aspect,TRUE
dot,FALSE
shade,FALSE
gender,FALSE
height,FALSE
natural,FALSE
evil,FALSE
waste,FALSE
classification,TRUE
low,FALSE
grade,TRUE
convention,FALSE
treaty,TRUE
compatible,FALSE
methodology,FALSE
method,FALSE
check,TRUE
visa,FALSE
wallet,TRUE
regular,FALSE
discount,TRUE
executive,FALSE
postal,FALSE
reverse,FALSE
bill,TRUE
room,TRUE
charge,TRUE
dollar,FALSE
travel,TRUE
token,FALSE
recommendation,FALSE
passport,FALSE
mortgage,FALSE
depend,TRUE
leave,TRUE
hand,TRUE
arrival,FALSE
smart,FALSE
loyalty,FALSE
#,FALSE
chip,TRUE
#,FALSE
#,FALSE
#,FALSE
#,FALSE
#,FALSE
reservation,FALSE
pay,TRUE
it,FALSE
compute,FALSE
international,FALSE
mandate,FALSE
initiative,FALSE
partnership,FALSE
emphasize,FALSE
eliminate,TRUE
recognize,TRUE
imply,TRUE
opportunity,FALSE
tendency,FALSE
burden,FALSE
retailer,TRUE
manufacturer,TRUE
industry,TRUE
consumer,TRUE
telecommunication,FALSE
vendor,TRUE
developer,FALSE
offering,FALSE
compete,TRUE
look,TRUE
advocate,FALSE
cater,TRUE
accounting,TRUE
formerly,FALSE
aka,FALSE
plan,TRUE
insurance,FALSE
investment,FALSE
security,FALSE
image,TRUE
photo,FALSE
visual,FALSE
video,FALSE
deploy,FALSE
buffer,FALSE
picture,FALSE
frame,FALSE
map,TRUE
Borough,FALSE
Metropolitan,FALSE
city,TRUE
mayor,FALSE
Croydon,FALSE
district,TRUE
westminster,FALSE
Greenwich,FALSE
town,TRUE
refer,TRUE
refer,TRUE
refer,TRUE
boundary,FALSE
boundary,FALSE
#,FALSE
border,FALSE
borough,TRUE
neighbourhood,FALSE
locality,FALSE
suburb,TRUE
ward,TRUE
township,FALSE
neighborhood,FALSE
county,TRUE
parish,FALSE
commune,FALSE
centre,TRUE
remnant,FALSE
estate,FALSE
precinct,FALSE
suburb,FALSE
north,FALSE
south,FALSE
independent,FALSE
outside,FALSE
west,TRUE
constituency,FALSE
assembly,FALSE
county,FALSE
bridge,FALSE
borough,TRUE
municipality,FALSE
municipal,FALSE
bank,TRUE
ministry,FALSE
court,TRUE
police,FALSE
council,TRUE
railway,FALSE
trust,TRUE
governor,FALSE
airport,FALSE
port,FALSE
airline,FALSE
railroad,FALSE
passenger,FALSE
official,TRUE
officer,TRUE
controller,FALSE
advisor,FALSE
job,TRUE
job,FALSE
clean,FALSE
skill,FALSE
career,FALSE
act,TRUE
occupy,TRUE
negotiate,TRUE
author,TRUE
Bureau,FALSE
Minister,FALSE
settlement,FALSE
root,FALSE
society,FALSE
corporation,TRUE
political,FALSE
platform,TRUE
collect,TRUE
generate,TRUE
news,FALSE
personnel,FALSE
variation,TRUE
consequence,FALSE
phenomenon,FALSE
defect,FALSE
regulation,TRUE
court,TRUE
organization,TRUE
Congress,FALSE
country,TRUE
warrant,FALSE
seek,TRUE
mean,TRUE
acceptance,FALSE
adoption,FALSE
suspension,FALSE
withdrawal,FALSE
repeal,FALSE
expansion,FALSE
whether,FALSE
worth,FALSE
ease,FALSE
amendment,FALSE
alteration,FALSE
legislation,FALSE
statute,FALSE
court,TRUE
construction,FALSE
inception,FALSE
floor,FALSE
roof,FALSE
wall,FALSE
ceiling,FALSE
balcony,FALSE
shelf,FALSE
attic,FALSE
bench,FALSE
basement,FALSE
apartment,FALSE
suite,FALSE
bedroom,FALSE
bathroom,FALSE
lounge,FALSE
studio,FALSE
residence,FALSE
accommodation,FALSE
workshop,FALSE
flat,FALSE
hotel,FALSE
house,TRUE
library,TRUE
world,TRUE
major,FALSE
phase,TRUE
stage,TRUE
football,FALSE
cricket,TRUE
baseball,FALSE
athletic,FALSE
gameplay,FALSE
chess,FALSE
film,FALSE
music,FALSE
focus,TRUE
commission,TRUE
#,FALSE
#,FALSE
#,FALSE
#,FALSE
km,FALSE
relate,TRUE
affiliate,TRUE
institute,FALSE
subsidiary,TRUE
headquarter,FALSE
undertaking,FALSE
trade,FALSE
full,FALSE
social,FALSE
university,TRUE
NSA,FALSE
chain,TRUE
scale,TRUE
principle,TRUE
define,TRUE
regulate,TRUE
cover,TRUE
fashion,FALSE
food,TRUE
food,TRUE
garment,FALSE
package,TRUE
value,TRUE
assess,TRUE
price,TRUE
regulate,TRUE
test,TRUE
pre,TRUE
clause,FALSE
paragraph,FALSE
#,FALSE
convention,FALSE
#,FALSE
#,FALSE
#,FALSE
charter,FALSE
#,FALSE
#,FALSE
band,FALSE
variety,TRUE
student,FALSE
color,TRUE
occurrence,FALSE
placement,FALSE
presence,FALSE
appearance,FALSE
java,FALSE
turn,TRUE
west,FALSE
north,FALSE
sandy,FALSE
long,FALSE
Castle,FALSE
south,FALSE
east,FALSE
round,FALSE
#,FALSE
#,FALSE
#,FALSE
#,FALSE
map,TRUE
fit,TRUE
exception,TRUE
aid,FALSE
consent,FALSE
graphic,FALSE
layer,FALSE
module,TRUE
†,FALSE
youtube,FALSE
support,TRUE
ex,FALSE
per,FALSE
#,FALSE
#,FALSE
#,FALSE
#,FALSE
#,FALSE
#,FALSE
#,FALSE
#,FALSE
#,FALSE
#,FALSE
#,FALSE
#,FALSE
#,FALSE
#,FALSE
#,FALSE
fine,FALSE
penalty,FALSE
plus,FALSE
traffic,FALSE
expense,TRUE
expenditure,FALSE
duty,FALSE
parking,FALSE
visa,TRUE
license,TRUE
licence,FALSE
administer,TRUE
testing,FALSE
please,FALSE
promote,FALSE
encourage,FALSE
increase,TRUE
improve,TRUE
reduce,TRUE
enable,TRUE
promote,FALSE
importance,FALSE
reserve,TRUE
job,TRUE
fuel,FALSE
increase,TRUE
efficient,FALSE
collect,TRUE
accept,TRUE
offer,TRUE
partial,FALSE
accord,TRUE
limit,TRUE
regional,FALSE
#,FALSE
flag,TRUE
disclose,FALSE
keep,TRUE
satisfactory,FALSE
acceptable,FALSE
binary,FALSE
japanese,FALSE
US,FALSE
trademark,FALSE
sole,FALSE
developer,FALSE
supplier,TRUE
designer,FALSE
branding,FALSE
software,FALSE
disable,FALSE
retain,TRUE
replace,TRUE
restore,TRUE
remain,TRUE
add,TRUE
directory,FALSE
design,FALSE
guide,FALSE
equity,FALSE
protection,FALSE
framework,FALSE
#,FALSE
#,FALSE
#,FALSE
#,FALSE
model,TRUE
model,TRUE
base,TRUE
standardize,FALSE
db,FALSE
DL,FALSE
gdp,FALSE
API,FALSE
sd,FALSE
gp,FALSE
forum,FALSE
#,FALSE
compare,TRUE
paperwork,FALSE
conclusion,FALSE
bottom,FALSE
top,TRUE
connect,TRUE
lead,TRUE
respond,TRUE
dedicate,FALSE
relate,TRUE
Piece,FALSE
shade,FALSE
side,TRUE
category,TRUE
#,FALSE
verify,TRUE
dealer,FALSE
broker,FALSE
respond,TRUE
respond,TRUE
opposition,FALSE
preference,FALSE
accordance,FALSE
officer,TRUE
initiation,FALSE
onset,FALSE
challenge,FALSE
auction,FALSE
attempt,TRUE
fail,TRUE
try,TRUE
hope,FALSE
confirm,TRUE
demonstrate,FALSE
know,TRUE
maintain,TRUE
process,FALSE
box,FALSE
test,TRUE
factory,FALSE
pin,TRUE
number,TRUE
discuss,TRUE
negative,FALSE
investigate,FALSE
resolve,FALSE
examine,FALSE
leaf,FALSE
exactly,FALSE
only,FALSE
just,FALSE
absolutely,FALSE
legally,FALSE
render,TRUE
strictly,FALSE
completely,FALSE
totally,FALSE
truly,FALSE
size,FALSE
professional,FALSE
occupational,FALSE
workplace,FALSE
qualification,FALSE
award,TRUE
flag,FALSE
after,FALSE
plus,FALSE
cut,FALSE
before,FALSE
near,FALSE
dutch,FALSE
hungarian,FALSE
close,FALSE
official,FALSE
must,FALSE
would,FALSE
vary,TRUE
relate,TRUE
interest,FALSE
loss,FALSE
security,FALSE
eligible,FALSE
yellow,FALSE
smart,FALSE
holder,TRUE
heritage,FALSE
zone,FALSE
scheme,TRUE
centre,TRUE
prescribe,FALSE
advise,TRUE
discuss,TRUE
compile,FALSE
#,FALSE
#,FALSE
read,TRUE
#,FALSE
place,TRUE
find,TRUE
give,TRUE
put,TRUE
link,TRUE
distinguish,TRUE
add,TRUE
field,TRUE
Bonus,FALSE
net,FALSE
dollar,FALSE
large,FALSE
traditional,FALSE
premium,FALSE
high,FALSE
exclusive,FALSE
#,FALSE
prize,FALSE
bonus,FALSE
Monday,FALSE
timeline,FALSE
progress,FALSE
plan,TRUE
explain,TRUE
summarize,FALSE
response,FALSE
route,TRUE
step,TRUE
keep,TRUE
treat,TRUE
leave,TRUE
produce,TRUE
expense,TRUE
overlap,FALSE
interference,FALSE
overhead,FALSE