determine,TRUE
provide,TRUE
use,TRUE
select,TRUE
include,TRUE
maintain,TRUE
follow,TRUE
provide,TRUE
produce,TRUE
list,TRUE
make,TRUE
establish,TRUE
attorney,TRUE
staff,TRUE
file,TRUE
lawyer,TRUE
legal,FALSE
office,TRUE
job,FALSE
court,TRUE
jury,FALSE
defense,TRUE
career,FALSE
client,TRUE
annual,FALSE
trial,TRUE
file,TRUE
#,FALSE
appointment,TRUE
merit,FALSE
fee,FALSE
#,FALSE
number,TRUE
request,TRUE
wait,FALSE
service,TRUE
date,TRUE
selection,FALSE
#,FALSE
process,TRUE
system,TRUE
procedure,TRUE
method,TRUE
rate,TRUE
status,FALSE
structure,FALSE
period,TRUE
base,TRUE
depend,FALSE
dependent,FALSE
depend,FALSE
focus,TRUE
center,TRUE
base,TRUE
contingent,FALSE
place,TRUE
model,TRUE
focus,TRUE
determine,TRUE
found,FALSE
conditional,FALSE
rank,FALSE
level,TRUE
degree,TRUE
amount,TRUE
quality,TRUE
severity,TRUE
type,TRUE
caliber,FALSE
authority,TRUE
category,FALSE
grade,FALSE
standard,TRUE
percentage,FALSE
conviction,FALSE
type,TRUE
kind,FALSE
scope,FALSE
class,TRUE
scale,FALSE
variety,FALSE
order,TRUE
crime,TRUE
crime,TRUE
activity,TRUE
abuse,FALSE
conduct,TRUE
corruption,FALSE
misconduct,FALSE
work,TRUE
punishment,TRUE
offense,TRUE
responsibility,TRUE
capable,FALSE
accuse,TRUE
suspect,FALSE
guilty,FALSE
convict,TRUE
incapable,FALSE
aware,FALSE
worthy,FALSE
advise,TRUE
certain,FALSE
suspect,FALSE
assure,FALSE
inform,TRUE
responsible,FALSE
clear,TRUE
sign,TRUE
file,TRUE
write,TRUE
document,TRUE
prepare,TRUE
publish,TRUE
collect,FALSE
review,TRUE
call,TRUE
form,TRUE
read,TRUE
receive,TRUE
create,TRUE
request,TRUE
witness,TRUE
report,TRUE
give,TRUE
issue,TRUE
โข,FALSE
in,FALSE
',FALSE
research,FALSE
and,FALSE
also,FALSE
review,TRUE
on,FALSE
consider,TRUE
manage,TRUE
study,TRUE
select,TRUE
understanding,FALSE
support,TRUE
take,TRUE
consider,TRUE
report,TRUE
meet,TRUE
for,FALSE
support,TRUE
assist,TRUE
support,TRUE
mentally,FALSE
highly,FALSE
young,FALSE
otherwise,FALSE
financially,FALSE
employ,TRUE
american,FALSE
protect,TRUE
civil,FALSE
air,FALSE
national,FALSE
federal,FALSE
strategic,FALSE
military,FALSE
financial,FALSE
global,FALSE
electronic,FALSE
critical,FALSE
state,TRUE
integrate,FALSE
management,TRUE
social,FALSE
employment,FALSE
business,TRUE
customer,FALSE
health,FALSE
care,FALSE
healthcare,FALSE
it,FALSE
consulting,FALSE
medical,FALSE
delivery,FALSE
lend,FALSE
banking,FALSE
not,FALSE
access,FALSE
path,FALSE
km,FALSE
none,FALSE
unknown,FALSE
source,TRUE
district,FALSE
the,FALSE
state,TRUE
county,FALSE
city,FALSE
US,FALSE
district,TRUE
state,FALSE
assistant,FALSE
tax,FALSE
Crown,FALSE
federal,FALSE
may,FALSE
Davis,FALSE
request,TRUE
file,TRUE
general,FALSE
could,FALSE
report,FALSE
application,TRUE
application,TRUE
demand,FALSE
petition,TRUE
motion,TRUE
demand,FALSE
charge,TRUE
claim,TRUE
paper,FALSE
claim,TRUE
record,TRUE
paperwork,FALSE
immediate,FALSE
full,FALSE
voluntary,FALSE
final,FALSE
partial,FALSE
early,FALSE
proper,FALSE
automatic,FALSE
complete,FALSE
formal,FALSE
emergency,FALSE
additional,FALSE
payment,TRUE
notice,TRUE
disclosure,TRUE
release,FALSE
settlement,TRUE
coverage,FALSE
payment,TRUE
report,TRUE
report,TRUE
review,TRUE
relief,FALSE
detail,FALSE
collection,FALSE
r,FALSE
office,FALSE
program,FALSE
pende,FALSE
website,FALSE
require,TRUE
note,TRUE
indicate,TRUE
require,TRUE
state,TRUE
ensure,TRUE
mean,TRUE
note,TRUE
ensure,TRUE
require,TRUE
assume,FALSE
note,TRUE
appoint,TRUE
name,TRUE
nominate,TRUE
designate,FALSE
employ,TRUE
hire,TRUE
elect,TRUE
appoint,TRUE
select,TRUE
promote,TRUE
terminate,FALSE
dismiss,FALSE
list,TRUE
assign,TRUE
approve,FALSE
counsel,TRUE
initial,FALSE
personnel,FALSE
attorney,TRUE
deadline,FALSE
warrant,FALSE
time,TRUE
#,FALSE
list,TRUE
basis,FALSE
schedule,FALSE
unless,FALSE
provide,TRUE
issue,TRUE
set,TRUE
establish,TRUE
create,TRUE
cover,FALSE
recommend,FALSE
prepare,TRUE
make,TRUE
define,TRUE
generate,TRUE
prescribe,FALSE
Commission,FALSE
council,FALSE
rule,FALSE
commissioner,FALSE
committee,FALSE
board,FALSE
standard,FALSE
Act,FALSE
secretary,FALSE
counsel,FALSE
center,FALSE
order,FALSE
requirement,TRUE
department,FALSE
available,FALSE
notify,FALSE
remove,TRUE
introduce,TRUE
court,TRUE
executive,FALSE
presidential,FALSE
Senate,FALSE
public,FALSE
an,FALSE
administrative,FALSE
House,FALSE
Congress,FALSE
executive,FALSE
government,TRUE
standing,FALSE
seek,TRUE
include,TRUE
ministry,FALSE
Minister,FALSE
cabinet,FALSE
division,FALSE
path,TRUE
route,TRUE
approach,TRUE
also,FALSE
step,TRUE
pathway,FALSE
course,TRUE
direction,FALSE
trail,TRUE
often,FALSE
usually,FALSE
become,TRUE
replace,TRUE
resemble,FALSE
replace,TRUE
intersect,FALSE
meet,TRUE
leave,TRUE
one,TRUE
step,TRUE
path,TRUE
plan,TRUE
walk,FALSE
line,TRUE
find,TRUE
describe,TRUE
use,TRUE
show,TRUE
start,TRUE
see,TRUE
obtain,TRUE
propose,TRUE
encounter,FALSE
discover,TRUE
give,TRUE
exit,FALSE
step,FALSE
junction,FALSE
route,FALSE
highway,FALSE
point,TRUE
exit,FALSE
line,FALSE
turn,TRUE
officer,TRUE
person,TRUE
Judge,FALSE
person,TRUE
official,FALSE
person,TRUE
officer,TRUE
be,FALSE
take,TRUE
bring,TRUE
release,TRUE
get,TRUE
place,TRUE
put,TRUE
escort,FALSE
transfer,TRUE
transport,FALSE
send,TRUE
secure,FALSE
obtain,TRUE
force,TRUE
carry,FALSE
receive,TRUE
custody,TRUE
account,FALSE
jail,FALSE
prison,TRUE
possession,FALSE
law,TRUE
service,FALSE
become,TRUE
route,FALSE
begin,TRUE
identify,TRUE
mile,FALSE
elevation,FALSE
age,TRUE
number,TRUE
length,TRUE
number,FALSE
range,TRUE
span,FALSE
frequency,FALSE
sequence,TRUE
proportion,FALSE
duration,FALSE
couple,FALSE
ratio,FALSE
amount,TRUE
day,TRUE
hour,TRUE
visit,FALSE
time,TRUE
delay,TRUE
patient,FALSE
client,TRUE
response,FALSE
session,FALSE
signature,FALSE
case,TRUE
question,TRUE
change,TRUE
day,TRUE
start,TRUE
registration,TRUE
admission,FALSE
session,FALSE
question,TRUE
year,TRUE
month,TRUE
week,TRUE
hour,TRUE
place,TRUE
moment,TRUE
end,TRUE
location,FALSE
night,TRUE
locality,FALSE
visit,FALSE
arrival,FALSE
departure,FALSE
use,TRUE
death,TRUE
submission,FALSE
entry,FALSE
purchase,FALSE
availability,FALSE
preparation,TRUE
approval,TRUE
call,TRUE
permission,FALSE
certification,FALSE
permit,FALSE
change,TRUE
authorization,FALSE
membership,FALSE
information,FALSE
vary,TRUE
subject,FALSE
broad,FALSE
vary,TRUE
vary,TRUE
semester,FALSE
calendar,FALSE
term,TRUE
month,TRUE
year,TRUE
season,FALSE
quarter,TRUE
half,TRUE
evening,FALSE
week,TRUE
event,TRUE
weekend,TRUE
minute,TRUE
monthly,FALSE
quarterly,FALSE
weekly,FALSE
seasonal,FALSE
periodic,FALSE
yearly,FALSE
fiscal,FALSE
summer,FALSE
periodical,FALSE
winter,FALSE
size,FALSE
volume,TRUE
time,TRUE
speed,FALSE
public,FALSE
official,FALSE
special,FALSE
courtroom,FALSE
guest,FALSE
judicial,FALSE
medium,FALSE
private,FALSE
schedule,FALSE
pay,TRUE
press,FALSE
appearance,TRUE
hearing,FALSE
meeting,TRUE
proceeding,TRUE
decision,TRUE
appointment,FALSE
judge,TRUE
order,TRUE
jurisdiction,TRUE
date,FALSE
address,FALSE
city,TRUE
name,TRUE
example,TRUE
list,TRUE
type,TRUE
distribution,FALSE
source,FALSE
number,TRUE
composition,FALSE
analysis,TRUE
rate,TRUE
classification,FALSE
record,TRUE
datum,TRUE
member,TRUE
name,TRUE
choice,FALSE
opinion,FALSE
choice,FALSE
representative,FALSE
statement,TRUE
source,FALSE
employee,FALSE
denial,FALSE
response,FALSE
treatment,FALSE
grant,TRUE
failure,FALSE
action,TRUE
topic,FALSE
weight,FALSE
include,TRUE
word,TRUE
occasion,FALSE
round,FALSE
regional,FALSE
ad,FALSE
post,TRUE
ad,TRUE
ex,FALSE
en,FALSE
post,FALSE
non,FALSE
high,FALSE
el,FALSE
low,FALSE
tran,FALSE
e,FALSE
de,FALSE
date,TRUE
complaint,FALSE
hear,TRUE
investigation,TRUE
decision,TRUE
evidence,TRUE
case,TRUE
a,FALSE
first,FALSE
one,FALSE
more,FALSE
this,FALSE
see,TRUE
another,FALSE
theory,FALSE
programming,FALSE
principle,TRUE
analysis,TRUE
form,TRUE
geometry,FALSE
verb,FALSE
algebra,FALSE
function,TRUE
logic,FALSE
function,TRUE
training,FALSE
stage,FALSE
position,TRUE
node,FALSE
level,TRUE
need,TRUE
try,TRUE
want,TRUE
attempt,TRUE
need,TRUE
fail,TRUE
try,TRUE
refuse,FALSE
agree,TRUE
attempt,TRUE
continue,TRUE
ask,TRUE
arrest,TRUE
convince,FALSE
find,TRUE
inform,TRUE
convict,TRUE
interview,FALSE
identify,TRUE
defend,TRUE
locate,FALSE
kill,FALSE
contact,TRUE
protect,TRUE
assist,TRUE
people,TRUE
delay,FALSE
termination,FALSE
confirmation,FALSE
presentation,FALSE
refusal,FALSE
rejection,FALSE
condition,TRUE
acceptance,FALSE
grant,TRUE
assistance,TRUE
advice,TRUE
hire,TRUE
guidance,FALSE
physician,FALSE
doctor,FALSE
chair,FALSE
patient,FALSE
director,FALSE
appeal,TRUE
protest,FALSE
objection,FALSE
recommendation,FALSE
transfer,FALSE
telephone,FALSE
afternoon,FALSE
it,FALSE
election,TRUE
these,FALSE
they,FALSE
proceeding,FALSE
election,FALSE
parliament,FALSE
session,FALSE
meet,FALSE
award,FALSE
competition,FALSE
hold,TRUE
conduct,TRUE
organise,FALSE
run,TRUE
organize,TRUE
undertake,TRUE
convene,FALSE
arrange,FALSE
launch,FALSE
initiate,FALSE
plan,TRUE
meet,FALSE
assess,FALSE
develop,TRUE
fulfill,FALSE
implement,TRUE
discuss,TRUE
evaluate,TRUE
learn,FALSE
determine,TRUE
satisfy,TRUE
test,TRUE
document,TRUE
datum,TRUE
fund,TRUE
resource,TRUE
funding,TRUE
money,TRUE
complaint,FALSE
material,FALSE
feedback,TRUE
expertise,FALSE
knowledge,TRUE
input,FALSE
recommendation,TRUE
level,TRUE
size,TRUE
rate,TRUE
cost,TRUE
value,TRUE
various,FALSE
three,FALSE
different,FALSE
criminal,FALSE
several,FALSE
investigative,FALSE
service,TRUE
cost,TRUE
status,FALSE
service,FALSE
court,FALSE
proposal,FALSE
application,FALSE
credential,FALSE
application,FALSE
nomination,FALSE
attorney,FALSE
sheriff,FALSE
justice,TRUE
governor,FALSE
judge,TRUE
FBI,FALSE
Police,FALSE
he,FALSE
prosecutor,TRUE
mayor,FALSE
staff,TRUE
prosecutor,TRUE
appear,TRUE
testify,TRUE
testify,FALSE
appear,TRUE
stand,FALSE
sit,TRUE
sit,TRUE
argue,TRUE
appeal,TRUE
bring,FALSE
argue,TRUE
speak,FALSE
arrest,TRUE
conviction,FALSE
violation,FALSE
execution,TRUE
investigation,TRUE
judge,TRUE
chief,FALSE
director,FALSE
chair,FALSE
chairman,FALSE
oversee,FALSE
implement,TRUE
supervise,FALSE
manage,TRUE
establish,TRUE
conduct,TRUE
create,TRUE
coordinate,FALSE
direct,TRUE
maintain,TRUE
prepare,TRUE
review,TRUE
run,TRUE
develop,TRUE
execute,TRUE
advisory,FALSE
agency,FALSE
policy,FALSE
Corps,FALSE
policy,TRUE
reform,FALSE
defense,FALSE
fund,FALSE
law,FALSE
insurance,FALSE
conduct,TRUE
direct,TRUE
accept,TRUE
process,TRUE
send,TRUE
pay,TRUE
retain,FALSE
hold,TRUE
manage,TRUE
deliver,FALSE
grant,TRUE
qualification,TRUE
criterion,FALSE
schedule,FALSE
rating,FALSE
requirement,TRUE
detention,FALSE
prosecution,TRUE
compliance,FALSE
litigation,FALSE
Washington,FALSE
device,FALSE
she,FALSE
currently,FALSE
name,TRUE
now,FALSE
#,FALSE
make,TRUE
make,TRUE
direct,FALSE
direct,FALSE
receive,TRUE
assignment,TRUE
promotion,FALSE
access,FALSE
assistant,TRUE
nominee,FALSE
applicant,FALSE
nomination,FALSE
visitor,FALSE
Advisor,FALSE
statutory,FALSE
agency,TRUE
duty,FALSE
June,FALSE
July,FALSE
contribution,FALSE
comment,FALSE
threat,FALSE
donation,FALSE
award,FALSE
receive,TRUE
owe,FALSE
render,FALSE
due,FALSE
report,TRUE
send,FALSE
offer,TRUE
award,FALSE
earn,FALSE
do,TRUE
model,TRUE
new,FALSE
particular,FALSE
current,FALSE
murder,TRUE
important,FALSE
specific,FALSE
main,FALSE
typically,FALSE
generally,FALSE
always,FALSE
normally,FALSE
commonly,FALSE
begin,TRUE
occur,TRUE
start,TRUE
come,TRUE
arise,TRUE
end,TRUE
happen,FALSE
begin,TRUE
start,TRUE
occur,TRUE
arise,TRUE
come,TRUE
call,TRUE
summon,FALSE
choose,TRUE
order,TRUE
able,FALSE
become,TRUE
represent,TRUE
replace,TRUE
succeed,FALSE
investigate,TRUE
advise,TRUE
product,TRUE
user,TRUE
price,FALSE
time,FALSE
product,FALSE
use,FALSE
file,FALSE
perennial,FALSE
provision,FALSE
term,TRUE
rule,TRUE
section,TRUE
purpose,TRUE
content,TRUE
article,TRUE
finding,FALSE
element,FALSE
word,TRUE
power,FALSE
regulation,FALSE
article,TRUE
book,TRUE
section,TRUE
paper,FALSE
statement,TRUE
agreement,TRUE
regulation,FALSE
patent,FALSE
code,FALSE
contract,TRUE
specification,TRUE
land,TRUE
common,FALSE
fair,FALSE
single,FALSE
fix,FALSE
general,FALSE
relevant,FALSE
commercial,FALSE
language,FALSE
reasonable,FALSE
plan,TRUE
relate,TRUE
area,TRUE
purpose,TRUE
aim,TRUE
essence,FALSE
intent,FALSE
goal,FALSE
objective,FALSE
mean,TRUE
intention,TRUE
object,TRUE
effect,TRUE
famous,FALSE
latter,FALSE
present,FALSE
today,FALSE
page,FALSE
phrase,FALSE
clearly,FALSE
examine,FALSE
explain,TRUE
describe,TRUE
demonstrate,TRUE
illustrate,FALSE
highlight,FALSE
show,TRUE
study,TRUE
activity,TRUE
procedure,TRUE
factor,FALSE
problem,TRUE
practice,TRUE
difficulty,FALSE
method,TRUE
strategy,TRUE
risk,FALSE
involve,TRUE
engage,TRUE
perform,TRUE
take,TRUE
inherent,FALSE
#,FALSE
#,FALSE
relation,FALSE
relationship,TRUE
practice,FALSE
#,FALSE
relationship,TRUE
#,FALSE
contact,FALSE
along,FALSE
interaction,FALSE
#,FALSE
follow,FALSE
original,FALSE
technical,FALSE
exist,TRUE
remain,TRUE
applicable,FALSE
actual,FALSE
specification,TRUE
present,TRUE
summarize,FALSE
discuss,TRUE
outline,FALSE
contain,TRUE
explain,FALSE
add,TRUE
update,FALSE
revise,FALSE
change,TRUE
reduce,TRUE
evaluate,FALSE
modify,TRUE
eliminate,FALSE
review,TRUE
correct,FALSE
simplify,FALSE
delete,FALSE
alter,FALSE
addition,FALSE
subsequently,FALSE
item,FALSE
point,TRUE
code,FALSE
feature,FALSE
value,TRUE
amend,TRUE
assess,FALSE
examine,FALSE
refine,FALSE
improve,TRUE
expand,FALSE
test,TRUE
enhance,FALSE
develop,TRUE
extend,FALSE
upgrade,FALSE
confirm,TRUE
allow,TRUE
allow,TRUE
allow,TRUE
require,TRUE
ask,TRUE
ask,TRUE
request,TRUE
permit,TRUE
ask,TRUE
independent,FALSE
administrative,FALSE
experience,FALSE
expert,TRUE
appropriate,FALSE
individual,FALSE
immigration,FALSE
associate,FALSE
intermediate,FALSE
outside,FALSE
authorize,TRUE
external,FALSE
magistrate,FALSE
commissioner,TRUE
committee,TRUE
tribunal,TRUE
body,FALSE
commission,TRUE
record,TRUE
monitor,TRUE
confirm,TRUE
take,TRUE
track,FALSE
establish,TRUE
fact,FALSE
testimony,FALSE
matter,TRUE
specify,FALSE
verify,FALSE
assign,TRUE
indicate,TRUE
give,TRUE
declare,FALSE
extent,FALSE
nature,TRUE
manner,FALSE
circumstance,FALSE
meet,TRUE
consultation,FALSE
encounter,TRUE
applicant,FALSE
secretary,FALSE
employer,FALSE
incumbent,FALSE
candidate,FALSE
morning,FALSE
middle,TRUE
noon,FALSE
midnight,FALSE
conclusion,FALSE
possible,FALSE
work,TRUE
tax,FALSE
academic,FALSE
party,TRUE
commencement,FALSE
completion,FALSE
announcement,FALSE
make,TRUE
transaction,FALSE
dismissal,FALSE
seizure,FALSE
#,FALSE
#,FALSE
#,FALSE
#,FALSE
centre,FALSE
Institute,FALSE
bar,FALSE
unit,FALSE
room,FALSE
name,TRUE
language,TRUE
word,TRUE
note,TRUE
character,FALSE
other,FALSE
definition,TRUE
#,FALSE
#,FALSE
#,FALSE
#,FALSE
#,FALSE
#,FALSE
judgment,FALSE
fee,TRUE
election,FALSE
audit,FALSE
alternative,FALSE
main,FALSE
National,FALSE
release,TRUE
free,TRUE
discharge,FALSE
rescue,FALSE
release,TRUE
pull,FALSE
liberate,FALSE
withdraw,FALSE
expel,FALSE
transfer,FALSE
eject,FALSE
Afghanistan,FALSE
Japan,FALSE
ISIL,FALSE
China,FALSE
India,FALSE
without,FALSE
version,FALSE
indictment,FALSE
source,FALSE
each,FALSE
its,FALSE
school,FALSE
say,TRUE
believe,FALSE
state,TRUE
suggest,FALSE
say,TRUE
argue,TRUE
explain,FALSE
ruling,FALSE
vote,TRUE
resolution,TRUE
verdict,FALSE
sentence,TRUE
license,TRUE
safe,FALSE
direct,TRUE
direct,TRUE
urge,FALSE
instruct,FALSE
enable,TRUE
urge,FALSE
produce,TRUE
obtain,TRUE
perform,TRUE
collect,TRUE
prepare,TRUE
issue,TRUE
create,TRUE
performance,TRUE
statistical,FALSE
security,TRUE
market,FALSE
income,FALSE
risk,FALSE
standard,TRUE
plan,TRUE
guideline,TRUE
product,TRUE
result,TRUE
system,TRUE
reflect,TRUE
promote,TRUE
support,TRUE
assure,TRUE
comply,TRUE
accordance,FALSE
consistent,FALSE
consistency,TRUE
compatibility,FALSE
agreement,TRUE
alignment,FALSE
continuity,FALSE
inconsistent,FALSE
progress,TRUE
unique,FALSE
originate,FALSE
apply,TRUE
proceed,FALSE
submit,TRUE
write,TRUE
complete,TRUE
enter,FALSE
pass,TRUE
sign,TRUE
proposal,TRUE
motion,FALSE
motion,FALSE
brief,TRUE
#,FALSE
#,FALSE
#,FALSE
#,FALSE
#,FALSE
#,FALSE
#,FALSE
#,FALSE
#,FALSE
#,FALSE
contain,FALSE
define,TRUE
cover,FALSE
contain,FALSE
exclude,TRUE
sort,FALSE
kind,FALSE
combination,FALSE
subset,FALSE
aspect,TRUE
variable,FALSE
operation,TRUE
constraint,FALSE
task,TRUE
capability,FALSE
action,TRUE
operation,TRUE
apply,TRUE
generalize,FALSE
adapt,FALSE
restrict,FALSE
compare,FALSE
tailor,FALSE
limit,TRUE
subject,TRUE
attribute,FALSE
confine,FALSE
per,FALSE
software,TRUE
enterprise,FALSE
reach,TRUE
achieve,TRUE
gain,TRUE
get,TRUE
seek,TRUE
build,FALSE
secure,FALSE
maintain,TRUE
facilitate,FALSE
attain,FALSE
consensus,TRUE
clarity,FALSE
focus,TRUE
conclusion,FALSE
balance,FALSE
impact,FALSE
compromise,FALSE
equilibrium,FALSE
basic,FALSE
regulatory,FALSE
two,FALSE
operational,FALSE
key,FALSE
solution,TRUE
strategy,FALSE
model,TRUE
proposition,FALSE
phase,FALSE
deal,FALSE
scenario,FALSE
way,TRUE
tier,FALSE
fold,FALSE
component,FALSE
part,TRUE
factor,FALSE
framework,FALSE
protocol,FALSE
project,TRUE
mechanism,FALSE
adopt,FALSE
follow,TRUE
implement,TRUE
pursue,FALSE
devise,FALSE
local,FALSE
county,TRUE
deputy,TRUE
senior,FALSE
circuit,TRUE
commissioner,FALSE
officer,TRUE
administrator,FALSE
officer,FALSE
satisfy,FALSE
sure,FALSE
verify,TRUE
confident,FALSE
tell,TRUE
certify,FALSE
accept,TRUE
investigate,TRUE
hear,FALSE
consider,TRUE
reject,FALSE
deny,FALSE
admit,FALSE
condemn,FALSE
handle,TRUE
prosecute,TRUE
defend,TRUE
disclose,FALSE
address,FALSE
charge,TRUE
allegation,FALSE
plea,FALSE
accusation,FALSE
lawsuit,FALSE
damage,FALSE
amendment,FALSE
drop,TRUE
raise,FALSE
lift,FALSE
reverse,FALSE
decline,FALSE
suspend,TRUE
exclude,TRUE
omit,TRUE
affect,FALSE
algorithm,FALSE
set,TRUE
determine,TRUE
observe,FALSE
monitor,FALSE
read,FALSE
govern,FALSE
affair,FALSE
administration,FALSE
administration,FALSE
finance,FALSE
function,FALSE
asset,FALSE
incident,FALSE
offender,FALSE
death,TRUE
person,TRUE
inmate,FALSE
capture,FALSE
detection,FALSE
incident,FALSE
publication,FALSE
birth,FALSE
discovery,FALSE
imprisonment,FALSE
execution,TRUE
statute,FALSE
police,TRUE
occupation,FALSE
force,TRUE
unit,TRUE
agree,TRUE
want,TRUE
offer,TRUE
tell,TRUE
refuse,FALSE
fail,TRUE
unable,FALSE
refuse,TRUE
respond,FALSE
agree,TRUE
prove,TRUE
answer,TRUE
win,FALSE
#,FALSE
#,FALSE
account,TRUE
#,FALSE
transaction,FALSE
thousand,FALSE
percent,FALSE
impose,TRUE
spend,FALSE
incur,FALSE
collect,TRUE
arrangement,FALSE
period,FALSE
assignment,FALSE
project,FALSE
schedule,FALSE
daily,FALSE
temporary,FALSE
all,FALSE
lay,FALSE
suit,TRUE
sanction,FALSE
lawsuit,FALSE
accusation,FALSE
suit,FALSE
Brown,FALSE
smith,FALSE
seek,TRUE
clear,FALSE
plain,FALSE
know,TRUE
mistake,FALSE
comment,FALSE
proof,FALSE
argument,FALSE
believe,FALSE
innocent,FALSE
right,FALSE
acquit,FALSE
be,FALSE
be,FALSE
Senator,FALSE
member,FALSE
usually,FALSE
qualified,FALSE
license,TRUE
commission,TRUE
swear,FALSE
retire,FALSE
competent,FALSE
preside,TRUE
preside,TRUE
rule,TRUE
serve,TRUE
command,FALSE
watch,FALSE
justice,TRUE
hold,TRUE
control,TRUE
act,TRUE
superior,FALSE
municipal,FALSE
proceed,FALSE
charge,TRUE
deal,TRUE
associate,FALSE
area,TRUE
connect,FALSE
chamber,FALSE
exclusive,FALSE
extensive,FALSE
unlimited,FALSE
#,FALSE
#,FALSE
#,FALSE
party,FALSE
lawyer,TRUE
authority,TRUE
submit,TRUE
send,TRUE
accept,TRUE
register,FALSE
check,FALSE
consent,FALSE
bail,FALSE
return,FALSE
hear,TRUE
deny,TRUE
approve,TRUE
help,TRUE
minute,FALSE
hour,TRUE
second,FALSE
mile,FALSE
min,FALSE
day,TRUE
preliminary,FALSE
next,FALSE
open,FALSE
closing,FALSE
role,FALSE
improve,TRUE
reduce,TRUE
preserve,FALSE
prevent,FALSE
practice,TRUE
supervision,FALSE
aspect,FALSE
handle,TRUE
fact,FALSE
summary,TRUE
length,TRUE
diagnosis,FALSE
deposition,FALSE
subsequent,FALSE
determination,FALSE
study,TRUE
article,TRUE
section,TRUE
rule,TRUE
ยง,FALSE
case,TRUE
law,TRUE
step,TRUE
division,FALSE
order,TRUE
question,TRUE
delay,TRUE
postpone,FALSE
ignore,FALSE
repeat,FALSE
continue,TRUE
allow,TRUE
appeal,TRUE
argument,FALSE
prove,TRUE
settle,FALSE
prove,FALSE
resolve,FALSE
level,TRUE
someone,FALSE
defendant,TRUE
anyone,FALSE
plaintiff,TRUE
Lee,FALSE
Johnson,FALSE
Kennedy,FALSE
everyone,FALSE
arrest,TRUE
indict,FALSE
jail,FALSE
detain,FALSE
court,TRUE
penalty,TRUE
defendant,TRUE
close,FALSE
resume,FALSE
deprive,FALSE
strip,FALSE
relieve,FALSE
disqualify,FALSE
anything,FALSE
restraint,FALSE
interest,TRUE
record,TRUE
admission,FALSE
error,FALSE
vary,TRUE
differ,FALSE
differ,TRUE
ward,FALSE
series,FALSE
mode,FALSE
style,FALSE
offence,TRUE
violation,FALSE
homicide,TRUE
assault,FALSE
fine,FALSE
fraud,FALSE
theft,TRUE
illegal,FALSE
accident,FALSE
invalid,FALSE
suicide,FALSE
insane,FALSE
accidental,FALSE
serious,FALSE
reckless,FALSE
probable,FALSE
deputy,FALSE
residence,FALSE
attendance,FALSE
placement,FALSE
#,FALSE
#,FALSE
#,FALSE
#,FALSE
#,FALSE
#,FALSE
#,FALSE
#,FALSE
#,FALSE
#,FALSE
#,FALSE
#,FALSE
#,FALSE
consult,FALSE
act,TRUE
serve,TRUE
question,TRUE
contact,TRUE
interview,FALSE
similar,FALSE
vacancy,FALSE
matter,TRUE
instruction,FALSE
letter,FALSE
license,TRUE
constitution,FALSE
California,FALSE
have,FALSE
#,FALSE
opinion,FALSE
resignation,FALSE
judicial,FALSE
legal,FALSE
table,FALSE
forth,FALSE
head,FALSE
chair,FALSE
form,TRUE
constitute,TRUE
lead,TRUE
raise,FALSE
recommend,FALSE
design,FALSE
propose,TRUE
institute,FALSE
legislation,FALSE
measure,FALSE
condition,TRUE
policy,TRUE
qualification,TRUE
ability,FALSE
expert,FALSE
individual,TRUE
official,TRUE
deputy,FALSE
eligible,FALSE
represent,TRUE
represent,TRUE
handle,FALSE
lead,TRUE
represent,TRUE
juvenile,FALSE
civilian,FALSE
citizen,TRUE
victim,FALSE
worker,FALSE
child,FALSE
civilian,FALSE
exceptional,FALSE
international,FALSE
trial,TRUE
instance,TRUE
situation,FALSE
capital,FALSE
maximum,FALSE
minimum,FALSE
life,TRUE
political,FALSE
severe,FALSE
high,FALSE
penalty,TRUE
certificate,FALSE
sentence,TRUE
threat,FALSE
row,FALSE
abolish,FALSE
unconstitutional,FALSE
prohibit,FALSE
necessary,FALSE
urge,FALSE
consider,TRUE
initiate,FALSE
renew,FALSE
reject,FALSE
Monday,FALSE
Friday,FALSE
Thursday,FALSE
Tuesday,FALSE
Wednesday,FALSE
consider,TRUE
process,TRUE
grant,TRUE
mandate,FALSE
hire,TRUE
ask,TRUE
privilege,FALSE
extra,FALSE
consideration,FALSE
assessment,FALSE
compensation,TRUE
fine,TRUE
bond,FALSE
cash,FALSE
debt,FALSE
#,FALSE
#,FALSE
#,FALSE
#,FALSE
#,FALSE
#,FALSE
#,FALSE
#,FALSE
#,FALSE
consist,TRUE
compose,FALSE
consist,TRUE
consist,TRUE
Son,FALSE
office,TRUE
respectively,FALSE
member,TRUE
solution,FALSE
research,FALSE
idea,FALSE
insight,FALSE
produce,TRUE
gather,FALSE
publish,TRUE
study,TRUE
acquire,FALSE
learn,FALSE
accumulate,FALSE
workshop,TRUE
conference,FALSE
workshop,TRUE
programme,FALSE
survey,FALSE
combine,TRUE
group,TRUE
compile,FALSE
incorporate,FALSE
consolidated,FALSE
put,TRUE
merge,FALSE
divide,FALSE
amalgamate,FALSE
mixed,TRUE
assemble,FALSE
piece,FALSE
demonstrate,TRUE
deliver,FALSE
display,FALSE
exhibit,FALSE
showcase,FALSE
reveal,FALSE
culminate,FALSE
meet,TRUE
forum,FALSE
panel,FALSE
table,FALSE
participation,FALSE
inform,TRUE
advise,FALSE
convince,FALSE
remind,FALSE
warn,FALSE
show,TRUE
teach,FALSE
tell,TRUE
accuse,TRUE
opposition,FALSE
obligation,FALSE
connection,FALSE
relation,FALSE
attachment,FALSE
#,FALSE
adequate,FALSE
effective,FALSE
alternative,FALSE
honest,FALSE
equal,FALSE
#,FALSE
advocate,FALSE
remedy,FALSE
protection,TRUE
declaration,FALSE
defence,FALSE
cease,FALSE
cease,FALSE
remain,TRUE
escape,FALSE
participate,FALSE
deliver,FALSE
survive,TRUE
randomly,FALSE
senior,FALSE
Lord,FALSE
senator,FALSE
free,FALSE
duty,TRUE
responsibility,TRUE
bar,FALSE
absent,FALSE
exempt,FALSE
block,FALSE
ban,TRUE
prevent,FALSE
void,FALSE
bench,FALSE
department,TRUE
lack,TRUE
loss,FALSE
breach,FALSE
conflict,FALSE
difference,FALSE
clash,FALSE
shortage,FALSE
breakdown,FALSE
confusion,FALSE
backup,FALSE
confidence,FALSE
potential,FALSE
initiative,TRUE
effort,TRUE
experiment,FALSE
organization,FALSE
infrastructure,FALSE
undertaking,FALSE
entity,FALSE
fund,FALSE
support,TRUE
sponsor,FALSE
design,TRUE
manage,TRUE
councillor,FALSE
vote,TRUE
choose,FALSE
entitle,FALSE
oversee,FALSE
manage,TRUE
administer,FALSE
regulate,FALSE
head,FALSE
govern,TRUE
government,TRUE
affair,FALSE
unanimous,FALSE
majority,TRUE
joint,FALSE
popular,FALSE
simple,FALSE
stand,FALSE
voice,FALSE
majority,FALSE
group,FALSE
board,TRUE
caucus,FALSE
council,TRUE
vote,TRUE
cast,FALSE
experience,FALSE
serve,TRUE
representation,FALSE
reside,FALSE
tenure,FALSE
work,TRUE
power,FALSE
position,TRUE
example,TRUE
difficult,FALSE
exist,TRUE
appear,TRUE
program,TRUE
draft,FALSE
enforcement,TRUE
#,FALSE
enforcement,FALSE
#,FALSE
school,FALSE
agency,TRUE
agent,FALSE
investigator,FALSE
force,TRUE
concern,FALSE
alert,FALSE
remind,FALSE
alert,FALSE
unaware,FALSE
need,TRUE
opportunity,FALSE
search,FALSE
offer,TRUE
aid,FALSE
asylum,FALSE
answer,TRUE
page,FALSE
night,TRUE
Commonwealth,FALSE
take,TRUE
upon,FALSE
#,FALSE
directly,FALSE
separately,FALSE
jointly,FALSE
correspondence,FALSE
draft,FALSE
regard,TRUE
include,TRUE
current,FALSE
sentence,TRUE
fill,FALSE
offence,TRUE
count,FALSE
note,TRUE
announce,FALSE
indicate,TRUE
election,FALSE
search,FALSE
cancel,TRUE
cancel,FALSE
discontinue,FALSE
revoke,FALSE
#,FALSE
bill,FALSE
object,FALSE
charge,TRUE
charge,TRUE
profit,FALSE
deposit,FALSE
expense,FALSE
qualified,FALSE
Canada,FALSE
Virginia,FALSE
Arizona,FALSE
Alabama,FALSE
Massachusetts,FALSE
alaska,FALSE
technical,FALSE
incident,FALSE
problem,TRUE
clinical,FALSE
additional,FALSE
preliminary,FALSE
process,TRUE
information,TRUE
conflict,FALSE
#,FALSE
retirement,FALSE
reach,FALSE
finalize,FALSE
decision,TRUE
move,TRUE
proceed,TRUE
continue,TRUE
interfere,FALSE
cooperate,FALSE
begin,TRUE
commence,FALSE
stop,FALSE
engage,FALSE
proceed,FALSE
trial,FALSE
removal,FALSE
behalf,FALSE
give,TRUE
mention,FALSE
reference,TRUE
loan,TRUE
10,FALSE
pay,TRUE
accept,TRUE
demand,FALSE
provide,TRUE
use,TRUE
give,TRUE
calculate,FALSE
issue,TRUE
item,TRUE
allowance,FALSE
arrangement,FALSE
extension,FALSE
instrument,FALSE
award,FALSE
exemption,TRUE
option,FALSE
intend,FALSE
sum,FALSE
London,FALSE
documentary,FALSE
english,FALSE
Mexico,FALSE
representative,FALSE
advisor,FALSE
previous,FALSE
quantity,FALSE
bed,FALSE
meal,FALSE
benefit,FALSE
resident,FALSE
adult,FALSE
student,FALSE
physician,FALSE
family,FALSE
woman,FALSE
doctor,FALSE
interest,TRUE
#,FALSE
#,FALSE
geographic,FALSE
geographical,FALSE
leave,TRUE
withdrawal,FALSE
exclusion,FALSE
rotation,FALSE
active,FALSE
NASA,FALSE
regular,FALSE
mission,FALSE
green,FALSE
start,FALSE
wait,FALSE
front,FALSE
death,FALSE
campaign,FALSE
short,FALSE
track,FALSE
see,TRUE
synthesis,FALSE
mathematic,FALSE
edge,FALSE
least,FALSE
inform,TRUE
tell,TRUE
remind,FALSE
deny,FALSE
challenge,FALSE
show,TRUE
warn,FALSE
want,TRUE
whether,FALSE
reason,TRUE
forward,FALSE
presence,FALSE
introduction,FALSE
decide,TRUE
decide,TRUE
know,TRUE
confirm,TRUE
then,FALSE
set,TRUE
score,FALSE
#,FALSE
specify,TRUE
no,FALSE
high,FALSE
possibility,FALSE
validity,FALSE
implementation,FALSE
interference,FALSE
involvement,FALSE
reason,FALSE
be,FALSE
often,FALSE
catch,FALSE
capture,TRUE
punish,FALSE
imprison,FALSE
conspiracy,FALSE
execute,TRUE
must,FALSE
shall,FALSE
would,FALSE
might,FALSE
liability,FALSE
whole,FALSE
part,TRUE
entire,FALSE
partially,FALSE
parcel,FALSE
partly,FALSE
portion,FALSE
portion,FALSE
entirety,FALSE
future,FALSE
without,FALSE
with,FALSE
seat,FALSE
district,TRUE
seat,FALSE