category,TRUE
year,TRUE
type,TRUE
kind,TRUE
color,TRUE
color,FALSE
colour,TRUE
image,TRUE
3d,FALSE
result,TRUE
visual,FALSE
standard,FALSE
color,FALSE
final,FALSE
current,FALSE
original,FALSE
search,FALSE
map,TRUE
graph,FALSE
filter,FALSE
datum,TRUE
tree,TRUE
file,TRUE
tag,FALSE
view,TRUE
space,TRUE
page,TRUE
model,TRUE
#,FALSE
also,FALSE
function,TRUE
engine,TRUE
algorithm,FALSE
process,TRUE
method,TRUE
system,TRUE
program,TRUE
automatically,FALSE
format,TRUE
software,TRUE
allow,TRUE
enable,TRUE
allow,TRUE
require,TRUE
cause,TRUE
enable,TRUE
use,TRUE
help,TRUE
command,TRUE
force,TRUE
take,TRUE
entire,FALSE
graphical,FALSE
full,FALSE
local,FALSE
whole,FALSE
correspond,FALSE
graphic,TRUE
sample,FALSE
analysis,TRUE
sample,FALSE
conversion,FALSE
render,TRUE
synthesis,FALSE
sample,FALSE
selection,TRUE
match,FALSE
comparison,TRUE
display,TRUE
#,FALSE
tool,TRUE
optimization,FALSE
mapping,TRUE
utility,FALSE
application,TRUE
code,TRUE
name,TRUE
language,FALSE
algorithm,TRUE
component,TRUE
database,TRUE
driver,FALSE
perform,TRUE
read,TRUE
run,TRUE
know,TRUE
solve,FALSE
find,TRUE
new,FALSE
integrate,TRUE
control,TRUE
digital,FALSE
portable,FALSE
camera,TRUE
hybrid,FALSE
patent,FALSE
mobile,FALSE
track,TRUE
editor,FALSE
system,FALSE
API,FALSE
control,FALSE
guide,FALSE
engine,FALSE
feature,TRUE
Manual,FALSE
interface,TRUE
machine,FALSE
Controller,FALSE
edge,FALSE
manager,FALSE
provide,TRUE
offer,TRUE
provide,TRUE
give,TRUE
ensure,TRUE
deliver,TRUE
support,TRUE
provide,TRUE
offer,TRUE
permit,FALSE
handle,TRUE
representation,TRUE
description,TRUE
model,TRUE
integration,TRUE
understand,TRUE
management,TRUE
design,TRUE
presentation,FALSE
use,TRUE
support,TRUE
interpretation,FALSE
simulation,FALSE
screen,TRUE
color,TRUE
lighting,FALSE
paint,TRUE
len,FALSE
environment,TRUE
light,TRUE
end,TRUE
computer,TRUE
device,TRUE
desktop,TRUE
hardware,TRUE
business,TRUE
pc,TRUE
web,TRUE
commercial,FALSE
window,FALSE
application,TRUE
electronic,TRUE
device,TRUE
system,TRUE
computer,TRUE
user,TRUE
product,TRUE
model,TRUE
display,TRUE
environment,TRUE
design,TRUE
interface,TRUE
setting,FALSE
customer,TRUE
ease,TRUE
proof,FALSE
free,FALSE
point,TRUE
easy,FALSE
time,TRUE
freedom,FALSE
easy,FALSE
mode,FALSE
simplicity,TRUE
speed,TRUE
mean,TRUE
quality,TRUE
choice,TRUE
action,FALSE
usage,TRUE
operation,TRUE
access,TRUE
service,TRUE
movement,FALSE
adjustment,FALSE
development,TRUE
play,TRUE
care,FALSE
user,TRUE
content,TRUE
object,TRUE
product,TRUE
option,TRUE
graphic,FALSE
#,FALSE
#,FALSE
printer,TRUE
',FALSE
#,FALSE
similar,FALSE
separate,FALSE
special,FALSE
different,FALSE
specific,FALSE
record,TRUE
memory,TRUE
table,FALSE
point,FALSE
element,TRUE
attribute,TRUE
menu,FALSE
window,FALSE
code,FALSE
table,TRUE
use,TRUE
available,FALSE
useful,FALSE
require,TRUE
need,TRUE
employ,TRUE
utilize,FALSE
necessary,FALSE
helpful,FALSE
suitable,FALSE
include,TRUE
instal,TRUE
appropriate,FALSE
design,TRUE
shade,FALSE
depth,FALSE
identification,TRUE
choice,TRUE
recognition,TRUE
manipulation,FALSE
change,TRUE
selection,TRUE
correction,FALSE
input,TRUE
example,TRUE
instance,TRUE
example,TRUE
illustration,FALSE
clarity,FALSE
convenience,FALSE
short,FALSE
particular,FALSE
reference,TRUE
detail,TRUE
contrast,TRUE
select,TRUE
choose,TRUE
use,TRUE
switch,TRUE
change,TRUE
display,TRUE
add,TRUE
combine,TRUE
compare,FALSE
mix,TRUE
create,TRUE
draw,TRUE
set,TRUE
move,TRUE
design,TRUE
text,FALSE
image,TRUE
object,TRUE
colour,TRUE
pattern,TRUE
apply,TRUE
follow,TRUE
make,TRUE
perform,TRUE
effect,TRUE
character,TRUE
surface,TRUE
pattern,TRUE
line,TRUE
style,FALSE
scheme,TRUE
division,FALSE
unit,FALSE
division,FALSE
learn,FALSE
customer,TRUE
work,TRUE
personal,FALSE
life,TRUE
job,TRUE
performance,TRUE
work,TRUE
live,FALSE
game,TRUE
travel,FALSE
drive,TRUE
define,TRUE
generate,TRUE
friendly,FALSE
save,TRUE
support,TRUE
creation,FALSE
ID,FALSE
company,TRUE
manufacturer,TRUE
person,TRUE
brand,TRUE
corporation,FALSE
woman,FALSE
man,FALSE
retailer,FALSE
designer,TRUE
competitor,FALSE
firm,FALSE
store,TRUE
factory,FALSE
#,FALSE
#,FALSE
#,FALSE
#,FALSE
#,FALSE
#,FALSE
#,FALSE
eye,FALSE
#,FALSE
#,FALSE
#,FALSE
sake,FALSE
#,FALSE
add,TRUE
introduce,FALSE
create,TRUE
release,TRUE
launch,FALSE
develop,TRUE
establish,FALSE
give,TRUE
receive,TRUE
implement,TRUE
key,FALSE
additional,FALSE
difficulty,FALSE
security,TRUE
target,TRUE
possible,FALSE
default,FALSE
account,TRUE
option,TRUE
site,TRUE
fee,FALSE
group,TRUE
request,TRUE
profile,TRUE
point,TRUE
requirement,TRUE
area,TRUE
forum,FALSE
channel,FALSE
category,TRUE
opportunity,FALSE
connect,TRUE
link,TRUE
contribute,TRUE
convert,FALSE
introduction,TRUE
change,TRUE
belong,FALSE
website,TRUE
one,FALSE
version,TRUE
information,TRUE
requirement,TRUE
technology,TRUE
permission,TRUE
knowledge,FALSE
approach,FALSE
equipment,TRUE
certification,FALSE
practice,TRUE
part,TRUE
member,TRUE
continuation,FALSE
copy,FALSE
subset,FALSE
project,TRUE
portion,FALSE
section,TRUE
release,TRUE
result,TRUE
school,FALSE
department,FALSE
factor,TRUE
thing,FALSE
consideration,FALSE
issue,TRUE
month,TRUE
reason,TRUE
year,TRUE
variable,FALSE
day,TRUE
minute,TRUE
week,FALSE
fact,TRUE
people,TRUE
regard,TRUE
affect,TRUE
concern,TRUE
include,TRUE
determine,TRUE
reflect,FALSE
mark,TRUE
represent,TRUE
surround,FALSE
govern,FALSE
effort,TRUE
progress,FALSE
interest,TRUE
resource,TRUE
effort,FALSE
chance,FALSE
ability,FALSE
success,FALSE
scope,FALSE
effectiveness,FALSE
focus,TRUE
find,TRUE
consider,TRUE
develop,TRUE
seek,FALSE
determine,TRUE
discuss,FALSE
explore,FALSE
identify,TRUE
provide,TRUE
propose,TRUE
decide,FALSE
logo,FALSE
material,TRUE
finish,FALSE
theme,FALSE
site,FALSE
replacement,FALSE
client,TRUE
host,TRUE
server,TRUE
laptop,FALSE
home,FALSE
virtual,FALSE
tablet,FALSE
external,FALSE
browser,TRUE
os,FALSE
functionality,TRUE
architecture,TRUE
implementation,TRUE
meet,TRUE
match,TRUE
exceed,FALSE
satisfy,FALSE
fulfill,FALSE
follow,TRUE
reach,TRUE
meet,TRUE
fit,FALSE
pass,TRUE
meet,TRUE
achieve,TRUE
comply,FALSE
exceed,FALSE
supplement,FALSE
complement,FALSE
improve,TRUE
modify,FALSE
overlap,FALSE
mimic,FALSE
balance,FALSE
challenge,TRUE
double,FALSE
minimum,FALSE
technical,FALSE
compatibility,FALSE
privacy,FALSE
functional,FALSE
configuration,FALSE
size,TRUE
specification,TRUE
parameter,FALSE
attribute,TRUE
level,TRUE
specify,TRUE
set,TRUE
intend,TRUE
outline,FALSE
present,FALSE
expect,TRUE
web,TRUE
internet,TRUE
internet,TRUE
main,FALSE
server,TRUE
#,FALSE
communication,TRUE
communicating,FALSE
interaction,TRUE
interact,FALSE
deal,FALSE
contact,TRUE
connection,TRUE
communicate,TRUE
network,TRUE
interaction,TRUE
host,TRUE
protocol,TRUE
solution,FALSE
step,TRUE
enable,TRUE
allow,TRUE
facilitate,FALSE
leverage,FALSE
offer,TRUE
utilize,FALSE
require,TRUE
integrate,TRUE
permit,TRUE
implement,TRUE
transaction,FALSE
payment,FALSE
connection,TRUE
authorization,TRUE
encryption,TRUE
service,TRUE
collaboration,FALSE
payment,FALSE
connectivity,TRUE
transfer,TRUE
connect,TRUE
exchange,TRUE
share,TRUE
deliver,TRUE
create,TRUE
secure,TRUE
establish,TRUE
network,TRUE
sms,FALSE
xml,FALSE
document,TRUE
message,FALSE
paper,TRUE
email,FALSE
#,FALSE
processing,TRUE
transfer,FALSE
plan,TRUE
orient,TRUE
task,TRUE
communication,TRUE
transaction,FALSE
operation,FALSE
connect,TRUE
multiple,FALSE
office,TRUE
staff,TRUE
department,FALSE
agency,FALSE
organization,TRUE
center,TRUE
unit,TRUE
officer,FALSE
authority,FALSE
function,TRUE
body,TRUE
manager,TRUE
personnel,FALSE
help,TRUE
assist,FALSE
identify,TRUE
register,TRUE
direct,TRUE
call,TRUE
manage,TRUE
select,TRUE
inform,FALSE
hire,FALSE
[,FALSE
now,FALSE
note,TRUE
see,TRUE
remember,FALSE
after,FALSE
note,TRUE
know,TRUE
see,TRUE
consider,TRUE
for,FALSE
notice,TRUE
not,FALSE
except,FALSE
just,FALSE
in,FALSE
violate,FALSE
reach,TRUE
pass,FALSE
complete,TRUE
sign,FALSE
cross,FALSE
enter,FALSE
obtain,TRUE
satisfy,FALSE
fulfil,FALSE
follow,TRUE
clear,TRUE
chapter,FALSE
page,FALSE
§,FALSE
chapter,FALSE
volume,TRUE
section,TRUE
component,TRUE
module,TRUE
part,TRUE
tool,TRUE
file,TRUE
program,TRUE
client,TRUE
consider,TRUE
usually,FALSE
call,TRUE
typically,FALSE
often,FALSE
important,FALSE
generally,FALSE
actually,FALSE
essentially,FALSE
normally,FALSE
term,TRUE
sub,TRUE
multi,FALSE
co,FALSE
meta,FALSE
non,FALSE
micro,FALSE
inter,FALSE
semi,FALSE
quasi,FALSE
self,FALSE
sub,FALSE
pseudo,FALSE
domain,TRUE
type,TRUE
class,TRUE
branch,FALSE
measure,FALSE
section,TRUE
general,FALSE
underlie,FALSE
basic,FALSE
operate,TRUE
coordinate,TRUE
filter,TRUE
latter,FALSE
root,TRUE
resolution,FALSE
bridge,FALSE
law,FALSE
plan,TRUE
proposal,FALSE
theory,FALSE
mechanism,FALSE
divide,FALSE
divide,FALSE
split,FALSE
split,FALSE
separate,TRUE
separate,TRUE
divide,FALSE
break,TRUE
break,TRUE
organize,TRUE
classify,FALSE
divide,FALSE
organize,TRUE
subdivide,FALSE
resolve,FALSE
build,TRUE
city,FALSE
station,FALSE
channel,FALSE
grid,FALSE
tunnel,FALSE
island,FALSE
structure,TRUE
world,TRUE
layer,FALSE
segment,FALSE
phase,TRUE
region,FALSE
zone,FALSE
piece,FALSE
entity,FALSE
half,FALSE
link,TRUE
solve,TRUE
mediate,FALSE
control,TRUE
accompany,FALSE
cause,TRUE
address,TRUE
cover,TRUE
facilitate,FALSE
trigger,FALSE
drive,TRUE
link,TRUE
visit,FALSE
portal,FALSE
threat,FALSE
path,FALSE
trip,FALSE
proximity,FALSE
other,TRUE
access,TRUE
change,TRUE
editing,FALSE
process,TRUE
transfer,FALSE
planning,FALSE
connection,TRUE
get,TRUE
reference,TRUE
entry,FALSE
application,TRUE
introduction,TRUE
recording,FALSE
response,TRUE
change,TRUE
storage,TRUE
collection,TRUE
inventory,FALSE
source,TRUE
edit,FALSE
design,FALSE
print,FALSE
other,FALSE
image,FALSE
graphic,FALSE
product,FALSE
photo,FALSE
location,FALSE
file,FALSE
colour,FALSE
screen,FALSE
animation,FALSE
process,TRUE
procedure,TRUE
method,TRUE
technique,TRUE
time,TRUE
occur,TRUE
happen,TRUE
appear,FALSE
come,TRUE
start,TRUE
begin,TRUE
exist,TRUE
operate,TRUE
occur,TRUE
arrive,FALSE
time,FALSE
#,FALSE
world,FALSE
life,FALSE
d,FALSE
mode,FALSE
language,FALSE
rom,FALSE
q,FALSE
run,FALSE
real,FALSE
recovery,FALSE
response,TRUE
setup,FALSE
real,FALSE
step,TRUE
rate,FALSE
phase,TRUE
period,TRUE
power,TRUE
stage,TRUE
cycle,TRUE
stage,TRUE
vary,TRUE
differ,TRUE
increase,TRUE
decrease,FALSE
depend,TRUE
reduce,TRUE
shift,TRUE
remain,FALSE
vary,TRUE
grow,TRUE
adjust,FALSE
drop,FALSE
respect,TRUE
regard,TRUE
regard,TRUE
relation,TRUE
addition,FALSE
proportion,FALSE
preference,FALSE
exposure,FALSE
accord,TRUE
amount,FALSE
number,TRUE
percentage,FALSE
range,TRUE
volume,TRUE
sort,FALSE
quantity,FALSE
kind,TRUE
availability,FALSE
item,TRUE
photo,TRUE
imagery,FALSE
picture,TRUE
footage,FALSE
document,TRUE
feature,TRUE
remove,TRUE
process,TRUE
store,TRUE
delete,TRUE
save,FALSE
retrieve,FALSE
copy,FALSE
collect,TRUE
acquire,TRUE
update,TRUE
scan,FALSE
download,TRUE
replace,TRUE
modify,TRUE
correct,TRUE
change,TRUE
recycle,FALSE
share,TRUE
retain,FALSE
keep,TRUE
distribute,TRUE
maintain,TRUE
place,TRUE
installation,FALSE
processor,TRUE
support,TRUE
physical,FALSE
instruction,TRUE
standard,TRUE
compute,FALSE
single,FALSE
native,FALSE
wireless,FALSE
unit,TRUE
area,TRUE
capability,TRUE
auto,FALSE
pre,FALSE
remote,FALSE
entry,TRUE
transmission,FALSE
share,TRUE
flow,FALSE
stream,FALSE
pass,TRUE
view,TRUE
search,FALSE
camera,FALSE
command,FALSE
point,TRUE
touch,FALSE
memory,FALSE
key,FALSE
flash,FALSE
terminal,FALSE
datum,FALSE
drawing,FALSE
mouse,TRUE
peripheral,FALSE
keyboard,TRUE
output,TRUE
another,FALSE
terminal,FALSE
monitor,TRUE
write,TRUE
note,TRUE
source,TRUE
application,TRUE
service,TRUE
management,TRUE
support,TRUE
name,TRUE
service,TRUE
administrator,TRUE
entity,FALSE
module,FALSE
domain,FALSE
manager,TRUE
right,TRUE
contribute,TRUE
right,FALSE
responsibility,TRUE
switch,TRUE
commit,FALSE
apply,TRUE
upload,FALSE
aspect,TRUE
element,TRUE
portion,TRUE
content,TRUE
aspect,TRUE
app,TRUE
apply,TRUE
lead,TRUE
refer,TRUE
lead,TRUE
extend,TRUE
relate,TRUE
correspond,TRUE
contrast,TRUE
happen,TRUE
extend,TRUE
compare,FALSE
amount,TRUE
lead,TRUE
automate,FALSE
telecommunication,FALSE
network,TRUE
virus,FALSE
database,TRUE
terminal,FALSE
platform,TRUE
cluster,FALSE
receive,TRUE
send,TRUE
transmit,FALSE
produce,TRUE
generate,TRUE
consume,FALSE
accept,TRUE
collect,TRUE
message,FALSE
result,TRUE
frequency,FALSE
pace,TRUE
rate,TRUE
moment,FALSE
location,TRUE
instant,FALSE
price,TRUE
interval,FALSE
update,TRUE
load,TRUE
retrieve,TRUE
alter,TRUE
term,TRUE
rule,FALSE
word,TRUE
name,TRUE
verb,FALSE
definition,FALSE
criterion,FALSE
language,FALSE
character,TRUE
form,TRUE
understand,TRUE
form,TRUE
write,TRUE
realize,FALSE
explain,FALSE
translate,TRUE
justify,FALSE
express,FALSE
form,TRUE
sense,FALSE
word,TRUE
place,TRUE
sentence,FALSE
way,TRUE
letter,FALSE
order,TRUE
statement,FALSE
material,TRUE
product,TRUE
feature,TRUE
image,TRUE
property,TRUE
content,FALSE
material,TRUE
element,TRUE
information,TRUE
everything,FALSE
file,TRUE
material,TRUE
anything,FALSE
all,FALSE
library,FALSE
sell,TRUE
possess,FALSE
print,TRUE
purchase,FALSE
make,TRUE
need,TRUE
wear,FALSE
hold,TRUE
acquire,FALSE
obtain,TRUE
distribute,TRUE
remove,FALSE
include,TRUE
#,FALSE
certain,FALSE
extra,FALSE
various,FALSE
must,FALSE
may,FALSE
would,FALSE
include,TRUE
like,FALSE
specially,FALSE
submit,TRUE
select,TRUE
approve,FALSE
request,FALSE
authorize,FALSE
register,TRUE
font,FALSE
art,TRUE
ink,TRUE
scheme,TRUE
tag,FALSE
card,FALSE
combination,TRUE
code,TRUE
label,FALSE
bar,FALSE
number,TRUE
list,TRUE
lack,FALSE
list,TRUE
set,TRUE
trademark,FALSE
copyright,FALSE
#,FALSE
raw,FALSE
sensitive,FALSE
account,TRUE
#,FALSE
base,TRUE
error,FALSE
withdraw,FALSE
take,TRUE
send,TRUE
wipe,FALSE
pull,FALSE
return,TRUE
min,FALSE
hour,TRUE
second,FALSE
°,FALSE
principle,TRUE
trend,FALSE
guideline,FALSE
convention,TRUE
innovation,FALSE
development,TRUE
tradition,FALSE
adopt,TRUE
preserve,FALSE
draft,FALSE
execution,FALSE
adoption,FALSE
preparation,FALSE
construction,TRUE
formulation,FALSE
early,FALSE
pioneering,FALSE
popular,FALSE
historical,FALSE
small,FALSE
last,FALSE
pioneer,FALSE
famous,FALSE
research,FALSE
protection,TRUE
participation,FALSE
liability,FALSE
transparency,FALSE
independence,FALSE
distribution,FALSE
assistance,FALSE
disclosure,FALSE
loss,FALSE
acquisition,TRUE
denial,FALSE
ownership,FALSE
assurance,FALSE
concept,TRUE
idea,FALSE
vision,FALSE
platform,TRUE
challenge,FALSE
strategy,TRUE
basis,FALSE
foundation,FALSE
sale,FALSE
magnitude,FALSE
date,TRUE
fact,TRUE
many,FALSE
sight,FALSE
attempt,TRUE
test,TRUE
campaign,FALSE
initiative,FALSE
ensure,TRUE
ensure,TRUE
assure,TRUE
guarantee,FALSE
demonstrate,FALSE
verify,FALSE
show,TRUE
prove,FALSE
check,FALSE
recognize,FALSE
emphasize,FALSE
indicate,FALSE
team,TRUE
supplier,FALSE
owner,FALSE
organization,TRUE
industry,FALSE
employer,FALSE
family,FALSE
experience,TRUE
base,TRUE
whose,FALSE
custom,FALSE
initial,FALSE
unique,FALSE
artist,FALSE
#,FALSE
manufacture,TRUE
shop,FALSE
production,TRUE
sale,TRUE
capability,TRUE
agency,TRUE
panel,FALSE
bring,FALSE
show,TRUE
create,TRUE
maintain,TRUE
consistency,FALSE
integrity,TRUE
continuity,TRUE
stability,FALSE
reliability,FALSE
accuracy,FALSE
efficiency,FALSE
strength,FALSE
value,TRUE
safety,FALSE
precision,FALSE
authenticity,FALSE
relevance,FALSE
sustainability,FALSE
transition,TRUE
journey,FALSE
commitment,FALSE
evolution,FALSE
transformation,TRUE
move,TRUE
relationship,TRUE
except,FALSE
use,TRUE
as,FALSE
only,FALSE
use,TRUE
typically,FALSE
usually,FALSE
receiver,FALSE
server,FALSE
machine,TRUE
work,TRUE
run,TRUE
operate,TRUE
depend,TRUE
rely,TRUE
focus,FALSE
exist,TRUE
act,TRUE
reside,FALSE
feed,FALSE
call,TRUE
propose,TRUE
actual,FALSE
specification,TRUE
parameter,FALSE
standardize,FALSE
transparent,FALSE
proprietary,FALSE
flexible,FALSE
simple,FALSE
modular,FALSE
mandatory,FALSE
universal,FALSE
uniform,FALSE
static,FALSE
specify,TRUE
suit,FALSE
serve,TRUE
address,TRUE
need,TRUE
condition,FALSE
constraint,FALSE
objective,TRUE
demand,FALSE
limitation,FALSE
goal,TRUE
accord,FALSE
amendment,FALSE
extension,TRUE
similar,FALSE
back,FALSE
amendment,FALSE
return,TRUE
up,FALSE
back,FALSE
prior,FALSE
round,FALSE
group,FALSE
round,FALSE
stage,FALSE
class,TRUE
Games,FALSE
level,TRUE
formula,FALSE
game,FALSE
zone,FALSE
group,TRUE
heat,FALSE
library,TRUE
building,FALSE
museum,FALSE
store,TRUE
gallery,FALSE
website,TRUE
location,TRUE
company,TRUE
collection,TRUE
contain,TRUE
cover,FALSE
contain,TRUE
documentation,FALSE
archive,FALSE
catalog,FALSE
record,TRUE
preservation,FALSE
coating,FALSE
trim,TRUE
oil,FALSE
water,FALSE
restoration,FALSE
tile,FALSE
package,FALSE
carry,FALSE
comprise,FALSE
cpu,TRUE
core,TRUE
battery,FALSE
clock,FALSE
cache,FALSE
port,FALSE
chip,FALSE
transmitter,FALSE
mb,TRUE
gb,FALSE
#,FALSE
#,FALSE
#,FALSE
chip,TRUE
MHz,FALSE
#,FALSE
#,FALSE
page,TRUE
bit,FALSE
line,TRUE
flash,FALSE
internal,FALSE
hard,FALSE
ram,FALSE
bandwidth,FALSE
class,TRUE
batch,FALSE
maximum,FALSE
crew,FALSE
pair,FALSE
consumer,TRUE
employee,TRUE
corporate,FALSE
professional,FALSE
volunteer,FALSE
office,TRUE
student,FALSE
associate,FALSE
employee,TRUE
resident,FALSE
community,FALSE
relate,FALSE
the,FALSE
adobe,FALSE
smart,FALSE
universal,FALSE
Digital,FALSE
Google,FALSE
advanced,FALSE
a,FALSE
Microsoft,FALSE
super,FALSE
open,FALSE
mobile,FALSE
optical,FALSE
smart,FALSE
factor,TRUE
edge,FALSE
texture,FALSE
detection,TRUE
code,TRUE
capture,FALSE
technique,TRUE
search,TRUE
neighbor,FALSE
approximation,FALSE
find,TRUE
search,TRUE
estimate,FALSE
count,FALSE
extraction,FALSE
indicate,FALSE
reveal,FALSE
suggest,FALSE
involve,TRUE
represent,TRUE
aid,TRUE
presence,TRUE
attention,FALSE
cooperation,FALSE
completion,FALSE
close,FALSE
near,FALSE
well,FALSE
next,FALSE
close,FALSE
correct,FALSE
#,FALSE
stand,TRUE
stand,TRUE
stand,TRUE
stand,TRUE
stand,TRUE
sit,TRUE
let,FALSE
die,FALSE
go,TRUE
leave,FALSE
offer,TRUE
license,TRUE
add,TRUE
incorporate,TRUE
incorporate,FALSE
improvement,FALSE
plan,TRUE
update,TRUE
app,TRUE
encourage,FALSE
get,TRUE
expand,TRUE
bring,TRUE
extend,TRUE
install,TRUE
deploy,FALSE
develop,TRUE
build,TRUE
stream,FALSE
artwork,FALSE
series,FALSE
market,FALSE
lineup,FALSE
edition,FALSE
profile,FALSE
#,FALSE
photography,FALSE
#,FALSE
background,TRUE
video,TRUE
online,FALSE
photo,FALSE
video,TRUE
figure,FALSE
figure,FALSE
picture,TRUE
article,TRUE
attempt,TRUE
arrangement,FALSE
move,TRUE
decision,FALSE
arrest,FALSE
provision,FALSE
preparation,FALSE
make,TRUE
conduct,FALSE
undertake,FALSE
make,TRUE
able,FALSE
attempt,TRUE
initiate,FALSE
do,TRUE
extract,FALSE
recover,FALSE
discover,FALSE
steal,FALSE
reveal,FALSE
destroy,FALSE
framework,FALSE
case,TRUE
framework,FALSE
session,FALSE
event,TRUE
disk,TRUE
activity,TRUE
behavior,FALSE
traffic,FALSE
behaviour,FALSE
assign,TRUE
present,TRUE
transfer,TRUE
allocate,FALSE
transmit,FALSE
limit,TRUE
deliver,TRUE
feed,TRUE
chat,FALSE
directory,FALSE
locate,FALSE
central,FALSE
side,TRUE
broadband,FALSE
ip,FALSE
common,FALSE
electronic,FALSE
topology,FALSE
commonly,FALSE
describe,TRUE
define,TRUE
route,FALSE
cable,FALSE
directly,FALSE
node,FALSE
cell,FALSE
bank,FALSE
dedicate,FALSE
centralize,FALSE
nearby,FALSE
global,FALSE
enterprise,TRUE
natural,FALSE
wide,FALSE
cellular,FALSE
human,FALSE
programming,TRUE
robot,FALSE
action,TRUE
describe,TRUE
display,TRUE
represent,TRUE
show,TRUE
publish,TRUE
render,TRUE
print,TRUE
reproduce,FALSE
name,TRUE
analysis,TRUE
knowledge,TRUE
development,TRUE
study,TRUE
none,FALSE
each,FALSE
some,FALSE
one,FALSE
any,FALSE
many,FALSE
testing,FALSE
regardless,FALSE
late,FALSE
relevant,FALSE
exist,TRUE
finish,FALSE
vehicle,FALSE
infrastructure,FALSE
engineering,FALSE
environmental,FALSE
regulatory,FALSE
maintenance,TRUE
concept,TRUE
dimension,FALSE
regulation,FALSE
price,FALSE
recommendation,FALSE
cost,FALSE
technology,TRUE
pricing,FALSE
raise,FALSE
bring,TRUE
leave,TRUE
reveal,FALSE
expose,FALSE
put,TRUE
significant,FALSE
legal,FALSE
ethical,FALSE
major,FALSE
serious,FALSE
concern,FALSE
issue,TRUE
problem,TRUE
claim,TRUE
question,FALSE
challenge,FALSE
conclusion,FALSE
mind,FALSE
conclusion,FALSE
court,FALSE
interactive,FALSE
intelligent,FALSE
autonomous,FALSE
analog,FALSE
entertainment,FALSE
auxiliary,FALSE
animate,FALSE
optional,FALSE
controller,TRUE
button,TRUE
pad,TRUE
stick,FALSE
microphone,FALSE
flashlight,FALSE
pen,FALSE
piano,FALSE
compass,FALSE
press,TRUE
manipulate,FALSE
push,TRUE
click,TRUE
turn,TRUE
touch,TRUE
draw,TRUE
tap,FALSE
punch,FALSE
rotate,FALSE
flip,FALSE
finger,TRUE
string,FALSE
pencil,FALSE
dial,FALSE
lever,FALSE
card,TRUE
knob,FALSE
scroll,FALSE
disc,FALSE
switch,TRUE
interact,TRUE
coordinate,TRUE
interfere,FALSE
speak,FALSE
declare,FALSE
see,TRUE
say,TRUE
deem,FALSE
seek,TRUE
negotiate,FALSE
take,TRUE
pursue,FALSE
consider,TRUE
spin,FALSE
trade,TRUE
lay,FALSE
sign,FALSE
write,TRUE
rip,FALSE
cut,FALSE
pay,TRUE
kick,FALSE
roll,FALSE
off,TRUE
out,FALSE
#,FALSE
over,FALSE
in,TRUE
up,FALSE
side,TRUE
mark,FALSE
wise,FALSE
enhance,FALSE
promote,FALSE
highlight,FALSE
realize,TRUE
benefit,TRUE
status,TRUE
advantage,TRUE
possibility,FALSE
advantage,TRUE
benefit,TRUE
potential,FALSE
importance,FALSE
privilege,FALSE
film,TRUE
book,FALSE
marketplace,FALSE
cloud,FALSE
allow,TRUE
give,TRUE
hence,FALSE
enable,TRUE
cite,FALSE
require,TRUE
level,TRUE
cost,TRUE
yield,FALSE
value,TRUE
control,TRUE
procedure,TRUE
add,TRUE
edit,FALSE
save,FALSE
insert,FALSE
compare,FALSE
replace,FALSE
upgrade,FALSE
restore,FALSE
fix,TRUE
join,FALSE
effect,TRUE
comment,FALSE
upcoming,FALSE
improve,FALSE
execute,FALSE
perform,TRUE
build,TRUE
player,FALSE
command,TRUE
developer,TRUE
agent,FALSE
studio,FALSE
facility,FALSE
dealer,FALSE
#,FALSE
manufacturer,TRUE
maker,FALSE
producer,FALSE
#,FALSE
supplier,FALSE
designer,TRUE
owner,FALSE
buyer,FALSE
retailer,FALSE
vendor,FALSE
#,FALSE
student,FALSE
consumer,TRUE
resident,FALSE
visitor,FALSE
developer,TRUE
business,TRUE
researcher,FALSE
investigator,FALSE
expert,FALSE
test,TRUE
author,FALSE
reader,TRUE
scholar,FALSE
scientist,FALSE
court,FALSE
analyst,FALSE
engineer,FALSE
understand,TRUE
assume,TRUE
claim,TRUE
believe,TRUE
remember,FALSE
say,TRUE
item,TRUE
formal,FALSE
theoretical,FALSE
mathematical,FALSE
label,FALSE
patent,FALSE
variable,FALSE
persistent,FALSE
dynamic,FALSE
java,FALSE
#,FALSE
#,FALSE
#,FALSE
#,FALSE
generator,FALSE
share,TRUE
match,TRUE
exchange,TRUE
send,TRUE
return,TRUE
keep,TRUE
maintain,TRUE
problem,TRUE
depend,TRUE
know,TRUE
remain,TRUE
official,FALSE
active,FALSE
valid,FALSE
function,FALSE
operational,FALSE
public,FALSE
one,TRUE
structure,FALSE
bridge,FALSE
station,FALSE
school,FALSE
remain,TRUE
#,FALSE
car,FALSE
game,TRUE
library,FALSE
online,FALSE
collection,FALSE
collection,TRUE
National,FALSE
engine,TRUE
index,TRUE
size,TRUE
source,TRUE
format,TRUE
title,FALSE
submit,FALSE
review,FALSE
request,TRUE
publish,FALSE
standard,FALSE
free,FALSE
recommend,FALSE
general,FALSE
special,FALSE
essential,FALSE
software,FALSE
enterprise,FALSE
produce,TRUE
issue,TRUE
license,FALSE
administrative,FALSE
statistical,FALSE
tax,FALSE
taxation,FALSE
classification,FALSE
educational,FALSE
geographical,FALSE
marketing,FALSE
conservation,FALSE
purpose,TRUE
b,FALSE
c,FALSE
article,TRUE
part,TRUE
issue,TRUE
book,TRUE
rule,TRUE
track,TRUE
these,FALSE
company,TRUE
number,TRUE
line,TRUE
both,FALSE
report,FALSE
model,TRUE
year,TRUE
give,TRUE
outline,TRUE
constitute,FALSE
describe,TRUE
comprise,FALSE
prepare,FALSE
overview,FALSE
explanation,FALSE
examination,FALSE
evaluation,FALSE
assessment,FALSE
abstract,FALSE
investigation,FALSE
compliance,FALSE
definition,TRUE
practical,FALSE
structural,FALSE
technological,FALSE
vendor,FALSE
contractor,FALSE
assembly,FALSE
survive,TRUE
chart,FALSE
calendar,FALSE
folder,FALSE
box,TRUE
phone,FALSE
marker,FALSE
resource,TRUE
guide,FALSE
board,FALSE
every,FALSE
purchase,TRUE
freely,FALSE
store,TRUE
commercially,FALSE
unused,FALSE
prefer,FALSE
desire,TRUE
unavailable,FALSE
sufficient,FALSE
protect,FALSE
desirable,FALSE
stock,FALSE
open,FALSE
black,FALSE
mass,FALSE
labour,FALSE
labor,FALSE
financial,FALSE
perspective,FALSE
equation,FALSE
dimension,FALSE
logic,FALSE
economy,TRUE
situation,FALSE
theorem,FALSE
impose,FALSE
apply,TRUE
adopt,TRUE
ignore,FALSE
since,FALSE
generation,FALSE
discovery,FALSE
#,FALSE
#,FALSE
#,FALSE
involve,TRUE
try,TRUE
suggest,TRUE
list,TRUE
distinguish,TRUE
view,TRUE
analyze,FALSE
combination,TRUE
array,FALSE
sequence,FALSE
variety,FALSE
paint,TRUE
painting,FALSE
print,FALSE
photograph,FALSE
brush,FALSE
artwork,FALSE
medium,FALSE
field,FALSE
case,TRUE
medium,FALSE
situation,FALSE
dependent,FALSE
base,TRUE
center,TRUE
rely,TRUE
conditional,FALSE
depend,TRUE
contingent,FALSE
#,FALSE
determination,FALSE
#,FALSE
#,FALSE
appearance,FALSE
grade,FALSE
shape,FALSE
signature,FALSE
numerical,FALSE
equivalent,FALSE
even,FALSE
iso,FALSE
fairly,FALSE
conclude,FALSE
show,TRUE
observe,FALSE
exactly,FALSE
precisely,FALSE
somehow,FALSE
either,FALSE
dot,FALSE
vertex,FALSE
two,FALSE
edge,FALSE
neighbor,FALSE
color,TRUE
vector,FALSE
state,TRUE
chain,FALSE
hierarchy,FALSE
diagram,FALSE
yield,FALSE
assign,FALSE
property,TRUE
solution,FALSE
assignment,FALSE
characteristic,FALSE
adjacent,FALSE
opposite,FALSE
neighboring,FALSE
symbol,FALSE
purpose,TRUE
goal,TRUE
task,TRUE
objective,TRUE
duration,FALSE
majority,FALSE
efficient,FALSE
optimal,FALSE
quantum,FALSE
continuous,FALSE
happy,FALSE
bless,FALSE
there,FALSE
alive,FALSE
listen,FALSE
witness,FALSE
resistance,FALSE
security,TRUE
background,TRUE
link,TRUE
room,FALSE
property,TRUE
mesh,FALSE
aware,FALSE
focus,TRUE
map,TRUE
layout,FALSE
editor,FALSE
viewer,FALSE
improve,TRUE
increase,TRUE
well,FALSE
increase,TRUE
great,FALSE
enhance,FALSE
manage,TRUE
monitor,TRUE
productivity,FALSE
flexibility,FALSE
automation,FALSE
fast,FALSE
quick,FALSE
fast,FALSE
quick,FALSE
high,FALSE
arrangement,FALSE
undergo,FALSE
return,TRUE
improvement,FALSE
progression,FALSE
complex,FALSE
digit,FALSE
large,FALSE
telephone,FALSE
serial,FALSE
rational,FALSE
cardinal,FALSE
prime,FALSE
binary,FALSE
#,FALSE
mix,FALSE
treatment,FALSE
lack,TRUE
type,TRUE
download,FALSE
extension,FALSE
navigation,FALSE
usb,FALSE
program,FALSE
#,FALSE
paint,TRUE
#,FALSE
brush,FALSE
sensor,TRUE
distance,FALSE
ask,TRUE
tell,FALSE
direct,TRUE
photographer,FALSE
operator,FALSE
choose,TRUE
cluster,FALSE
pool,FALSE
dot,FALSE
#,FALSE
spot,FALSE
enough,FALSE
calculate,FALSE
random,FALSE
fix,TRUE
high,FALSE
#,FALSE
culminate,FALSE
end,TRUE
reflect,TRUE
large,FALSE
complete,FALSE
reference,TRUE
access,TRUE
communicate,TRUE
respond,TRUE
respond,TRUE
refer,TRUE
direct,TRUE
#,FALSE
via,FALSE
within,FALSE
contain,TRUE
they,FALSE
you,FALSE
we,FALSE
he,FALSE
People,FALSE
it,FALSE
user,TRUE
visitor,FALSE
student,FALSE
she,FALSE
think,TRUE
feel,TRUE
declare,FALSE
article,TRUE
block,FALSE
turn,TRUE
chapter,FALSE
version,TRUE
pay,TRUE
receive,TRUE
get,TRUE
worth,FALSE
garner,FALSE
attract,FALSE
attract,FALSE
gain,TRUE
afford,TRUE
deserve,FALSE
gain,TRUE
grant,FALSE
money,FALSE
well,FALSE
highly,FALSE
heavily,FALSE
favor,FALSE
compensation,FALSE
favor,FALSE
tribute,FALSE
senior,FALSE
suite,FALSE
incorporate,TRUE
combine,TRUE
on,FALSE
kit,TRUE
dictionary,FALSE
bar,FALSE
rich,FALSE
simplify,FALSE
meter,FALSE
learn,FALSE
navigate,FALSE
tone,FALSE
sound,FALSE
rating,FALSE
compete,FALSE
cooperate,FALSE
collaborate,FALSE
partner,FALSE
merge,FALSE
delivery,FALSE
photographic,FALSE
garbage,FALSE
dust,FALSE
heat,FALSE
trash,FALSE
history,TRUE
placement,TRUE
encode,FALSE
translation,FALSE
individual,FALSE
paint,TRUE
party,TRUE
party,TRUE
sector,FALSE
tier,FALSE
party,FALSE
rail,FALSE
wave,FALSE
hand,FALSE
house,FALSE
compilation,FALSE
geographic,FALSE
coordination,FALSE
associate,FALSE
essential,FALSE
vital,FALSE
suggest,TRUE
crucial,FALSE
critical,FALSE
participant,FALSE
candidate,FALSE
driver,TRUE
team,TRUE
member,TRUE
player,FALSE
vehicle,FALSE
coach,FALSE
train,FALSE
director,FALSE
car,FALSE
enjoy,FALSE
skip,TRUE
enter,TRUE
continue,TRUE
previous,FALSE
top,FALSE
read,TRUE
immediately,FALSE
note,TRUE
continue,TRUE
go,TRUE
proceed,FALSE
head,FALSE
branch,TRUE
log,FALSE
drop,TRUE
expand,TRUE
exit,FALSE
transfer,TRUE
enter,FALSE
turn,TRUE
day,TRUE
future,FALSE
validity,FALSE
nature,FALSE
term,TRUE
livery,FALSE
last,TRUE
live,FALSE
hold,TRUE
await,FALSE
delay,FALSE
especially,FALSE
particularly,FALSE
wait,FALSE
ready,FALSE
past,FALSE
aftermath,FALSE
occasion,FALSE
period,TRUE
moment,FALSE
era,FALSE
artist,FALSE
applicant,FALSE
installation,FALSE
ask,TRUE
wish,TRUE
look,TRUE
petition,FALSE
demand,FALSE
contract,FALSE
credit,FALSE
fashion,FALSE
look,TRUE
tonne,FALSE
ton,FALSE
mile,FALSE
pound,FALSE
bird,FALSE
foot,FALSE
inhabitant,FALSE
speaker,FALSE
dollar,FALSE
km,FALSE
passenger,FALSE
specie,FALSE
example,TRUE
2013,FALSE
2008,FALSE
2012,FALSE
2014,FALSE
2010,FALSE
2015,FALSE
Wikipedia,FALSE
link,TRUE
gateway,FALSE
refer,TRUE
set,TRUE
index,FALSE
gateway,FALSE
CA,FALSE
gather,FALSE
key,TRUE
reference,TRUE
registration,FALSE
position,FALSE
disposal,FALSE
typical,FALSE
simple,FALSE
alternative,FALSE
paradigm,FALSE
could,FALSE
might,FALSE
can,FALSE
shall,FALSE
transport,FALSE
console,FALSE
host,TRUE
manage,TRUE
drive,TRUE
open,TRUE
receive,TRUE
download,TRUE
handle,TRUE
this,FALSE
that,FALSE
another,FALSE
equity,FALSE
state,TRUE
expect,TRUE
believe,FALSE
assume,TRUE
assert,FALSE
say,TRUE
guarantee,FALSE
state,TRUE
report,TRUE
hope,FALSE
estimate,FALSE
modification,FALSE
terminate,FALSE
originate,FALSE
arise,TRUE
reside,FALSE
atmosphere,FALSE
manner,FALSE
sensitivity,FALSE
capacity,FALSE
reason,TRUE
due,FALSE
subject,FALSE
due,FALSE
solution,TRUE
similarly,FALSE
provincial,FALSE
state,FALSE
international,FALSE
federal,FALSE
national,FALSE
EU,FALSE
regional,FALSE
government,FALSE
country,FALSE
ontario,FALSE
canadian,FALSE
law,TRUE
legislation,FALSE
policy,FALSE
policy,FALSE
regulation,TRUE
statute,FALSE
decision,TRUE
practice,FALSE
restriction,FALSE
govern,FALSE
regulate,FALSE
limit,TRUE
ban,TRUE
affect,TRUE
safe,FALSE
widespread,FALSE
recreational,FALSE
retail,FALSE
continue,TRUE
manufacture,TRUE
consumption,FALSE
license,TRUE
petroleum,FALSE
alcohol,FALSE
food,FALSE
cannabis,FALSE
bio,FALSE
ethanol,FALSE
plant,FALSE
carbon,FALSE
tobacco,FALSE
silicon,FALSE
energy,FALSE
compatible,FALSE
operate,TRUE
assist,FALSE
less,FALSE
keyboard,TRUE
instrument,FALSE
machine,TRUE
combine,TRUE
utilize,FALSE
implement,TRUE
#,FALSE
incoming,FALSE
submission,FALSE
route,FALSE
map,TRUE
filter,FALSE
handle,TRUE
track,TRUE
scan,FALSE
help,TRUE
assistance,FALSE
more,FALSE
resource,TRUE
training,FALSE
care,TRUE
project,TRUE
readily,FALSE
easily,FALSE
publicly,FALSE
fully,FALSE
widely,FALSE
later,FALSE
context,TRUE
course,FALSE
premise,FALSE
premise,FALSE
#,FALSE
script,FALSE
ios,FALSE
quarter,TRUE
season,FALSE
quarter,TRUE
month,TRUE
semester,FALSE
convert,FALSE
resort,FALSE
respond,FALSE
block,FALSE
#,FALSE
removal,FALSE
accept,TRUE
obsolete,FALSE
controversial,FALSE
redundant,FALSE
acceptable,FALSE
authoritative,FALSE
legitimate,FALSE
sustainable,FALSE
illegal,FALSE
historian,FALSE
enthusiast,FALSE
folk,FALSE
organisation,FALSE
professional,TRUE
community,FALSE
hope,TRUE
agree,FALSE
#,FALSE
harbor,FALSE
art,TRUE
cause,TRUE
foundation,FALSE
mission,TRUE
three,FALSE
four,FALSE
agent,FALSE
ship,FALSE
robot,FALSE
mission,FALSE
role,TRUE
director,FALSE
accomplish,FALSE
execute,FALSE
conduct,TRUE
duty,FALSE
aim,FALSE
deployment,FALSE
retention,FALSE
testing,FALSE
administration,FALSE
license,FALSE
credential,FALSE
accept,TRUE
generate,TRUE
answer,TRUE
perform,TRUE
expression,FALSE
name,FALSE
program,FALSE
question,FALSE
independent,FALSE
outside,FALSE
independently,FALSE
extension,TRUE
representative,FALSE
office,TRUE
random,FALSE
multiple,FALSE
additional,FALSE
far,FALSE
direct,FALSE
regular,FALSE
new,FALSE
future,FALSE
difference,FALSE
comparison,TRUE
style,FALSE
shape,FALSE
own,TRUE
handle,TRUE
manage,TRUE
sell,TRUE
accomplish,FALSE
shift,FALSE
frame,FALSE
pass,FALSE
burst,FALSE
session,FALSE
fly,FALSE
result,TRUE
statistic,FALSE
text,FALSE
those,FALSE
detect,FALSE
record,TRUE
capture,FALSE
achieve,TRUE
android,FALSE
field,FALSE
target,TRUE
deploy,FALSE
delay,FALSE
minute,TRUE
length,FALSE
hour,TRUE
interval,FALSE
wait,FALSE
limit,TRUE
spend,FALSE
allot,FALSE
everything,FALSE
anything,FALSE
something,FALSE
second,FALSE
minute,TRUE
degree,FALSE
cycle,FALSE
reality,FALSE
alert,FALSE
report,TRUE
occupy,FALSE
mean,TRUE
witness,FALSE
journal,FALSE
newspaper,FALSE
detect,TRUE
avoid,FALSE
prevent,FALSE
minimize,FALSE
eliminate,FALSE
stop,FALSE
employ,TRUE
introduce,FALSE
branding,FALSE
styling,FALSE
template,FALSE
convince,FALSE
studio,FALSE
#,FALSE
#,FALSE
panel,FALSE
company,FALSE
#,FALSE
publisher,FALSE
explore,TRUE
determine,TRUE
want,TRUE
find,TRUE
red,FALSE
spatial,FALSE
hear,FALSE
imagine,FALSE
consult,FALSE
examine,FALSE
list,TRUE
publication,FALSE
activity,FALSE
event,TRUE
topic,FALSE
relate,TRUE
pertain,FALSE
devote,FALSE
matter,FALSE
publication,FALSE
detail,FALSE
list,TRUE
discuss,FALSE
indicate,FALSE
mention,FALSE
note,TRUE
precede,FALSE
paragraph,FALSE
part,TRUE
center,TRUE
provider,FALSE
collect,TRUE
hold,TRUE
applicable,FALSE
clean,FALSE
spray,FALSE
#,FALSE
#,FALSE
it,FALSE
draft,FALSE
committee,FALSE
study,TRUE
study,FALSE
survey,FALSE
survey,FALSE
host,TRUE
commission,TRUE
lab,FALSE
associate,FALSE
technology,FALSE
corporation,FALSE
lab,FALSE
project,FALSE
architect,FALSE
technology,FALSE
university,FALSE
define,TRUE
explain,FALSE
confirm,FALSE
overall,FALSE
conceptual,FALSE
architectural,FALSE
title,FALSE
airport,FALSE
individual,TRUE
worker,TRUE
accustom,FALSE
restrict,FALSE
susceptible,FALSE
listen,FALSE
prone,FALSE
blind,FALSE
deaf,FALSE
gain,TRUE
button,TRUE
#,FALSE
#,FALSE
plant,FALSE
#,FALSE
work,FALSE
#,FALSE
ABC,FALSE
iphone,FALSE
walk,FALSE
#,FALSE
lock,FALSE
subscription,FALSE
choose,TRUE
insertion,FALSE
inclusion,FALSE
incorporation,FALSE
load,TRUE
import,FALSE
board,FALSE
studio,FALSE
system,FALSE
factory,FALSE
gallery,FALSE
shop,FALSE
stay,TRUE
become,TRUE
keep,TRUE
act,TRUE
want,TRUE
buy,FALSE
portfolio,FALSE
upgrade,TRUE
feedback,FALSE
brand,TRUE
camera,TRUE
white,FALSE
yellow,FALSE
orange,FALSE
blue,FALSE
branch,FALSE
variant,FALSE
semantic,FALSE
translator,FALSE
translate,FALSE
interpreter,FALSE
version,TRUE
number,TRUE
platform,TRUE
type,TRUE
channel,FALSE
step,TRUE
phase,TRUE
track,TRUE
#,FALSE
#,FALSE
#,FALSE
#,FALSE
#,FALSE
accommodate,FALSE
responsibility,TRUE
authority,FALSE
tier,FALSE
layer,FALSE
rank,FALSE
spectrum,FALSE
band,FALSE
force,TRUE
programmer,FALSE
record,TRUE
forward,FALSE
directional,FALSE
towards,FALSE
toward,FALSE
away,FALSE
exact,FALSE
pure,FALSE
blend,FALSE
match,FALSE
complementary,FALSE
spectral,FALSE
gray,FALSE
intend,TRUE
wish,TRUE
desire,TRUE
want,TRUE
expect,TRUE
plan,TRUE
wish,TRUE
agreement,FALSE
patch,FALSE
operator,FALSE
provider,FALSE
administrator,TRUE
builder,FALSE
editor,FALSE
kit,FALSE
teach,FALSE
render,TRUE
among,FALSE
around,FALSE
#,FALSE
grant,FALSE
afford,TRUE
deny,FALSE
charge,FALSE
citizen,FALSE
privilege,FALSE
fee,FALSE
quota,FALSE
popularity,FALSE
complexity,FALSE
age,FALSE
info,FALSE
paperwork,FALSE
contain,TRUE
gather,FALSE
deposit,FALSE
front,FALSE
possession,FALSE
copy,FALSE
consist,TRUE
compose,FALSE
regardless,FALSE
consist,TRUE
instead,FALSE
courtesy,FALSE
devoid,FALSE
consist,TRUE
consist,TRUE
description,TRUE
recover,FALSE
lose,FALSE
forget,FALSE
erase,FALSE
identify,FALSE
alter,FALSE
discover,FALSE
verify,FALSE
check,FALSE
hide,FALSE
accessible,FALSE
track,TRUE
expert,FALSE
#,FALSE
#,FALSE
illustrate,FALSE
article,FALSE
rule,TRUE
rule,FALSE
scheme,FALSE