encryption,TRUE
device,TRUE
system,TRUE
software,TRUE
datum,TRUE
component,TRUE
communication,TRUE
solution,TRUE
equipment,TRUE
application,TRUE
code,TRUE
channel,TRUE
algorithm,TRUE
program,TRUE
service,TRUE
digital,FALSE
radio,TRUE
electronic,FALSE
wireless,FALSE
via,FALSE
include,TRUE
communication,TRUE
security,TRUE
computer,TRUE
telephone,TRUE
satellite,TRUE
gps,FALSE
telecommunication,FALSE
radar,TRUE
information,TRUE
monitor,TRUE
#,FALSE
system,TRUE
power,TRUE
ability,TRUE
authority,TRUE
capability,TRUE
responsibility,TRUE
right,TRUE
mandate,TRUE
duty,TRUE
discretion,FALSE
capacity,TRUE
power,TRUE
mission,TRUE
function,TRUE
option,TRUE
task,TRUE
detect,TRUE
remove,TRUE
identify,TRUE
locate,TRUE
collect,TRUE
scan,TRUE
eliminate,TRUE
capture,TRUE
extract,TRUE
secure,TRUE
find,TRUE
reduce,TRUE
select,TRUE
retrieve,TRUE
store,TRUE
use,TRUE
apply,TRUE
measure,TRUE
attach,TRUE
analyze,TRUE
test,TRUE
utilize,TRUE
place,FALSE
deploy,TRUE
examine,TRUE
add,TRUE
assign,TRUE
specific,FALSE
plant,TRUE
certain,FALSE
target,TRUE
hair,FALSE
short,FALSE
individual,FALSE
finger,FALSE
long,FALSE
human,FALSE
brain,TRUE
spider,FALSE
particular,FALSE
#,FALSE
section,TRUE
#,FALSE
#,FALSE
relay,FALSE
#,FALSE
section,TRUE
#,FALSE
contamination,FALSE
country,TRUE
link,TRUE
channel,TRUE
reference,TRUE
reference,TRUE
material,TRUE
material,TRUE
element,TRUE
hair,FALSE
item,TRUE
structure,TRUE
substance,FALSE
object,TRUE
marking,FALSE
fiber,FALSE
tissue,FALSE
characteristic,TRUE
substance,FALSE
determine,TRUE
every,FALSE
either,FALSE
provide,TRUE
ensure,TRUE
type,TRUE
type,TRUE
feature,TRUE
location,TRUE
specie,FALSE
target,TRUE
part,TRUE
area,TRUE
group,TRUE
location,TRUE
site,TRUE
identification,TRUE
interest,TRUE
excellence,FALSE
service,TRUE
fire,TRUE
activity,TRUE
phase,TRUE
phase,TRUE
stage,TRUE
part,TRUE
block,TRUE
project,TRUE
phase,TRUE
step,TRUE
process,TRUE
level,TRUE
site,TRUE
program,TRUE
team,TRUE
volume,TRUE
define,TRUE
designate,TRUE
know,TRUE
specify,TRUE
describe,TRUE
identify,TRUE
characterize,FALSE
classify,TRUE
categorize,FALSE
recognize,TRUE
term,TRUE
establish,TRUE
structure,TRUE
name,TRUE
state,TRUE
stage,TRUE
period,TRUE
component,TRUE
step,TRUE
process,TRUE
plan,TRUE
program,TRUE
plan,FALSE
part,TRUE
division,TRUE
point,TRUE
determine,TRUE
develop,TRUE
stage,TRUE
accordance,TRUE
conjunction,TRUE
cooperation,TRUE
coordination,TRUE
compliance,TRUE
collaboration,FALSE
line,TRUE
partnership,FALSE
keep,TRUE
association,TRUE
combination,TRUE
consultation,TRUE
agreement,TRUE
parallel,TRUE
concert,FALSE
design,TRUE
make,TRUE
set,TRUE
implement,TRUE
create,TRUE
perform,TRUE
maintain,TRUE
conduct,TRUE
direct,TRUE
execute,TRUE
enforce,FALSE
fix,TRUE
activate,TRUE
signal,FALSE
transmission,TRUE
mechanical,FALSE
circuit,TRUE
unit,TRUE
electrical,FALSE
transmitter,TRUE
command,TRUE
engine,TRUE
device,TRUE
failure,TRUE
error,TRUE
fault,TRUE
operation,TRUE
problem,TRUE
action,TRUE
change,TRUE
attack,TRUE
defect,FALSE
delay,TRUE
contact,TRUE
event,TRUE
interrupt,FALSE
result,TRUE
result,TRUE
result,TRUE
result,TRUE
occur,TRUE
end,TRUE
arise,FALSE
bring,TRUE
consist,TRUE
exist,TRUE
come,TRUE
happen,FALSE
culminate,FALSE
lead,TRUE
message,TRUE
sound,TRUE
signal,TRUE
path,TRUE
response,TRUE
voltage,TRUE
impulse,FALSE
stream,TRUE
current,TRUE
frequency,TRUE
transmit,TRUE
send,TRUE
deliver,TRUE
issue,TRUE
transfer,TRUE
give,TRUE
pass,TRUE
communicate,TRUE
return,TRUE
apply,TRUE
broadcast,TRUE
release,TRUE
convey,TRUE
entire,FALSE
launch,TRUE
control,TRUE
operate,TRUE
whole,FALSE
motor,TRUE
next,FALSE
appropriate,FALSE
vehicle,TRUE
remote,FALSE
autonomous,FALSE
deploy,TRUE
',FALSE
consist,TRUE
consist,TRUE
compose,TRUE
consist,TRUE
compose,TRUE
advise,TRUE
mix,TRUE
include,TRUE
approve,TRUE
comprise,TRUE
make,TRUE
flexibility,TRUE
freedom,FALSE
right,TRUE
opportunity,TRUE
adapt,TRUE
convert,TRUE
connect,TRUE
relate,TRUE
integrate,TRUE
transform,TRUE
map,TRUE
compare,TRUE
translate,TRUE
coordinate,TRUE
support,TRUE
deployment,TRUE
operational,FALSE
development,TRUE
flight,TRUE
pilot,TRUE
training,TRUE
design,TRUE
production,TRUE
performance,TRUE
plan,TRUE
plan,TRUE
detail,TRUE
report,TRUE
analysis,TRUE
order,TRUE
objective,TRUE
coordinate,TRUE
instruction,TRUE
decision,TRUE
operation,TRUE
customer,TRUE
aircraft,TRUE
project,TRUE
strategic,FALSE
transportation,TRUE
resource,TRUE
regional,FALSE
transport,TRUE
scenario,TRUE
aviation,TRUE
fleet,TRUE
management,TRUE
delivery,TRUE
critical,FALSE
track,TRUE
guidance,TRUE
orient,TRUE
warn,TRUE
#,FALSE
#,FALSE
#,FALSE
#,FALSE
#,FALSE
#,FALSE
#,FALSE
#,FALSE
#,FALSE
#,FALSE
#,FALSE
#,FALSE
#,FALSE
patent,FALSE
license,TRUE
access,TRUE
user,TRUE
license,TRUE
distribution,TRUE
name,TRUE
proprietary,FALSE
intellectual,FALSE
exclusive,FALSE
download,FALSE
publish,TRUE
standard,TRUE
consequence,TRUE
module,TRUE
package,TRUE
product,TRUE
solution,TRUE
framework,TRUE
tool,TRUE
potential,TRUE
obligation,FALSE
capability,TRUE
competence,TRUE
deliver,TRUE
perform,TRUE
offer,TRUE
implement,TRUE
enable,TRUE
operate,TRUE
handle,TRUE
manage,TRUE
incorporate,TRUE
follow,TRUE
necessary,FALSE
require,TRUE
relevant,FALSE
desire,TRUE
well,FALSE
late,FALSE
basic,FALSE
three,FALSE
essential,FALSE
full,FALSE
environmental,FALSE
additional,FALSE
external,FALSE
safety,TRUE
global,FALSE
internal,FALSE
independent,FALSE
unique,FALSE
processing,TRUE
transfer,TRUE
storage,TRUE
acquisition,TRUE
protection,TRUE
exchange,TRUE
handle,TRUE
retention,TRUE
integration,TRUE
recovery,TRUE
interchange,TRUE
function,TRUE
functionality,TRUE
tool,TRUE
activity,TRUE
measure,TRUE
option,TRUE
rule,TRUE
requirement,TRUE
compromise,FALSE
condition,TRUE
specification,TRUE
basis,TRUE
minimum,TRUE
require,TRUE
allow,TRUE
permit,TRUE
order,TRUE
ask,TRUE
need,TRUE
direct,FALSE
request,TRUE
a,TRUE
b,TRUE
c,FALSE
one,FALSE
d,FALSE
receive,TRUE
send,TRUE
view,TRUE
transmit,TRUE
display,TRUE
monitor,TRUE
submit,TRUE
create,TRUE
record,TRUE
multi,FALSE
time,TRUE
per,FALSE
full,FALSE
large,FALSE
24,FALSE
single,FALSE
live,FALSE
wide,FALSE
multiple,FALSE
frame,TRUE
dry,TRUE
proof,FALSE
print,TRUE
loop,TRUE
box,TRUE
draft,FALSE
screen,TRUE
freeze,FALSE
file,TRUE
message,TRUE
image,TRUE
document,TRUE
script,FALSE
scenario,TRUE
map,TRUE
warning,TRUE
picture,TRUE
#,FALSE
carry,TRUE
possess,TRUE
maintain,TRUE
achieve,TRUE
ultimate,FALSE
maximum,FALSE
optimal,FALSE
traffic,TRUE
new,FALSE
functional,FALSE
military,FALSE
tactical,FALSE
compute,FALSE
input,TRUE
command,TRUE
facility,TRUE
mechanism,TRUE
unit,TRUE
missile,TRUE
variant,TRUE
system,FALSE
operator,TRUE
technology,TRUE
sensor,TRUE
mission,TRUE
vehicle,TRUE
class,TRUE
category,TRUE
generation,TRUE
range,TRUE
class,TRUE
squadron,TRUE
range,TRUE
series,TRUE
discipline,FALSE
family,TRUE
line,TRUE
#,FALSE
#,FALSE
#,FALSE
#,FALSE
control,TRUE
integrate,TRUE
run,TRUE
connect,TRUE
manage,TRUE
support,TRUE
provide,TRUE
replace,TRUE
engage,TRUE
combine,TRUE
fly,TRUE
link,TRUE
simultaneously,FALSE
spacecraft,TRUE
ship,TRUE
asset,TRUE
environment,TRUE
integrate,TRUE
controller,TRUE
control,TRUE
sensor,TRUE
combat,TRUE
unify,FALSE
console,TRUE
panel,FALSE
chip,TRUE
table,TRUE
station,TRUE
center,TRUE
interface,TRUE
board,TRUE
node,FALSE
use,TRUE
utilize,TRUE
incorporate,TRUE
share,TRUE
implement,TRUE
employ,TRUE
various,FALSE
US,FALSE
many,FALSE
exist,TRUE
different,FALSE
modern,FALSE
NATO,FALSE
several,FALSE
industry,TRUE
hardware,TRUE
sector,TRUE
force,TRUE
protocol,TRUE
instrument,TRUE
technology,TRUE
computer,TRUE
interface,TRUE
supply,TRUE
simulation,TRUE
allow,TRUE
create,TRUE
offer,TRUE
compatibility,TRUE
size,TRUE
height,TRUE
length,TRUE
position,TRUE
width,FALSE
content,TRUE
volume,TRUE
accuracy,TRUE
brightness,FALSE
resolution,TRUE
window,TRUE
setting,TRUE
orientation,FALSE
temperature,TRUE
image,TRUE
instrument,TRUE
navigation,TRUE
cockpit,FALSE
terminal,FALSE
camera,TRUE
field,TRUE
receiver,TRUE
header,FALSE
text,TRUE
operator,TRUE
crew,TRUE
manufacturer,TRUE
staff,TRUE
user,TRUE
indicate,TRUE
assure,TRUE
verify,TRUE
show,TRUE
check,TRUE
confirm,TRUE
see,TRUE
prove,TRUE
assume,TRUE
suggest,TRUE
background,FALSE
technical,FALSE
sms,FALSE
sensitive,FALSE
key,FALSE
incoming,FALSE
address,TRUE
status,TRUE
detail,TRUE
content,TRUE
info,FALSE
progress,FALSE
news,TRUE
available,FALSE
remove,TRUE
affect,TRUE
clear,TRUE
inform,TRUE
#,FALSE
#,FALSE
achieve,TRUE
use,TRUE
test,TRUE
evaluate,TRUE
improve,TRUE
measure,TRUE
present,FALSE
consistent,FALSE
increase,TRUE
aspect,TRUE
level,TRUE
element,TRUE
step,TRUE
branch,TRUE
area,TRUE
research,TRUE
testing,TRUE
engineering,TRUE
manufacture,TRUE
assessment,TRUE
study,TRUE
model,TRUE
implementation,TRUE
trial,FALSE
construction,TRUE
evaluation,TRUE
build,TRUE
maintenance,TRUE
cycle,TRUE
process,TRUE
work,TRUE
effort,TRUE
give,TRUE
yield,TRUE
produce,TRUE
specify,TRUE
define,TRUE
contain,TRUE
reliability,TRUE
total,FALSE
peak,FALSE
reliable,FALSE
final,FALSE
cumulative,FALSE
high,FALSE
constant,FALSE
reasonable,FALSE
speed,TRUE
lifetime,FALSE
duration,TRUE
complexity,TRUE
stability,TRUE
life,TRUE
value,TRUE
priority,TRUE
quality,TRUE
find,TRUE
observe,TRUE
contain,TRUE
consider,TRUE
calculate,TRUE
meet,TRUE
provide,TRUE
area,TRUE
level,TRUE
rate,TRUE
degree,TRUE
rule,TRUE
degree,TRUE
rate,TRUE
effect,TRUE
maximum,FALSE
loss,TRUE
speed,TRUE
field,TRUE
state,TRUE
point,TRUE
efficiency,TRUE
difficulty,FALSE
#,FALSE
reduce,TRUE
address,TRUE
include,TRUE
conduct,TRUE
facilitate,TRUE
undergo,FALSE
surveillance,TRUE
position,TRUE
detection,TRUE
knowledge,TRUE
intelligence,TRUE
asset,TRUE
resource,TRUE
readiness,FALSE
adopt,TRUE
share,TRUE
follow,TRUE
follow,TRUE
four,FALSE
primary,FALSE
general,FALSE
major,FALSE
core,TRUE
detail,FALSE
comprehensive,FALSE
important,FALSE
base,TRUE
relate,TRUE
cost,TRUE
assurance,FALSE
statement,TRUE
assistance,TRUE
advice,FALSE
opportunity,TRUE
#,FALSE
membership,FALSE
cover,TRUE
state,TRUE
read,TRUE
follow,TRUE
say,TRUE
involve,TRUE
describe,TRUE
regulation,TRUE
management,TRUE
enforcement,FALSE
maintenance,TRUE
administration,TRUE
use,FALSE
operation,TRUE
activity,TRUE
protection,TRUE
application,TRUE
operation,TRUE
prevention,FALSE
reform,FALSE
creation,TRUE
cause,TRUE
mean,TRUE
prevent,TRUE
constitute,FALSE
replace,TRUE
termination,TRUE
removal,FALSE
review,TRUE
loss,TRUE
elimination,FALSE
replacement,FALSE
closure,FALSE
execution,TRUE
discharge,FALSE
withdrawal,FALSE
cancellation,FALSE
destruction,TRUE
completion,TRUE
suspension,FALSE
procedure,TRUE
#,FALSE
Act,FALSE
stop,TRUE
protect,TRUE
prohibit,TRUE
keep,TRUE
block,TRUE
refrain,TRUE
exclude,FALSE
prevent,TRUE
assist,TRUE
ban,TRUE
restrict,TRUE
distract,FALSE
shield,FALSE
prevent,TRUE
player,TRUE
author,FALSE
driver,TRUE
programmer,FALSE
AI,FALSE
person,TRUE
developer,FALSE
owner,FALSE
reach,TRUE
perform,TRUE
address,TRUE
condition,TRUE
rule,TRUE
limit,TRUE
privilege,FALSE
form,TRUE
aspect,TRUE
zone,TRUE
term,TRUE
autonomy,FALSE
environment,TRUE
application,TRUE
establish,TRUE
extend,TRUE
demonstrate,TRUE
guarantee,TRUE
mean,TRUE
possibility,TRUE
facility,TRUE
provider,TRUE
technician,FALSE
company,TRUE
prepare,TRUE
develop,TRUE
complete,TRUE
execute,TRUE
master,TRUE
game,TRUE
suitable,FALSE
backup,FALSE
file,TRUE
document,TRUE
item,TRUE
object,TRUE
payload,TRUE
manifest,FALSE
modification,TRUE
revision,FALSE
update,TRUE
improvement,TRUE
repair,TRUE
insertion,FALSE
edit,TRUE
record,TRUE
documentation,TRUE
interpretation,TRUE
inspection,FALSE
commander,TRUE
director,FALSE
holder,FALSE
disposal,FALSE
website,TRUE
home,TRUE
expense,FALSE
desk,FALSE
site,TRUE
residence,FALSE
headquarter,FALSE
workplace,FALSE
accurate,FALSE
simple,FALSE
precise,FALSE
efficient,FALSE
robust,FALSE
correct,FALSE
ground,TRUE
guide,TRUE
transparent,FALSE
contain,TRUE
provide,TRUE
include,TRUE
require,TRUE
clearance,TRUE
space,TRUE
visibility,FALSE
room,FALSE
instrumentation,FALSE
altitude,TRUE
guide,TRUE
encourage,TRUE
help,TRUE
aid,TRUE
convince,FALSE
force,TRUE
induce,FALSE
pilot,TRUE
airplane,FALSE
craft,FALSE
plane,TRUE
passenger,TRUE
helicopter,TRUE
occupant,FALSE
passenger,TRUE
jet,TRUE
take,TRUE
lift,TRUE
get,TRUE
fly,TRUE
jump,TRUE
turn,TRUE
clear,FALSE
cool,TRUE
drop,TRUE
roll,TRUE
push,TRUE
pull,TRUE
land,TRUE
descend,FALSE
approach,TRUE
depart,FALSE
exit,FALSE
return,TRUE
taxi,FALSE
leave,TRUE
enter,TRUE
brake,FALSE
navigate,FALSE
parachute,FALSE
escape,FALSE
travel,TRUE
sea,TRUE
proceed,TRUE
continue,TRUE
able,FALSE
tasked,FALSE
responsible,FALSE
equip,TRUE
commit,FALSE
prepare,TRUE
train,TRUE
ready,FALSE
strengthen,FALSE
improve,TRUE
defend,TRUE
enhance,TRUE
increase,TRUE
voice,TRUE
network,TRUE
physical,FALSE
internet,TRUE
network,TRUE
internet,TRUE
infrastructure,TRUE
link,TRUE
center,TRUE
electronic,FALSE
extreme,FALSE
expeditionary,FALSE
conventional,FALSE
earth,FALSE
emergency,FALSE
airborne,FALSE
advance,FALSE
eastern,FALSE
heavy,FALSE
environmental,FALSE
advanced,FALSE
arctic,FALSE
nuclear,FALSE
threat,TRUE
attack,TRUE
weapon,TRUE
warfare,TRUE
munition,FALSE
radiation,TRUE
strike,TRUE
mine,FALSE
weaponry,FALSE
threat,TRUE
assault,FALSE
enemy,TRUE
when,FALSE
ground,TRUE
battlefield,FALSE
surface,TRUE
terrain,TRUE
island,TRUE
base,TRUE
road,TRUE
grid,TRUE
airfield,FALSE
urban,FALSE
town,FALSE
city,TRUE
economic,FALSE
local,FALSE
spatial,FALSE
community,TRUE
instruction,TRUE
large,FALSE
main,FALSE
continuous,FALSE
collection,TRUE
only,FALSE
require,TRUE
use,TRUE
and,FALSE
with,FALSE
have,TRUE
include,TRUE
choice,TRUE
list,TRUE
configuration,TRUE
limit,TRUE
selection,TRUE
port,TRUE
card,TRUE
pin,FALSE
slot,FALSE
drive,TRUE
connection,TRUE
controller,TRUE
chip,TRUE
button,FALSE
terminal,TRUE
drive,TRUE
hold,TRUE
one,TRUE
#,FALSE
door,FALSE
parameter,TRUE
specification,TRUE
form,TRUE
business,TRUE
load,TRUE
packet,TRUE
vector,TRUE
convey,TRUE
supply,TRUE
need,FALSE
requirement,TRUE
module,TRUE
man,TRUE
own,TRUE
arm,TRUE
build,TRUE
assemble,TRUE
launch,TRUE
operate,TRUE
staff,TRUE
command,TRUE
locate,TRUE
separate,TRUE
separate,FALSE
detach,FALSE
isolate,FALSE
accessible,FALSE
protect,TRUE
extend,TRUE
retrieve,TRUE
within,FALSE
acquire,TRUE
find,TRUE
search,TRUE
obtain,TRUE
buy,TRUE
search,TRUE
track,TRUE
recover,TRUE
post,TRUE
web,TRUE
ship,TRUE
video,TRUE
online,FALSE
visual,FALSE
imagery,TRUE
3d,FALSE
aerial,FALSE
assignment,FALSE
dispatch,FALSE
assign,TRUE
entry,TRUE
allocation,FALSE
airport,TRUE
philippine,FALSE
USA,FALSE
capital,FALSE
UK,FALSE
comply,TRUE
conform,TRUE
register,TRUE
collaborate,TRUE
agree,TRUE
communicate,TRUE
cooperate,TRUE
correspond,TRUE
interact,TRUE
contract,TRUE
partner,TRUE
affiliate,FALSE
associate,TRUE
provision,TRUE
provision,TRUE
scope,TRUE
enable,TRUE
define,TRUE
communicating,TRUE
deliver,TRUE
two,FALSE
aforementione,FALSE
principal,FALSE
five,FALSE
platform,TRUE
database,TRUE
standard,TRUE
source,TRUE
connection,TRUE
port,TRUE
bridge,FALSE
link,FALSE
server,TRUE
portal,FALSE
bus,TRUE
feed,TRUE
database,TRUE
datum,FALSE
audio,TRUE
objective,FALSE
intend,TRUE
manage,TRUE
support,TRUE
distinct,FALSE
distinguish,TRUE
differentiate,FALSE
free,FALSE
command,FALSE
direction,TRUE
liaison,FALSE
control,FALSE
control,TRUE
year,TRUE
law,TRUE
future,TRUE
usaf,FALSE
FAA,FALSE
EU,FALSE
circumstance,FALSE
fly,TRUE
carry,TRUE
place,TRUE
position,TRUE
organize,TRUE
distribute,TRUE
transport,TRUE
rotate,TRUE
open,FALSE
active,FALSE
occupy,FALSE
enclose,FALSE
empty,FALSE
adjacent,FALSE
actual,FALSE
extensive,FALSE
international,FALSE
land,TRUE
air,TRUE
fighter,TRUE
play,TRUE
battle,FALSE
missile,TRUE
#,FALSE
defense,TRUE
zone,TRUE
#,FALSE
carrier,TRUE
front,TRUE
presentation,TRUE
demonstration,TRUE
platform,TRUE
model,TRUE
kit,FALSE
instal,TRUE
complete,TRUE
introduce,TRUE
initiate,TRUE
acquire,TRUE
demonstrate,TRUE
present,TRUE
show,TRUE
display,TRUE
offer,TRUE
public,TRUE
student,TRUE
participant,FALSE
classroom,FALSE
team,TRUE
student,TRUE
cadet,FALSE
army,FALSE
subsequent,FALSE
course,TRUE
practical,FALSE
course,TRUE
exercise,TRUE
session,TRUE
test,TRUE
workshop,FALSE
seminar,FALSE
meeting,FALSE
event,TRUE
lecture,FALSE
demonstration,TRUE
other,TRUE
#,FALSE
#,FALSE
distance,TRUE
#,FALSE
#,FALSE
collect,TRUE
set,TRUE
generate,TRUE
obtain,TRUE
produce,TRUE
#,FALSE
gather,TRUE
reflect,TRUE
satisfy,TRUE
meet,TRUE
match,TRUE
represent,TRUE
criterion,TRUE
constraint,TRUE
value,TRUE
restriction,TRUE
limitation,TRUE
guideline,TRUE
need,TRUE
list,TRUE
outline,TRUE
indicate,TRUE
mention,TRUE
explain,TRUE
discuss,TRUE
express,TRUE
risk,TRUE
market,TRUE
crime,TRUE
price,TRUE
stock,TRUE
national,FALSE
criminal,FALSE
factor,TRUE
profile,TRUE
ratio,TRUE
rating,TRUE
determination,FALSE
report,TRUE
report,TRUE
disclosure,FALSE
regulatory,FALSE
energy,TRUE
insurance,FALSE
threshold,TRUE
index,TRUE
follow,TRUE
publish,TRUE
hybrid,FALSE
light,FALSE
rail,TRUE
electric,FALSE
airborne,FALSE
naval,FALSE
#,FALSE
#,FALSE
#,FALSE
#,FALSE
route,TRUE
regulation,TRUE
legislation,FALSE
regulation,TRUE
policy,TRUE
doctrine,FALSE
certification,FALSE
ownership,FALSE
feature,TRUE
usage,TRUE
flight,TRUE
trip,TRUE
movement,TRUE
encounter,FALSE
#,FALSE
carrier,TRUE
#,FALSE
lane,FALSE
station,TRUE
car,TRUE
masse,FALSE
body,TRUE
in,FALSE
for,FALSE
be,FALSE
process,TRUE
track,TRUE
encode,TRUE
record,TRUE
scan,TRUE
filter,TRUE
view,TRUE
render,TRUE
translate,TRUE
capture,TRUE
sample,TRUE
source,TRUE
email,FALSE
Google,FALSE
version,TRUE
#,FALSE
number,TRUE
point,TRUE
vessel,FALSE
boat,FALSE
shuttle,TRUE
adapt,TRUE
utilize,TRUE
fit,TRUE
water,TRUE
marine,FALSE
cargo,TRUE
maritime,FALSE
submarine,FALSE
ocean,FALSE
terrestrial,FALSE
#,FALSE
#,FALSE
#,FALSE
#,FALSE
#,FALSE
#,FALSE
#,FALSE
#,FALSE
#,FALSE
#,FALSE
#,FALSE
#,FALSE
#,FALSE
#,FALSE
compare,TRUE
lead,TRUE
similar,FALSE
lend,TRUE
send,TRUE
advance,TRUE
bring,TRUE
aid,TRUE
participate,TRUE
improvement,TRUE
invest,TRUE
memory,TRUE
machine,TRUE
ET,FALSE
integrate,FALSE
european,FALSE
the,FALSE
air,FALSE
International,FALSE
automatic,FALSE
tactical,FALSE
extend,FALSE
ieee,FALSE
architecture,TRUE
concept,TRUE
version,TRUE
structure,TRUE
adopt,TRUE
employ,TRUE
propose,TRUE
group,TRUE
#,FALSE
mind,TRUE
principle,TRUE
addition,TRUE
tandem,FALSE
effort,TRUE
preparation,TRUE
foster,TRUE
promote,TRUE
interaction,TRUE
experiment,TRUE
engagement,FALSE
engagement,FALSE
kind,TRUE
combination,TRUE
configuration,TRUE
size,TRUE
design,TRUE
satellite,TRUE
helicopter,TRUE
fighter,TRUE
jet,FALSE
maintain,TRUE
ensure,TRUE
retain,TRUE
preserve,TRUE
produce,TRUE
develop,TRUE
graphical,FALSE
programming,TRUE
experience,TRUE
experience,TRUE
publish,TRUE
boot,TRUE
orbit,TRUE
survey,FALSE
date,TRUE
algorithm,TRUE
pattern,TRUE
rate,TRUE
history,TRUE
depth,FALSE
page,TRUE
domain,TRUE
launcher,FALSE
system,TRUE
unit,FALSE
service,FALSE
service,FALSE
technology,FALSE
carry,TRUE
achieve,TRUE
add,TRUE
give,TRUE
bulk,FALSE
mass,TRUE
fuel,TRUE
gas,TRUE
card,TRUE
expansion,TRUE
advantage,TRUE
overhead,FALSE
benefit,TRUE
normal,FALSE
traditional,FALSE
ordinary,FALSE
regular,FALSE
secondary,FALSE
locally,FALSE
previously,FALSE
fully,FALSE
issue,TRUE
problem,TRUE
feature,TRUE
application,TRUE
matter,FALSE
material,TRUE
information,TRUE
project,TRUE
change,TRUE
question,FALSE
property,TRUE
relate,TRUE
pertain,TRUE
applicable,FALSE
common,FALSE
relative,FALSE
limit,TRUE
associate,TRUE
tailor,TRUE
#,FALSE
#,FALSE
#,FALSE
#,FALSE
representation,TRUE
summarize,FALSE
report,TRUE
cover,TRUE
pdf,FALSE
recommendation,TRUE
report,FALSE
publication,FALSE
cd,TRUE
cd,TRUE
[,FALSE
ad,FALSE
proposal,FALSE
26,FALSE
10,FALSE
16,FALSE
21,FALSE
31,FALSE
effective,FALSE
approve,TRUE
date,TRUE
enact,FALSE
on,FALSE
sign,TRUE
grant,TRUE
fulfill,TRUE
impose,TRUE
federal,FALSE
federal,FALSE
obligation,TRUE
demand,TRUE
goal,TRUE
concern,TRUE
duty,TRUE
accord,TRUE
consult,TRUE
deal,TRUE
negotiate,FALSE
upgrade,TRUE
update,TRUE
enable,TRUE
compete,TRUE
combine,TRUE
do,TRUE
run,TRUE
method,TRUE
principle,TRUE
purpose,TRUE
purpose,TRUE
procedure,TRUE
method,TRUE
#,FALSE
#,FALSE
contractor,TRUE
thereof,FALSE
impact,TRUE
impact,TRUE
request,TRUE
receive,TRUE
supply,TRUE
mandate,TRUE
demand,TRUE
permit,TRUE
exceed,TRUE
reach,TRUE
affect,TRUE
exceed,TRUE
equal,TRUE
overall,FALSE
net,FALSE
ever,FALSE
already,FALSE
originally,FALSE
currently,FALSE
verify,TRUE
review,TRUE
write,TRUE
update,TRUE
compile,FALSE
submit,TRUE
revise,FALSE
finalize,FALSE
file,TRUE
communication,FALSE
involve,TRUE
involve,TRUE
speak,TRUE
deal,TRUE
work,TRUE
travel,TRUE
talk,TRUE
meet,TRUE
travel,TRUE
interact,TRUE
move,TRUE
stationary,FALSE
drive,TRUE
#,FALSE
#,FALSE
emergency,TRUE
#,FALSE
#,FALSE
non,FALSE
Non,FALSE
safety,TRUE
situation,TRUE
context,TRUE
health,TRUE
mission,FALSE
presence,TRUE
situation,TRUE
task,TRUE
incident,TRUE
mode,TRUE
quick,FALSE
rapid,FALSE
manual,FALSE
alert,TRUE
set,TRUE
switch,TRUE
mechanism,TRUE
decision,TRUE
variety,TRUE
suite,FALSE
subset,FALSE
schedule,TRUE
sequence,TRUE
mode,TRUE
response,TRUE
skill,TRUE
amount,TRUE
train,TRUE
engage,TRUE
assist,TRUE
inform,TRUE
respond,TRUE
respond,TRUE
return,TRUE
contribute,TRUE
switch,TRUE
respond,TRUE
adjust,TRUE
get,TRUE
hazard,TRUE
call,TRUE
account,TRUE
aim,TRUE
advocate,FALSE
classification,TRUE
group,TRUE
generation,TRUE
recognition,TRUE
encode,TRUE
comparison,TRUE
creation,TRUE
formation,TRUE
separation,TRUE
time,TRUE
consistency,FALSE
diagnostic,FALSE
#,FALSE
awareness,TRUE
layer,TRUE
word,TRUE
speech,FALSE
stimulus,FALSE
general,FALSE
warning,TRUE
other,TRUE
fly,TRUE
fire,TRUE
hold,TRUE
elevation,TRUE
altitude,TRUE
runway,FALSE
low,FALSE
pressure,TRUE
ft,TRUE
lb,FALSE
foot,TRUE
yd,FALSE
mph,TRUE
#,FALSE
foot,TRUE
mm,FALSE
day,TRUE
daytime,FALSE
night,TRUE
morning,FALSE
daily,FALSE
evening,FALSE
day,TRUE
high,FALSE
overnight,FALSE
afternoon,FALSE
daylight,FALSE
hp,FALSE
lbs,FALSE
hour,TRUE
night,TRUE
hour,TRUE
week,TRUE
month,TRUE
twice,FALSE
bombing,FALSE
#,FALSE
km,TRUE
mile,TRUE
knot,FALSE
min,FALSE
minute,TRUE
#,FALSE
mile,TRUE
kn,FALSE
approx,FALSE
nmi,FALSE
mi,FALSE
precision,FALSE
scale,TRUE
validity,FALSE
trajectory,FALSE
velocity,TRUE
dynamic,FALSE
calculation,TRUE
vary,TRUE
decrease,TRUE
differ,TRUE
decline,TRUE
fall,TRUE
rise,TRUE
shrink,FALSE
grow,TRUE
fail,TRUE
combine,TRUE
face,TRUE
compare,TRUE
couple,TRUE
concern,TRUE
contrast,TRUE
start,TRUE
confront,FALSE
calculation,FALSE
takeoff,FALSE
accomplish,TRUE
undertake,TRUE
predict,TRUE
simulate,FALSE
typical,FALSE
class,FALSE
type,FALSE
mere,FALSE
standard,FALSE
degree,TRUE
point,TRUE
#,FALSE
percent,FALSE
gravity,FALSE
rotation,FALSE
gain,TRUE
longitude,FALSE
torque,FALSE
thrust,FALSE
robotic,FALSE
#,FALSE
use,TRUE
allow,TRUE
automatically,FALSE
randomly,FALSE
machine,TRUE
viewer,FALSE
internally,FALSE
fan,FALSE
manually,FALSE
character,TRUE
digitally,FALSE
remotely,FALSE
input,TRUE
friendly,FALSE
style,FALSE
graphic,TRUE
model,TRUE
drawing,FALSE
animation,FALSE
sound,TRUE
figure,TRUE
photo,TRUE
comment,FALSE
photograph,TRUE
quote,FALSE
question,FALSE
phrase,FALSE
statement,TRUE
suggestion,FALSE
tag,FALSE
print,TRUE
reflect,TRUE
project,TRUE
visible,FALSE
dependent,FALSE
store,TRUE
focus,TRUE
app,FALSE
integration,TRUE
transfer,TRUE
connection,TRUE
access,TRUE
introduction,TRUE
relation,FALSE
extension,TRUE
embed,TRUE
incorporate,TRUE
example,TRUE
instance,FALSE
study,TRUE
monitor,TRUE
assess,TRUE
also,FALSE
compensate,TRUE
cater,TRUE
serve,TRUE
code,TRUE
exist,TRUE
term,TRUE
distance,TRUE
#,FALSE
interval,FALSE
last,TRUE
wave,TRUE
wavelength,FALSE
haul,FALSE
conversion,TRUE
transfer,TRUE
transmission,TRUE
encompasse,FALSE
cover,TRUE
affect,TRUE
define,TRUE
describe,TRUE
comprise,TRUE
incorporate,TRUE
span,FALSE
address,TRUE
restrict,TRUE
confine,FALSE
identical,FALSE
equivalent,FALSE
inclusive,FALSE
bind,TRUE
client,TRUE
language,TRUE
compiler,FALSE
library,TRUE
protocol,TRUE
network,TRUE
#,FALSE
#,FALSE
#,FALSE
#,FALSE
#,FALSE
#,FALSE
#,FALSE
layer,TRUE
#,FALSE
#,FALSE
optical,FALSE
technology,TRUE
support,TRUE
product,TRUE
solution,TRUE
part,TRUE
industry,TRUE
equipment,TRUE
infrastructure,TRUE
modular,FALSE
automate,TRUE
Linux,FALSE
upgrade,TRUE
like,FALSE
circuit,TRUE
packaging,FALSE
assembly,TRUE
electronic,TRUE
automatic,FALSE
medical,FALSE
processor,TRUE
connectivity,TRUE
thousand,FALSE
hundred,FALSE
lot,FALSE
plenty,FALSE
million,TRUE
dozen,FALSE
multitude,FALSE
market,TRUE
end,TRUE
cost,TRUE
price,TRUE
easily,FALSE
freely,FALSE
readily,FALSE
directly,FALSE
continuously,FALSE
physically,FALSE
safely,FALSE
highly,FALSE
well,FALSE
prior,FALSE
reader,FALSE
intervention,TRUE
permission,FALSE
approval,TRUE
authorization,TRUE
activation,FALSE
mapping,TRUE
correspond,TRUE
respective,FALSE
directional,FALSE
number,TRUE
symbol,FALSE
feature,TRUE
see,TRUE
destination,TRUE
interactive,FALSE
icon,TRUE
except,FALSE
icon,TRUE
character,TRUE
key,TRUE
appear,TRUE
remain,TRUE
reside,TRUE
depend,TRUE
lie,TRUE
occur,TRUE
appear,TRUE
appear,TRUE
stay,TRUE
side,TRUE
portion,TRUE
portion,TRUE
top,TRUE
corner,FALSE
Map,FALSE
picture,TRUE
#,FALSE
alignment,FALSE
tune,FALSE
harmony,FALSE
chapter,FALSE
article,TRUE
section,TRUE
§,FALSE
title,FALSE
vehicle,FALSE
platform,FALSE
generate,TRUE
release,TRUE
urge,TRUE
tip,TRUE
take,TRUE
take,TRUE
cut,TRUE
hand,TRUE
take,TRUE
take,TRUE
stand,TRUE
steer,FALSE
dock,TRUE
park,TRUE
expertise,FALSE
expand,TRUE
sort,FALSE
network,FALSE
store,TRUE
receive,TRUE
write,TRUE
collect,TRUE
select,TRUE
read,TRUE
generate,TRUE
transmit,TRUE
transfer,TRUE
display,TRUE
distribute,TRUE
issue,TRUE
call,TRUE
primarily,FALSE
mainly,FALSE
typically,FALSE
exclusively,FALSE
necessarily,FALSE
subject,FALSE
refer,TRUE
limit,TRUE
limitation,TRUE
xml,FALSE
ip,FALSE
MAC,FALSE
code,TRUE
#,FALSE
drive,TRUE
representation,TRUE
present,TRUE
render,TRUE
show,TRUE
pass,TRUE
supply,TRUE
world,TRUE
observer,FALSE
consumer,TRUE
government,FALSE
audience,FALSE
government,TRUE
indication,FALSE
description,TRUE
overview,FALSE
summary,FALSE
cable,TRUE
across,FALSE
source,TRUE
source,TRUE
API,FALSE
build,TRUE
design,TRUE
construct,TRUE
instal,TRUE
assembly,TRUE
engine,TRUE
battery,TRUE
server,TRUE
accessory,FALSE
launch,TRUE
rocket,TRUE
submarine,FALSE
manager,TRUE
restore,TRUE
gather,TRUE
obtain,TRUE
gain,TRUE
acquire,TRUE
electricity,TRUE
quantity,FALSE
quantity,FALSE
amount,TRUE
burst,FALSE
concentration,FALSE
avoid,TRUE
minimize,TRUE
overcome,FALSE
survive,FALSE
offset,TRUE
alleviate,FALSE
relieve,FALSE
disruption,FALSE
problem,TRUE
error,TRUE
issue,TRUE
failure,TRUE
violation,FALSE
lack,TRUE
breach,FALSE
abuse,FALSE
breakdown,FALSE
interference,TRUE
violation,FALSE
traction,FALSE
steering,FALSE
flow,TRUE
pollution,FALSE
circulation,FALSE
weight,TRUE
power,FALSE
member,TRUE
segment,TRUE
variant,TRUE
wing,TRUE
squadron,TRUE
permanently,FALSE
individually,FALSE
truck,TRUE
CH,FALSE
ambulance,FALSE
tanker,FALSE
Boeing,FALSE
trailer,TRUE
truck,TRUE
heavy,FALSE
100,FALSE
50,FALSE
200,FALSE
f,FALSE
300,FALSE
30,FALSE
400,FALSE
46,FALSE
45,FALSE
#,FALSE
#,FALSE
#,FALSE
#,FALSE
mount,FALSE
walk,TRUE
hook,FALSE
ride,TRUE
spin,FALSE
another,FALSE
Digital,FALSE
an,FALSE
software,FALSE
text,FALSE
both,FALSE
also,FALSE
all,FALSE
direct,TRUE
master,TRUE
use,TRUE
iso,FALSE
design,TRUE
engineer,TRUE
qualified,FALSE
license,TRUE
jurisdiction,TRUE
precedence,TRUE
influence,TRUE
sovereignty,FALSE
oversight,FALSE
monopoly,FALSE
supremacy,FALSE
veto,FALSE
supervision,FALSE
table,TRUE
paragraph,FALSE
article,TRUE
figure,FALSE
schedule,TRUE
setup,FALSE
reason,TRUE
101,FALSE
v,TRUE
ii,FALSE
e,FALSE
1,FALSE
20,FALSE
11,FALSE
12,FALSE
expect,TRUE
assume,TRUE
guarantee,TRUE
deem,TRUE
ensure,TRUE
claim,TRUE
motor,TRUE
appliance,FALSE
nation,TRUE
immediate,FALSE
project,TRUE
language,TRUE
enter,TRUE
retain,TRUE
recognise,FALSE
possible,FALSE
understand,TRUE
believe,TRUE
prove,TRUE
presume,FALSE
underlie,TRUE
inclusion,FALSE
installation,TRUE
adoption,FALSE
chat,TRUE
hard,FALSE
flash,FALSE
central,FALSE
disk,TRUE
dedicate,FALSE
sale,TRUE
manufacture,TRUE
inspect,FALSE
certify,FALSE
authorise,FALSE
appoint,FALSE
release,TRUE
become,TRUE
identify,TRUE
enter,TRUE
purchase,TRUE
review,TRUE
record,TRUE
guide,FALSE
key,TRUE
index,TRUE
accord,TRUE
key,FALSE
accord,TRUE
theoretical,FALSE
initial,FALSE
average,FALSE
allocate,FALSE
output,TRUE
#,FALSE
stream,TRUE
kHz,FALSE
MHz,FALSE
Hz,FALSE
watt,FALSE
bit,TRUE
#,FALSE
meter,TRUE
nm,FALSE
kw,FALSE
second,FALSE
bandwidth,FALSE
band,TRUE
former,FALSE
airline,TRUE
engineer,TRUE
personnel,TRUE
commander,TRUE
person,TRUE
attitude,FALSE
coverage,TRUE
view,TRUE
wheel,FALSE
route,TRUE
plane,TRUE
#,FALSE
corridor,FALSE
space,TRUE
angle,TRUE
close,TRUE
sight,TRUE
vision,TRUE
descent,FALSE
flight,FALSE
crash,TRUE
route,TRUE
route,FALSE
scheduling,FALSE
optimization,FALSE
chain,FALSE
end,TRUE
line,TRUE
state,FALSE
out,FALSE
change,FALSE
choice,TRUE
quality,FALSE
freedom,FALSE
mode,FALSE
path,FALSE
good,FALSE
Controller,FALSE
direction,FALSE
channel,FALSE
scheme,TRUE
original,FALSE
previous,FALSE
retain,TRUE
people,TRUE
destination,TRUE
stop,TRUE
bus,TRUE
seat,FALSE
alternate,FALSE
en,FALSE
highway,TRUE
announcement,FALSE
arrival,FALSE
occurrence,FALSE
issue,TRUE
trigger,FALSE
special,FALSE
proper,FALSE
restart,FALSE
valve,FALSE
button,FALSE
declare,TRUE
initiate,TRUE
activate,TRUE
announce,TRUE
cause,TRUE
put,TRUE
leave,TRUE
keep,TRUE
disable,FALSE
region,TRUE
manner,TRUE
damage,TRUE
debris,FALSE
fault,TRUE
restore,TRUE
lose,TRUE
divert,FALSE
consume,FALSE
dissipate,FALSE
interrupting,FALSE
stop,TRUE
continue,TRUE
affect,TRUE
unnecessary,FALSE
interfere,FALSE
anything,FALSE
cause,TRUE
without,FALSE
reduce,TRUE
minimal,FALSE
sustain,TRUE
avoid,TRUE
serious,FALSE
harm,FALSE
damage,TRUE
injury,FALSE
loss,TRUE
degradation,FALSE
injury,FALSE
distress,FALSE
change,TRUE
processor,TRUE
repair,TRUE
reactor,FALSE
battery,TRUE
prevent,TRUE
order,TRUE
trigger,TRUE
start,TRUE
check,TRUE
watch,FALSE
sign,TRUE
direction,TRUE
notice,FALSE
caution,FALSE
penalty,FALSE
guarantee,TRUE
authority,TRUE
captain,FALSE
#,FALSE
car,TRUE
go,TRUE
fall,TRUE
get,TRUE
slip,FALSE
enter,TRUE
descend,FALSE
fly,TRUE
engage,TRUE
pass,TRUE
run,TRUE
move,TRUE
go,TRUE
weather,TRUE
parking,FALSE
lane,FALSE
add,TRUE
forward,FALSE
select,TRUE
#,FALSE
#,FALSE
#,FALSE
diagram,FALSE
book,TRUE
departure,TRUE
centre,TRUE
edition,FALSE
addition,TRUE
modification,TRUE
practice,TRUE
graphic,FALSE
color,TRUE
font,FALSE
script,FALSE
correction,FALSE
manipulation,FALSE
translation,FALSE
reproduction,FALSE
print,TRUE
compression,FALSE
restoration,FALSE
transparency,FALSE
color,TRUE
automation,FALSE
technique,TRUE
register,TRUE
os,TRUE
officer,TRUE
administrator,TRUE
commander,FALSE
director,FALSE
allow,TRUE
authorize,FALSE
instruct,FALSE
ask,TRUE
advise,TRUE
sure,FALSE
entitle,FALSE
render,TRUE
sign,TRUE
ID,FALSE
inventory,FALSE
order,TRUE
begin,TRUE
conduct,TRUE
request,TRUE
undertaking,FALSE
launch,TRUE
complete,TRUE
make,TRUE
attend,FALSE
hear,FALSE
array,TRUE
availability,TRUE
propulsion,FALSE
package,TRUE
enhance,TRUE
example,TRUE
alternative,TRUE
exception,FALSE
extension,TRUE
amendment,FALSE
interim,FALSE
extra,FALSE
experiment,TRUE
employ,TRUE
rescue,TRUE
arrest,FALSE
boarding,FALSE
evacuation,FALSE
packet,TRUE
time,FALSE
request,TRUE
share,TRUE
exchange,TRUE
exchange,TRUE
conflict,FALSE
continuity,FALSE
official,FALSE
new,FALSE
other,FALSE
current,FALSE
additional,FALSE
major,FALSE
select,TRUE
from,FALSE
future,FALSE
read,TRUE
meet,TRUE
message,FALSE
word,TRUE
letter,TRUE
name,TRUE
pattern,TRUE
format,TRUE
block,TRUE
denote,FALSE
page,TRUE
justification,FALSE
action,TRUE
covert,FALSE
communication,FALSE
assure,TRUE
great,FALSE
interpret,TRUE
treat,TRUE
take,TRUE
real,FALSE
valid,FALSE
TRUE,FALSE
choice,TRUE
definition,TRUE
participation,FALSE
participate,TRUE
consideration,TRUE
choose,TRUE
decide,TRUE
arrange,FALSE
adjust,TRUE
due,FALSE
contrary,FALSE
priority,TRUE
qualify,FALSE
Navy,FALSE
evaluate,TRUE
allot,FALSE
notice,FALSE
care,TRUE
attention,FALSE
restraint,FALSE
pay,TRUE
extent,TRUE
north,TRUE
south,TRUE
effect,TRUE
east,TRUE
leverage,FALSE
apply,TRUE
describe,TRUE
determine,TRUE
explain,TRUE
statistic,FALSE
rating,TRUE
consumption,FALSE
parameter,TRUE
variable,FALSE
percentage,FALSE
safe,FALSE
liquid,FALSE
acceptable,FALSE
dry,FALSE
oil,TRUE
tank,TRUE
burn,TRUE
load,TRUE
cruise,FALSE
ascent,FALSE
economy,FALSE
meter,TRUE
gauge,FALSE
indicator,TRUE
remain,TRUE
residual,FALSE
spare,FALSE
॥,FALSE
purchase,TRUE
accept,TRUE
remain,TRUE
become,TRUE
become,TRUE
would,FALSE
stand,TRUE
carry,TRUE
leave,TRUE
turn,TRUE
lay,TRUE
strike,TRUE
wipe,TRUE
break,TRUE
engineer,TRUE
start,TRUE
begin,TRUE
#,FALSE
#,FALSE
mobile,FALSE
virtual,FALSE
#,FALSE
interaction,TRUE
decide,TRUE
choose,TRUE
consider,TRUE
know,TRUE
assess,TRUE
calculate,TRUE
state,TRUE
dimension,FALSE
field,TRUE
container,FALSE
box,TRUE
tank,TRUE
store,TRUE
shipping,FALSE
container,FALSE
logistic,FALSE
freight,FALSE
arrangement,FALSE
enable,TRUE
customer,TRUE
company,TRUE
manufacturer,TRUE
contractor,TRUE
owner,TRUE
pick,TRUE
back,TRUE
dial,TRUE
clean,TRUE
look,TRUE
policy,TRUE
prescribe,FALSE
premise,FALSE
live,TRUE
case,TRUE
licence,FALSE
oxygen,FALSE
food,TRUE
ammunition,FALSE
fluid,FALSE
reserve,TRUE
period,TRUE
landing,TRUE
acceleration,FALSE
touchdown,FALSE
climb,FALSE
additionally,FALSE
finally,FALSE
specifically,FALSE
however,FALSE
furthermore,FALSE
far,FALSE
therefore,FALSE
thus,FALSE
later,FALSE
next,FALSE
then,FALSE
defense,TRUE
#,FALSE
exercise,TRUE
literature,FALSE
weapon,TRUE
designation,FALSE
name,TRUE
serial,FALSE
pre,TRUE
sub,TRUE
skill,TRUE
co,TRUE
goal,TRUE
program,TRUE
package,TRUE
#,FALSE
serve,TRUE
handle,TRUE
represent,TRUE
analyze,TRUE
judge,TRUE
examine,TRUE
statistical,FALSE
numerical,FALSE
401,FALSE
officer,TRUE
#,FALSE
#,FALSE
#,FALSE
focus,TRUE
understand,TRUE
examination,FALSE
investigation,FALSE
discussion,FALSE
operational,FALSE
Geographic,FALSE
geographic,FALSE
spectral,FALSE
satellite,TRUE
display,TRUE
show,TRUE
reveal,TRUE
offer,TRUE
factor,TRUE
attribute,TRUE
measurement,TRUE
exposure,FALSE
emission,FALSE
intensity,TRUE
variation,FALSE
effect,TRUE
shift,TRUE
instability,FALSE
motion,TRUE
convection,FALSE
warm,FALSE
cool,FALSE
drift,FALSE
orbital,FALSE
eclipse,FALSE
dark,FALSE
image,TRUE
observation,TRUE
region,TRUE
observation,TRUE
signature,FALSE
ray,TRUE
sky,FALSE
thermal,FALSE
magnetic,FALSE
sun,FALSE
solar,FALSE
lunar,FALSE
respectively,FALSE
attain,FALSE
reach,TRUE
incorporation,FALSE
professional,FALSE
connector,FALSE
undertake,TRUE
collision,FALSE
obstacle,FALSE
noise,TRUE
accident,TRUE
early,FALSE
incident,TRUE
estimate,TRUE
assessment,TRUE
plain,FALSE
chain,TRUE
center,FALSE
center,FALSE
screen,TRUE
station,FALSE
number,FALSE
colour,FALSE
red,FALSE
laser,TRUE
white,FALSE
quickly,FALSE
custom,FALSE
check,TRUE
coordinate,TRUE
#,FALSE
#,FALSE
map,TRUE
highlight,FALSE
number,TRUE
rate,TRUE
modify,TRUE
immediately,FALSE
even,FALSE
green,FALSE
instantly,FALSE
blue,FALSE
rapidly,FALSE
standard,FALSE
impose,FALSE
recommend,TRUE
aircraft,TRUE
initial,FALSE
original,FALSE
Model,FALSE
unlimited,FALSE
year,TRUE
month,TRUE
week,TRUE
cm,FALSE
span,FALSE
journey,FALSE
optional,FALSE
picture,TRUE
become,TRUE
plan,TRUE
television,TRUE
antenna,TRUE
tv,TRUE
microwave,FALSE
UHF,FALSE
telegraph,FALSE
tower,FALSE
war,TRUE
interception,FALSE
wartime,TRUE
winter,FALSE
summer,FALSE
#,FALSE
#,FALSE
crew,TRUE
#,FALSE
Europe,FALSE
school,TRUE
reserve,TRUE
peace,FALSE
postwar,FALSE
otherwise,FALSE
civilian,FALSE
occupation,FALSE
private,FALSE
small,FALSE
cable,TRUE
driver,TRUE
punch,FALSE
sd,FALSE
smart,FALSE
logic,TRUE
peripheral,FALSE
board,TRUE
switch,TRUE
tape,TRUE
usb,TRUE
disc,TRUE
reader,FALSE
#,FALSE
#,FALSE
camera,TRUE
library,TRUE
game,TRUE
product,TRUE
medium,TRUE
regulate,FALSE
strictly,FALSE
demand,TRUE
treatment,FALSE
establishment,FALSE
fund,TRUE
adequate,FALSE
strategy,TRUE
accompany,FALSE
catastrophic,FALSE
disaster,TRUE
#,FALSE
#,FALSE
star,FALSE
planet,FALSE
node,FALSE
tree,FALSE
galaxy,FALSE
these,FALSE
its,FALSE
typical,FALSE
their,FALSE
his,FALSE
such,FALSE
task,TRUE
may,FALSE
preliminary,FALSE
prepare,TRUE
mock,FALSE
head,TRUE
lock,TRUE
gear,FALSE
overhaul,FALSE
rocket,TRUE
successfully,FALSE
tier,FALSE
refine,FALSE
simplify,FALSE
group,TRUE
divide,TRUE
convert,TRUE
sort,TRUE
design,TRUE
power,FALSE
format,TRUE
discovery,FALSE
suspicion,FALSE
pain,FALSE
prevention,TRUE
incidence,FALSE
break,TRUE
absence,FALSE
danger,FALSE
existence,FALSE
attempt,TRUE
seek,TRUE
cease,TRUE
try,TRUE
act,TRUE
commence,FALSE
resume,FALSE
restore,TRUE
disrupt,FALSE
intercept,TRUE
regain,TRUE
terminate,TRUE
contact,TRUE
relation,FALSE
damage,TRUE
it,FALSE
they,FALSE
she,FALSE
this,FALSE
he,FALSE
we,FALSE
amphibious,FALSE
sustain,FALSE
offensive,FALSE
much,FALSE
interval,FALSE
half,TRUE
t,FALSE
h,FALSE
r,FALSE
s,FALSE
p,FALSE
z,FALSE
L,FALSE
n,FALSE
w,FALSE
specialize,FALSE
whatsoever,FALSE
need,TRUE
sufficient,FALSE
install,TRUE
construct,TRUE
execute,TRUE
routine,FALSE
hazardous,FALSE
maneuver,FALSE
move,TRUE
job,TRUE
concurrent,FALSE
concurrently,FALSE
simultaneous,FALSE
robot,FALSE
cpu,TRUE
attacker,FALSE
expect,TRUE
await,TRUE
away,FALSE
feedback,FALSE
cue,FALSE
letter,TRUE
function,TRUE
schedule,TRUE
administer,FALSE
convert,TRUE
translate,TRUE
stream,TRUE
transport,TRUE
copy,TRUE
copy,TRUE
write,TRUE
#,FALSE
#,FALSE
#,FALSE
#,FALSE
edge,TRUE
disk,TRUE
#,FALSE
#,FALSE
#,FALSE
cloud,TRUE
role,TRUE
budget,FALSE
round,TRUE
sector,TRUE
concept,TRUE
document,TRUE
most,FALSE
some,FALSE
many,FALSE
modern,FALSE
reactor,FALSE
resist,TRUE
withstand,FALSE
suffer,FALSE
exhibit,FALSE
proposal,FALSE
complement,FALSE
publication,FALSE
corporation,FALSE
press,FALSE
library,FALSE
publishing,FALSE
company,FALSE
society,FALSE
record,FALSE
raise,TRUE
theft,FALSE
leak,TRUE
disturbance,FALSE
leak,FALSE
traffic,TRUE
#,FALSE
scientific,FALSE
transaction,FALSE
set,TRUE
sit,TRUE
shut,TRUE
stand,TRUE
put,TRUE
shot,TRUE
get,TRUE
come,TRUE
break,TRUE
cut,TRUE
run,TRUE
lock,TRUE
go,TRUE
go,TRUE
blow,TRUE
go,TRUE
throw,TRUE
jerk,TRUE
ease,TRUE
slide,TRUE
come,TRUE
pop,TRUE
responsibility,TRUE
video,TRUE
music,FALSE
listen,FALSE
playback,FALSE
connect,TRUE
social,FALSE
radio,TRUE
wireless,FALSE
voice,TRUE
Signal,FALSE
mobile,FALSE
#,FALSE
#,FALSE
#,FALSE
#,FALSE
regard,TRUE
financial,FALSE
commercial,FALSE
temporal,FALSE
organizational,FALSE
centralize,FALSE
warehouse,FALSE
gather,TRUE
distribute,TRUE
raw,FALSE
vote,TRUE
game,TRUE
member,TRUE
player,TRUE
million,FALSE
song,FALSE
it,TRUE
terminology,FALSE
attempt,TRUE
way,TRUE
preserve,TRUE
paper,TRUE
flexible,FALSE
compatible,FALSE
balance,FALSE
accommodate,TRUE
cellular,FALSE
cell,TRUE
touch,TRUE
drag,FALSE
click,FALSE
tap,FALSE
bait,FALSE
hit,TRUE
plug,FALSE
shoot,FALSE
arrow,FALSE
trace,FALSE
fare,FALSE
way,TRUE
extraction,FALSE
registration,FALSE
export,FALSE
sell,TRUE
suit,TRUE
fit,TRUE
organization,TRUE
expectation,FALSE
desire,TRUE
web,TRUE
browser,FALSE
java,FALSE
#,FALSE
#,FALSE
#,FALSE
#,FALSE
#,FALSE
denote,FALSE
consider,TRUE
variable,TRUE
behave,FALSE
arise,TRUE
entity,FALSE
adaptation,FALSE
instance,FALSE
abs,FALSE
SAS,FALSE
be,FALSE
era,FALSE
as,FALSE
il,FALSE
at,FALSE
if,FALSE
idf,FALSE
MCC,FALSE
IV,FALSE
manufacture,TRUE
DC,FALSE
generator,TRUE
cycle,TRUE
earth,TRUE
paper,TRUE
minute,TRUE
hour,FALSE
radius,FALSE
clock,FALSE
strength,TRUE
#,FALSE
upwards,FALSE
hour,TRUE
transaction,FALSE
intermediate,FALSE
interpreter,FALSE
#,FALSE
goal,TRUE
score,FALSE
win,TRUE
match,TRUE
change,TRUE
standardize,FALSE
pass,TRUE
grant,TRUE
charge,TRUE
party,TRUE
indicate,TRUE
distinguish,TRUE
adjust,TRUE
relationship,FALSE
bear,TRUE
landmark,FALSE
marker,FALSE
segment,TRUE
entity,FALSE
depict,FALSE
depend,TRUE
bay,FALSE
complete,FALSE
direct,FALSE
•,FALSE
mechanical,FALSE
easy,FALSE
total,FALSE
rapid,FALSE
purchase,TRUE
recycle,FALSE
metal,FALSE
metal,FALSE
good,TRUE
piece,TRUE
machinery,FALSE
defect,FALSE
clean,TRUE
match,TRUE
sensitivity,FALSE
ability,TRUE
contrast,TRUE
texture,FALSE
clarity,FALSE
density,TRUE
focus,TRUE
fade,FALSE
tone,FALSE
shade,FALSE
computational,FALSE
ram,FALSE
cache,FALSE
stay,TRUE
remain,TRUE
lie,TRUE
continue,TRUE
frame,TRUE
sequence,TRUE
delay,TRUE
long,FALSE
programme,FALSE
attain,TRUE
host,TRUE
estimate,TRUE
target,TRUE
rear,FALSE
origin,FALSE
operate,TRUE
serve,TRUE
gain,TRUE
exceed,TRUE
fire,TRUE
minute,TRUE
orbit,TRUE
kilometer,FALSE
second,TRUE
kilometre,FALSE
modernization,FALSE
upgrade,TRUE
facilitate,TRUE
stretch,FALSE
expand,TRUE
replace,TRUE
1995,FALSE
1996,FALSE
1994,FALSE
1993,FALSE
1998,FALSE
1997,FALSE
2003,FALSE
2001,FALSE
2002,FALSE
1999,FALSE
2008,FALSE
1992,FALSE
2004,FALSE
2005,FALSE
inspect,FALSE
behavior,TRUE
behaviour,FALSE
vessel,FALSE
similar,FALSE
attach,TRUE
belong,FALSE
report,TRUE
29,FALSE
28,FALSE
36,FALSE
32,FALSE
34,FALSE
33,FALSE
39,FALSE
38,FALSE
35,FALSE
40,FALSE
37,FALSE
analog,TRUE
recorder,FALSE
amplifi,FALSE
tape,TRUE
recording,TRUE
footage,FALSE
view,TRUE
reception,TRUE
broadcast,TRUE
increase,TRUE
calculate,TRUE
severity,FALSE
magnitude,FALSE
nature,TRUE
effectiveness,TRUE
successful,FALSE
costly,FALSE
mandatory,FALSE
contingent,FALSE
center,TRUE
depend,TRUE
base,TRUE
conditional,FALSE
high,FALSE
low,FALSE
gain,TRUE
#,FALSE
#,FALSE
cycle,TRUE
save,FALSE
risk,TRUE
#,FALSE
routine,FALSE
interfere,FALSE
feed,TRUE
broadcast,TRUE
performance,TRUE
#,FALSE
panel,FALSE
principle,FALSE
review,FALSE
element,TRUE
#,FALSE
refer,TRUE
subject,TRUE
2007,FALSE
2006,FALSE
2011,FALSE
2012,FALSE
2009,FALSE
2015,FALSE
2010,FALSE
tech,FALSE
precisely,FALSE
naturally,FALSE
aid,TRUE
capable,FALSE
assist,TRUE
animate,FALSE
permit,TRUE
help,TRUE
support,TRUE
let,TRUE
tell,TRUE
direct,TRUE
prepare,TRUE
challenge,TRUE
expert,FALSE
rely,TRUE
competent,FALSE
engage,TRUE
sit,TRUE
variety,TRUE
russian,FALSE
soviet,FALSE
lockheed,FALSE
republic,FALSE
123,FALSE
135,FALSE
130,FALSE
124,FALSE
121,FALSE
102,FALSE
1a,FALSE
133,FALSE
77,FALSE
22,FALSE
along,FALSE
load,TRUE
together,FALSE
baggage,FALSE
hundred,FALSE
dozen,FALSE
weekly,FALSE
thousand,FALSE
applicant,FALSE
rider,FALSE
driver,FALSE
patient,FALSE
district,TRUE
candidate,FALSE
school,TRUE
voter,FALSE
intercept,TRUE
detect,TRUE
correct,TRUE
screen,TRUE
infringement,FALSE
fraud,FALSE
flaw,FALSE
delete,TRUE
discard,FALSE
return,TRUE
recover,TRUE
photographic,FALSE
sheet,FALSE
label,FALSE
log,TRUE
note,TRUE
write,TRUE
#,FALSE
concern,TRUE
difference,TRUE
uncertainty,FALSE
innovation,FALSE
capacity,TRUE
suit,TRUE
organize,TRUE
executive,FALSE
commission,FALSE
certificate,FALSE
assignment,FALSE
award,FALSE
certificate,FALSE
earn,FALSE
eligible,FALSE
risk,TRUE
problem,FALSE
knowledge,TRUE
impact,TRUE
rule,TRUE
goal,FALSE
policy,TRUE
product,TRUE
conflict,FALSE
value,TRUE
evaluation,FALSE
development,FALSE
training,FALSE
assessment,FALSE
improvement,FALSE
analysis,FALSE
#,FALSE
unlike,FALSE
friendship,FALSE
bond,FALSE
trust,FALSE
relationship,FALSE
tie,FALSE
association,TRUE
friend,FALSE
regulation,TRUE
plan,TRUE
how,FALSE
agreement,TRUE
cross,TRUE
bypass,FALSE
close,FALSE
narrow,FALSE
pedestrian,FALSE
hazard,TRUE
reserve,TRUE
floor,FALSE
interior,FALSE
hangar,FALSE
cabin,FALSE
#,FALSE
perspective,FALSE
give,TRUE
grant,TRUE
give,TRUE
chance,FALSE
spot,TRUE
menu,FALSE
onto,FALSE
upon,FALSE
around,FALSE
portable,FALSE
stick,FALSE
mouse,TRUE
keyboard,FALSE
chart,TRUE
each,FALSE
none,FALSE
one,FALSE
any,FALSE
member,TRUE
name,TRUE
domain,TRUE
identity,TRUE
of,FALSE
besides,FALSE
among,FALSE
among,FALSE
drug,FALSE
global,FALSE
enterprise,FALSE
partner,TRUE
subscriber,FALSE
provider,TRUE
generalize,FALSE
fast,FALSE
fast,FALSE
military,FALSE
no,FALSE
zero,FALSE
aperture,FALSE
o,FALSE
or,FALSE
note,TRUE
illustrate,FALSE
start,TRUE
originate,FALSE
open,FALSE
send,TRUE
extension,TRUE
version,FALSE
Protocol,FALSE
contain,TRUE
code,FALSE
pay,TRUE
arrange,FALSE
lead,TRUE
#,FALSE
regard,TRUE
university,FALSE
university,TRUE
agency,TRUE
predict,TRUE
image,TRUE
sound,TRUE
view,FALSE
surface,FALSE
time,FALSE
motion,FALSE
edge,FALSE
visual,FALSE
vision,FALSE
light,FALSE
distance,FALSE
weight,TRUE
balance,TRUE
heat,TRUE
energy,TRUE
flow,TRUE
rhythm,FALSE
height,TRUE
price,TRUE
wear,TRUE
_,TRUE
weigh,TRUE
broadband,FALSE
AC,FALSE
rf,FALSE
FM,FALSE
RS,FALSE
an,FALSE
#,FALSE
frequency,TRUE
filter,TRUE
pair,TRUE
wave,TRUE
coincide,FALSE
performance,TRUE
building,TRUE
worker,TRUE
lose,TRUE
team,TRUE
tow,TRUE
pile,FALSE
pad,FALSE
salvage,FALSE
demolition,FALSE
construct,TRUE
practice,TRUE
regardless,FALSE
evidence,TRUE
foundation,FALSE
education,TRUE
affair,FALSE
justice,FALSE
administration,TRUE
consciousness,FALSE
commerce,FALSE
relation,TRUE
regard,TRUE
regard,TRUE
respect,FALSE
preference,FALSE
proportion,FALSE
verbal,FALSE
tone,FALSE
#,FALSE
voice,TRUE
accomplish,TRUE
six,FALSE
seven,FALSE
eight,FALSE
ten,FALSE
role,TRUE
understand,TRUE
expect,TRUE
beam,FALSE
mount,TRUE
placement,FALSE
adjustment,FALSE
#,FALSE
metre,FALSE
yard,FALSE
diameter,FALSE
horizontal,FALSE
outlet,FALSE
answer,FALSE
attachment,FALSE
objection,FALSE
appeal,FALSE
heat,TRUE
#,FALSE
#,FALSE
#,FALSE
#,FALSE
#,FALSE
#,FALSE
airline,TRUE
stamp,TRUE
mark,TRUE
inscribe,FALSE
#,FALSE
MR,FALSE
PMID,FALSE
EC,FALSE
oclc,FALSE
CA,FALSE
rfc,FALSE
CO,FALSE
cc,FALSE
71,FALSE
90,FALSE
trailer,TRUE
motorcycle,FALSE
SUV,FALSE
hc,FALSE
AMC,FALSE
SBS,FALSE
mb,FALSE
TD,FALSE
STS,FALSE
seat,FALSE
wheel,FALSE
Carrier,FALSE
leader,FALSE
#,FALSE
bag,FALSE
bay,FALSE
tent,FALSE
shelter,FALSE
barrack,FALSE
cabin,FALSE
room,FALSE
transport,TRUE
shelter,FALSE
accommodation,FALSE
soldier,TRUE
troop,TRUE
man,TRUE
family,TRUE
squad,FALSE
troop,FALSE
etc,FALSE
load,TRUE
#,FALSE
fatigue,FALSE
man,TRUE
drill,FALSE
rifle,FALSE
Afghanistan,FALSE
rifle,FALSE
PT,FALSE
identify,TRUE
develop,TRUE
establish,TRUE
list,TRUE
outline,TRUE
introduce,TRUE
consider,TRUE
examine,FALSE
review,TRUE
implement,TRUE
maintain,TRUE
manage,TRUE
analysis,TRUE
determine,TRUE
organize,TRUE
publish,TRUE
#,FALSE
lay,TRUE
bring,TRUE
call,TRUE
draw,TRUE
point,TRUE
spur,TRUE
and,FALSE
#,FALSE
of,FALSE
to,FALSE
the,FALSE
in,FALSE
one,FALSE
DE,FALSE
back,TRUE
pick,TRUE
hook,TRUE
pull,TRUE
scale,TRUE
roll,TRUE
light,TRUE
warm,TRUE
chassis,FALSE
bicycle,FALSE
generator,TRUE
mast,FALSE
microphone,FALSE
watch,FALSE
capture,TRUE
film,TRUE
destroy,TRUE
analyze,TRUE
sell,TRUE
search,TRUE
treasure,FALSE
anyone,FALSE
chart,TRUE
significant,FALSE
Industrial,FALSE
independent,FALSE
intelligence,TRUE
internal,FALSE
incident,TRUE
individual,FALSE
innovation,FALSE
explain,TRUE
reveal,TRUE
administrator,FALSE
recipient,FALSE
secretary,FALSE
party,TRUE
exact,FALSE
approximate,FALSE
moment,TRUE
beacon,FALSE
likely,FALSE
probable,FALSE
feasible,FALSE
m,FALSE
govern,FALSE
link,TRUE
institution,FALSE
operate,TRUE
work,TRUE
meet,TRUE
serve,TRUE
reside,FALSE
towards,FALSE
toward,FALSE
buffer,FALSE
stable,FALSE
usable,FALSE
u,FALSE
or,FALSE
gate,FALSE
teach,TRUE
lend,TRUE
afford,TRUE
complex,FALSE
mail,TRUE
cash,FALSE
money,FALSE
batch,FALSE
mining,FALSE
reference,TRUE
companion,FALSE
refer,TRUE
response,TRUE
authority,FALSE
seize,TRUE
accept,TRUE
delegate,FALSE
possession,FALSE
custody,FALSE
enterprise,FALSE
deadline,FALSE
brigade,TRUE
March,FALSE
October,FALSE
pm,FALSE
April,FALSE
September,FALSE
July,FALSE
semester,FALSE
dollar,FALSE
leg,FALSE
icc,FALSE
NAS,FALSE
FCC,FALSE
IBM,FALSE
GE,FALSE
radio,TRUE
receiver,TRUE
phone,TRUE
crisis,FALSE
urgent,FALSE
relief,FALSE
recovery,FALSE
unusual,FALSE
survival,FALSE
send,TRUE
call,TRUE
save,TRUE
infrare,FALSE
hd,FALSE
binary,FALSE
color,TRUE
life,FALSE
window,FALSE
play,TRUE
assumption,FALSE
discrete,FALSE
overlap,FALSE
#,FALSE
#,FALSE
place,TRUE
basis,TRUE
technique,TRUE
remove,TRUE
find,TRUE
improve,TRUE
change,TRUE
eliminate,TRUE
alter,TRUE
recover,TRUE
extend,TRUE
strengthen,FALSE
way,TRUE
er,FALSE
cr,FALSE
what,FALSE
that,FALSE
everything,FALSE
exercise,TRUE
crucial,FALSE
establishment,FALSE
agency,TRUE
organization,TRUE
low,FALSE
well,FALSE
less,FALSE
large,FALSE
upper,FALSE
margin,FALSE
saving,FALSE
2016,FALSE
2017,FALSE
resolve,TRUE
day,TRUE
planning,TRUE
funding,TRUE
work,TRUE
Personnel,FALSE
construction,TRUE
fundamental,FALSE
guide,TRUE
online,FALSE
local,FALSE
#,FALSE
#,FALSE
#,FALSE
weather,FALSE
area,FALSE
#,FALSE
specie,FALSE
special,FALSE
technical,FALSE
Manual,FALSE
strategy,FALSE
subcommittee,FALSE
certificate,FALSE
access,TRUE
retrieve,FALSE
publish,TRUE
release,TRUE
host,TRUE
rotate,TRUE
modify,TRUE
manipulate,FALSE
target,TRUE
grade,TRUE
tier,TRUE
division,TRUE
outline,TRUE
foundation,FALSE
include,TRUE
almost,FALSE
almost,FALSE
virtually,FALSE
not,FALSE
reconnaissance,FALSE
regulate,FALSE
arm,TRUE
wire,TRUE
1985,FALSE
fire,FALSE
hand,TRUE
strap,FALSE
clip,FALSE
follow,FALSE
head,TRUE
hand,FALSE
bolt,TRUE
knock,TRUE
roll,FALSE
#,FALSE
#,FALSE
#,FALSE
host,TRUE
aware,FALSE
client,TRUE
website,TRUE
#,FALSE
fashion,FALSE
amendment,FALSE
category,TRUE
integral,FALSE
subordinate,FALSE
developer,FALSE
designer,FALSE
designer,FALSE
vendor,FALSE
book,TRUE
useful,FALSE
select,TRUE
see,TRUE
call,TRUE
attempt,TRUE
near,FALSE
outgoing,FALSE
electron,FALSE
administrative,FALSE
oversee,FALSE
govern,FALSE
curriculum,FALSE
technological,FALSE
duty,FALSE
foreign,FALSE
Reserve,FALSE
senior,FALSE
ally,TRUE
retire,FALSE
junior,FALSE
volunteer,FALSE
enlist,FALSE
army,TRUE
technician,TRUE
instructor,FALSE
leader,TRUE
employee,TRUE
administer,FALSE
sustain,TRUE
audit,TRUE
investigate,FALSE
conclude,FALSE
inherent,FALSE
integrity,TRUE
satisfy,FALSE
disclose,FALSE
submission,FALSE
post,TRUE
publication,FALSE
trip,TRUE
airport,TRUE
RAF,FALSE
#,FALSE
#,FALSE
maneuver,FALSE
patrol,FALSE
trial,FALSE
raid,FALSE
overseas,FALSE
treaty,FALSE
intent,FALSE
intention,FALSE
unite,TRUE
import,TRUE
ship,TRUE
distribution,TRUE
plant,TRUE
pitch,FALSE
amplitude,FALSE
organ,FALSE
register,TRUE
sense,TRUE
chamber,FALSE
performer,FALSE
ear,FALSE
practitioner,FALSE
child,TRUE
instructor,FALSE
pedal,FALSE
fuel,TRUE
oil,TRUE
tire,FALSE
chemical,FALSE
bearing,FALSE
automotive,FALSE
auto,FALSE
auto,FALSE
composite,FALSE
industrial,FALSE
engine,TRUE
machine,TRUE
kit,TRUE
personal,FALSE
chemical,FALSE
body,TRUE
fluid,FALSE
sheet,FALSE
#,FALSE
learn,TRUE
teach,TRUE
educational,FALSE
faculty,FALSE
academic,FALSE
peer,FALSE
lecture,FALSE
teacher,FALSE
employee,TRUE
leadership,FALSE
age,TRUE
vocational,FALSE
laboratory,TRUE
comprise,TRUE
dispose,FALSE
strip,TRUE
intensive,FALSE
accelerate,FALSE
penetrate,FALSE
go,TRUE
slate,FALSE
yet,FALSE
transform,TRUE
merge,TRUE
progress,TRUE
move,TRUE
advance,TRUE
progress,TRUE
build,TRUE
expand,TRUE
proceed,TRUE
spectrum,TRUE
pulse,FALSE
measurement,TRUE
propagation,FALSE
theory,TRUE
treatment,FALSE
efficacy,FALSE
law,TRUE
rank,FALSE
finding,FALSE
outcome,FALSE
aim,TRUE
joint,FALSE
collaborative,FALSE
ongoing,FALSE
alter,TRUE
path,TRUE
trainer,FALSE
operative,FALSE
worker,TRUE
mechanic,FALSE
confidence,FALSE
Journal,FALSE
list,TRUE
association,FALSE
Encyclopedia,FALSE
editor,FALSE
Database,FALSE
journal,FALSE
Microsoft,FALSE
facebook,FALSE
vertical,FALSE
bird,FALSE
edit,TRUE
descriptive,FALSE
investigation,FALSE
finish,FALSE
sector,TRUE
number,TRUE
first,FALSE
side,TRUE
photo,TRUE
gateway,FALSE
give,TRUE
post,TRUE
pass,TRUE
perform,TRUE
press,TRUE
mark,TRUE
have,TRUE
static,FALSE
reply,FALSE
electromagnetic,FALSE
am,FALSE
#,FALSE
band,TRUE
sense,TRUE
last,FALSE
terminate,TRUE
open,TRUE
common,FALSE
bit,TRUE
#,FALSE
#,FALSE
reality,FALSE
virtual,FALSE
National,FALSE
form,TRUE
category,TRUE
fact,TRUE
email,FALSE
lightweight,FALSE
versatile,FALSE
vary,TRUE
fill,TRUE
convention,FALSE
plus,FALSE
#,FALSE
#,FALSE
#,FALSE
#,FALSE
#,FALSE
#,FALSE
#,FALSE
#,FALSE
#,FALSE
fragment,FALSE
film,TRUE
photography,FALSE
establish,TRUE
#,FALSE
range,TRUE
penetration,FALSE
spread,TRUE
shore,FALSE
#,FALSE
radar,TRUE
smoke,FALSE
Cloud,FALSE
ground,TRUE
range,TRUE
restriction,TRUE
main,FALSE
table,TRUE
#,FALSE
House,FALSE
group,FALSE
department,FALSE
street,FALSE
family,FALSE
directory,FALSE
majority,TRUE
common,FALSE
article,TRUE
arrangement,FALSE
overlap,FALSE
affinity,FALSE
equality,FALSE
alliance,FALSE
dispatch,FALSE
insert,FALSE
atmosphere,FALSE
piece,TRUE
form,TRUE
reflect,TRUE
constituent,FALSE
18,FALSE
composition,FALSE
award,FALSE
†,FALSE
Bold,FALSE
green,FALSE
red,FALSE
note,FALSE
below,FALSE
¹,FALSE
yellow,FALSE
2014,FALSE
2013,FALSE
business,TRUE
test,TRUE
engineering,TRUE
testing,TRUE
apparatus,FALSE
transformation,FALSE
rely,TRUE
focus,TRUE
rely,TRUE
border,TRUE
insist,FALSE
rest,TRUE
depend,TRUE
consideration,TRUE
involve,TRUE
case,TRUE
indicator,TRUE
accelerate,FALSE
structural,FALSE
permanent,FALSE
innovative,FALSE
#,FALSE
supplement,FALSE
shelf,TRUE
rack,FALSE
wall,FALSE
counter,FALSE
shelf,TRUE
destine,FALSE
retail,FALSE
definition,TRUE
25,FALSE
scene,FALSE
unused,FALSE
#,FALSE
#,FALSE
pipeline,FALSE
enforcement,FALSE
disciplinary,FALSE
suspend,FALSE
save,TRUE
edition,TRUE
space,TRUE
illumination,FALSE
angular,FALSE
temperature,TRUE
variation,FALSE
rest,TRUE
transition,TRUE
climate,TRUE
workshop,FALSE
office,TRUE
house,TRUE
depot,FALSE
pool,FALSE
shed,TRUE
toilet,FALSE
unable,FALSE
mean,TRUE
suppose,FALSE
prediction,FALSE
difference,TRUE
boundary,FALSE
profile,TRUE
proximity,FALSE
boundary,FALSE
prediction,FALSE
distortion,FALSE
good,FALSE
wind,FALSE
°,FALSE
wind,TRUE
stakeholder,FALSE
branch,TRUE
cover,TRUE
horizon,FALSE
rough,FALSE
natural,FALSE
surround,TRUE
protective,FALSE
hostile,FALSE
#,FALSE
occasion,FALSE
#,FALSE
#,FALSE
#,FALSE
#,FALSE
recording,TRUE
editing,FALSE
recommendation,TRUE
acceptance,FALSE
commencement,FALSE
conclusion,FALSE
tag,FALSE
tail,FALSE
border,TRUE
correlation,FALSE
#,FALSE
#,FALSE
study,TRUE
predator,TRUE
vulnerability,FALSE
signature,FALSE
CT,FALSE
cs,FALSE
SC,FALSE
sm,FALSE
monitor,TRUE
indicate,TRUE
track,TRUE
face,TRUE
significance,FALSE
virus,FALSE
play,TRUE
enjoy,TRUE
award,TRUE
recommend,TRUE
police,TRUE
diagnosis,FALSE
wake,FALSE
inspector,FALSE
specialist,FALSE
suffer,FALSE
experience,TRUE
cause,TRUE
encounter,FALSE
undergone,FALSE
ton,FALSE
tonne,FALSE
kg,TRUE
intervene,FALSE
exceptionally,FALSE
fairly,FALSE
extremely,FALSE
relatively,FALSE
globally,FALSE
water,TRUE
basin,FALSE
country,TRUE
water,TRUE
education,TRUE
model,TRUE
methodology,FALSE
likelihood,FALSE
prevalence,FALSE
accident,TRUE
disease,FALSE
death,TRUE
disease,FALSE
death,TRUE
fraction,FALSE
sample,TRUE
film,TRUE
#,FALSE
#,FALSE
#,FALSE
#,FALSE
#,FALSE
make,TRUE
create,TRUE
bank,TRUE
gb,FALSE
kilogram,FALSE
#,FALSE
build,TRUE
log,TRUE
tune,TRUE
kick,TRUE
multimedia,FALSE
movement,TRUE
pulse,FALSE
program,TRUE
organization,TRUE
unit,TRUE
work,TRUE
happen,FALSE
exclude,FALSE
terminate,TRUE
block,TRUE
ignore,FALSE
violate,FALSE
agent,FALSE
dictate,FALSE
kind,TRUE
template,FALSE
act,TRUE
fulfil,FALSE
satisfy,TRUE
balance,TRUE
assess,TRUE
organisation,FALSE
organisation,FALSE
institution,FALSE
arrow,FALSE
resolution,TRUE
margin,FALSE
entry,TRUE
highlight,FALSE
everything,FALSE
#,FALSE
backdrop,FALSE
say,TRUE
alongside,FALSE
armor,FALSE
bomber,FALSE
hydrogen,FALSE
renewable,FALSE
enforce,FALSE
#,FALSE
stall,FALSE
glide,FALSE
cope,FALSE
edit,TRUE
check,TRUE
monitor,TRUE
namely,FALSE
navigation,FALSE
prior,FALSE
biological,FALSE
occupational,FALSE
earthquake,FALSE
dose,FALSE
flux,FALSE
concentration,FALSE
resistance,FALSE
emission,FALSE
toxicity,FALSE
have,TRUE
have,TRUE
incentive,FALSE
funding,FALSE
sell,TRUE
comparison,TRUE
loan,FALSE
multiple,FALSE
those,FALSE
several,FALSE
more,FALSE
vendor,FALSE
importance,FALSE
urgency,FALSE
#,FALSE
later,FALSE
ago,FALSE
day,FALSE
dawn,FALSE
noon,FALSE
sunrise,FALSE
weekend,TRUE
dusk,FALSE
night,TRUE
defence,FALSE
patrol,FALSE
remainder,FALSE
derive,TRUE
approximation,FALSE
explanation,FALSE
geometric,FALSE
celestial,FALSE
polar,FALSE
vector,TRUE
approach,TRUE
reaction,TRUE
dangerous,FALSE
difficult,FALSE
reduction,TRUE
probability,TRUE
#,FALSE
entry,FALSE
plus,FALSE
board,FALSE
scan,TRUE
#,FALSE
two,FALSE
four,FALSE
five,FALSE
three,FALSE
six,FALSE
underway,FALSE
begin,TRUE
plastic,FALSE
printer,TRUE
archive,TRUE
grab,TRUE
grasp,FALSE
fix,TRUE
tie,TRUE
focal,FALSE
fulfil,FALSE
gateway,FALSE
usual,FALSE
benefit,TRUE
satisfaction,FALSE
cardinal,FALSE
angle,TRUE
merge,TRUE
size,FALSE
window,TRUE
mini,FALSE
glass,FALSE
shape,TRUE
Ray,FALSE
y,FALSE
axi,FALSE
shape,FALSE
bar,FALSE
gate,FALSE
art,TRUE
auxiliary,FALSE
exhaust,FALSE
PS,FALSE
PA,FALSE
VA,FALSE
AR,FALSE
aa,FALSE
sp,FALSE
RA,FALSE
gasoline,FALSE
petrol,FALSE
diesel,FALSE
coal,FALSE
lighting,FALSE
reason,TRUE
programming,TRUE
least,FALSE
extend,TRUE
#,FALSE
#,FALSE
#,FALSE
#,FALSE
#,FALSE
#,FALSE
kilometer,FALSE
metre,FALSE
yard,FALSE
UTC,FALSE
drone,TRUE
closely,FALSE
exception,FALSE
obstacle,FALSE
barrier,FALSE
advantage,TRUE
consent,FALSE
collect,TRUE
receive,TRUE
generate,TRUE
capture,TRUE
hold,TRUE
read,TRUE
produce,TRUE
own,TRUE
download,FALSE
preserve,TRUE
import,FALSE
convergence,FALSE
clothing,FALSE
mobility,FALSE
housing,FALSE
infantry,TRUE
candidate,FALSE
boot,TRUE
uniform,FALSE
helmet,FALSE
armour,FALSE
shield,FALSE
glove,FALSE
gun,TRUE
arm,TRUE
knife,FALSE
pistol,FALSE
grenade,FALSE
magazine,FALSE
bomb,FALSE
cannon,FALSE
rehabilitation,FALSE
by,FALSE
session,TRUE
maker,FALSE
supplier,TRUE
maker,FALSE
manager,TRUE
supplier,TRUE
represent,TRUE
base,FALSE
instant,FALSE
migration,FALSE
self,TRUE
quick,FALSE
self,TRUE
aim,TRUE
gun,TRUE
shoot,FALSE
alternative,TRUE
agent,FALSE
accept,TRUE
adopt,TRUE
campaign,FALSE
flood,FALSE
animal,FALSE
crowd,FALSE
population,TRUE
conservation,FALSE
clearing,FALSE
joint,FALSE
community,FALSE
gross,FALSE
monthly,FALSE
tax,FALSE
bed,FALSE
vault,FALSE
ceiling,TRUE
fee,FALSE
justify,FALSE
warrant,FALSE
course,FALSE
article,FALSE
book,FALSE
weigh,FALSE
charge,TRUE
ballistic,FALSE
barrel,FALSE
#,FALSE
lethal,FALSE
organization,FALSE
introduction,TRUE
security,TRUE
search,TRUE
#,FALSE
experimental,FALSE
scheme,TRUE
accreditation,FALSE
evolution,FALSE
must,FALSE
explosion,FALSE
seizure,FALSE
dismissal,FALSE
induce,FALSE
emit,TRUE
affiliate,FALSE
bank,TRUE
x,TRUE
9,FALSE
endurance,TRUE
idle,FALSE
estimate,TRUE
mistake,FALSE
claim,TRUE
assumption,FALSE
trace,FALSE
asteroid,FALSE
surface,TRUE
RC,FALSE
cf,FALSE
micro,FALSE
align,FALSE
trade,TRUE
pair,TRUE
affiliation,FALSE
BR,FALSE
CE,FALSE
launch,FALSE
station,FALSE
target,FALSE
delta,FALSE
where,FALSE
if,FALSE
as,FALSE
before,FALSE
during,FALSE
after,FALSE
to,FALSE
violate,FALSE
quota,FALSE
qualification,FALSE
#,FALSE
start,TRUE
begin,TRUE
open,TRUE
pair,TRUE
shortage,FALSE
attempt,TRUE
hold,TRUE
treat,TRUE
release,FALSE
make,TRUE
file,TRUE
do,TRUE
order,TRUE
interpret,TRUE
middle,TRUE
vicinity,FALSE
heart,FALSE
face,TRUE
#,FALSE
latitude,FALSE
west,FALSE
point,TRUE
armor,FALSE
armour,FALSE
#,FALSE
field,TRUE
depend,TRUE
alarm,FALSE
continue,TRUE
interest,TRUE
practice,TRUE
intention,FALSE
wish,FALSE
alter,TRUE
fail,TRUE
annual,FALSE
flow,TRUE
race,FALSE
tall,FALSE
network,TRUE
road,TRUE
line,TRUE
site,TRUE
company,TRUE
electronic,TRUE
council,FALSE
ICAO,FALSE
french,FALSE
framework,FALSE
basel,FALSE
UN,FALSE
Brussels,FALSE
legal,FALSE
battalion,FALSE
strike,TRUE
chord,FALSE
wedge,FALSE
distinction,FALSE
divide,FALSE
recruit,FALSE
recruit,FALSE
bundle,FALSE
contestant,FALSE
horse,FALSE
wrestler,FALSE
athlete,FALSE
competitor,FALSE
shoe,FALSE
weigh,TRUE
weigh,TRUE
consume,FALSE
pound,FALSE
page,TRUE
plate,FALSE
discuss,TRUE
#,FALSE
assemble,TRUE
Commission,FALSE
notify,FALSE
confirm,TRUE
territory,FALSE
choose,TRUE
know,TRUE
transit,FALSE
Secretariat,FALSE
consortium,FALSE
#,FALSE
sophisticated,FALSE
console,TRUE
guide,TRUE
represent,TRUE
bug,FALSE
exist,TRUE
combat,FALSE
medical,FALSE
marine,FALSE
transportation,FALSE
architecture,FALSE
layout,FALSE
vibration,FALSE
reflection,FALSE
reject,FALSE
abandon,FALSE
ignore,TRUE
cancel,TRUE
favor,TRUE
favour,FALSE
lieu,FALSE
recognize,TRUE
digit,FALSE
colour,FALSE
anti,FALSE
meta,FALSE
bomb,FALSE
armament,FALSE
terrorism,FALSE
emphasis,FALSE
mesh,TRUE
norm,FALSE
agreement,TRUE
contribution,FALSE
barrier,FALSE
EMI,FALSE
earthquake,FALSE
reflection,FALSE
influence,TRUE
geographical,FALSE
isolation,FALSE
couple,FALSE
dynamic,FALSE
differential,FALSE
topology,FALSE
length,TRUE
geometry,FALSE
rugge,FALSE
harden,FALSE
#,FALSE
#,FALSE
#,FALSE
#,FALSE
#,FALSE
#,FALSE
cooperation,TRUE
experience,TRUE
working,FALSE
contact,TRUE
uncertain,FALSE
unknown,FALSE
excellent,FALSE
unclear,FALSE
#,FALSE
#,FALSE
#,FALSE
#,FALSE
#,FALSE
suppression,FALSE
#,FALSE
fight,TRUE
riot,FALSE
odor,FALSE
erosion,FALSE
convenience,FALSE
privilege,FALSE
utility,FALSE
64,FALSE
panel,FALSE
shot,FALSE
#,FALSE
#,FALSE
filter,TRUE
sort,TRUE
code,TRUE
mix,TRUE
organize,TRUE
result,TRUE
event,TRUE
example,TRUE
variation,FALSE
post,TRUE
edge,TRUE
periphery,FALSE
bottom,FALSE
intersection,FALSE
hall,FALSE
len,FALSE
another,FALSE
health,TRUE
clinical,FALSE
check,TRUE
fit,TRUE
shoulder,FALSE
rail,FALSE
position,TRUE
team,TRUE
Australia,FALSE
pilot,TRUE
disagree,FALSE
disappear,FALSE
exclusion,FALSE
hold,TRUE
arithmetic,FALSE
computer,TRUE
dna,FALSE
chemical,FALSE
physical,FALSE
molecular,FALSE
human,FALSE
live,TRUE
ideal,FALSE
favorable,FALSE
specifically,FALSE
bear,FALSE
mine,FALSE
bear,TRUE
blue,FALSE
mark,TRUE
ST,FALSE
2000,FALSE
j,FALSE
yellow,FALSE
black,FALSE
tree,FALSE
dimension,FALSE
caller,FALSE
video,FALSE
VHS,FALSE
dvd,FALSE
stereo,FALSE
sample,TRUE
instead,FALSE
brief,FALSE
formal,FALSE
concern,TRUE
matter,FALSE
topic,FALSE
complementary,FALSE
analogue,FALSE
2d,FALSE
feed,TRUE
installation,TRUE
apply,TRUE
fabricate,FALSE
schedule,TRUE
prototype,FALSE
sample,TRUE
qualification,FALSE
draw,TRUE
win,TRUE
none,FALSE
milestone,FALSE
location,TRUE
production,TRUE
catalogue,FALSE
exploration,FALSE
sale,TRUE
welcome,FALSE
erase,FALSE
wipe,FALSE
repeat,FALSE
python,FALSE
III,FALSE
15,FALSE
marine,FALSE
coordinate,TRUE
hit,FALSE
publicly,FALSE
widely,FALSE
separate,TRUE
protect,TRUE
since,FALSE
be,FALSE
NFC,FALSE
AAA,FALSE
ACC,FALSE
subjective,FALSE
atmospheric,FALSE
extreme,FALSE
cold,FALSE
temporary,FALSE
contexts,FALSE
research,FALSE
study,FALSE
shoot,FALSE
reel,FALSE
60,FALSE
#,FALSE
dry,TRUE
print,TRUE
period,TRUE
year,TRUE
season,FALSE
#,FALSE
introduce,TRUE
grade,FALSE
factor,FALSE
strategy,TRUE
environment,FALSE
world,FALSE
paradigm,FALSE
formulate,FALSE
correspondence,FALSE
5,FALSE
13,FALSE
deck,FALSE
#,FALSE
#,FALSE
#,FALSE
pc,TRUE
efficiently,FALSE
swiftly,FALSE
slowly,FALSE
effectively,FALSE
accurately,FALSE
properly,FALSE
quietly,FALSE
observe,TRUE
unseen,FALSE
unavailable,FALSE
expose,TRUE
investigative,FALSE
kill,TRUE
ambush,FALSE
near,FALSE
Institute,FALSE
office,FALSE
laboratory,FALSE
Atlas,FALSE
EA,FALSE
EP,FALSE
IPA,FALSE
me,FALSE
clinical,FALSE
m³,FALSE
kilometre,FALSE
km²,FALSE
contribution,FALSE
adjustment,FALSE
measure,TRUE
note,TRUE
recognize,TRUE
#,FALSE
speed,TRUE
inform,TRUE
advise,TRUE
ask,TRUE
screen,TRUE
warn,TRUE
inform,TRUE
alert,TRUE
assist,TRUE
Unix,FALSE
evidence,TRUE
award,TRUE
case,TRUE
matter,TRUE
court,TRUE
fact,TRUE
dispute,FALSE
understanding,FALSE
examine,TRUE
demonstrate,TRUE
evaluate,TRUE
tendency,FALSE
contributor,FALSE
undergo,FALSE
treatment,FALSE
patent,FALSE
lead,TRUE
belong,FALSE
lead,TRUE
turbine,FALSE
mw,FALSE
nuclear,FALSE
domestic,FALSE
residential,FALSE
heating,FALSE
hydroelectric,FALSE
very,FALSE
evolve,TRUE
dos,FALSE
versus,FALSE
cluster,FALSE
constitute,FALSE
#,FALSE
hand,TRUE
tablet,FALSE
g,FALSE
multi,FALSE
window,FALSE
ray,TRUE
fi,FALSE
file,FALSE
man,FALSE
stream,FALSE
touch,FALSE
connect,TRUE
#,FALSE
#,FALSE
#,FALSE
#,FALSE
#,FALSE
prime,FALSE
extra,FALSE
real,FALSE
regular,FALSE
universal,FALSE
nation,TRUE
watch,TRUE
vital,FALSE
secure,TRUE
regulate,FALSE
lock,TRUE
guard,TRUE
fix,TRUE
treat,TRUE
#,FALSE
#,FALSE
#,FALSE
#,FALSE
#,FALSE
#,FALSE
permit,TRUE
jet,FALSE
wing,FALSE
illustrate,FALSE
#,FALSE
#,FALSE
natural,FALSE
public,FALSE
cultural,FALSE
#,FALSE
at,FALSE
so,FALSE
but,FALSE
#,FALSE
#,FALSE
#,FALSE
agency,FALSE
#,FALSE
committee,FALSE
trunk,FALSE
trunk,FALSE
root,FALSE
grass,FALSE
soil,FALSE
wall,TRUE
bark,FALSE
limb,FALSE
wood,FALSE
stem,TRUE
stone,FALSE
thickness,FALSE
height,TRUE
slope,FALSE
stick,FALSE
post,TRUE
knee,FALSE
shrub,FALSE
bush,FALSE
rock,FALSE
hill,FALSE
brush,FALSE
boulder,FALSE
cliff,FALSE
vegetation,FALSE
soil,FALSE
usually,FALSE
often,FALSE
humidity,FALSE
deliver,TRUE
handle,TRUE
compromise,FALSE
destroy,TRUE
telescope,FALSE
see,TRUE
description,FALSE
flag,FALSE
patch,FALSE
through,FALSE
route,TRUE
export,TRUE
upload,FALSE
nearby,FALSE
NASA,FALSE
food,TRUE
#,FALSE
implication,FALSE
investigate,FALSE
research,TRUE
eliminate,TRUE
resolve,FALSE
marshal,FALSE
note,TRUE
text,TRUE
#,FALSE
squadron,FALSE
#,FALSE
committee,FALSE
#,FALSE
bureau,FALSE
explain,TRUE
devise,FALSE
criterion,TRUE
reverse,TRUE
protein,FALSE
bs,FALSE
sr,FALSE
birth,FALSE
inception,FALSE
conception,FALSE
President,FALSE
mixed,FALSE
bonus,FALSE
soundtrack,FALSE
column,FALSE
random,FALSE
#,FALSE
#,FALSE
visitor,FALSE
visitor,FALSE
county,FALSE
department,TRUE
defense,FALSE
short,FALSE
back,FALSE
audio,FALSE
free,FALSE
rock,FALSE
#,FALSE
symbol,FALSE
metaphor,FALSE
plea,FALSE
think,TRUE
come,TRUE
robot,FALSE
emerge,FALSE
#,FALSE
#,FALSE
#,FALSE
#,FALSE
magazine,FALSE
cassette,FALSE
rom,TRUE
disc,FALSE
lp,FALSE
#,FALSE
idea,TRUE
question,FALSE
host,TRUE
native,FALSE
app,FALSE
art,TRUE
challenge,TRUE
theme,FALSE
agriculture,FALSE
#,FALSE
ice,FALSE
instrument,TRUE
material,TRUE
resource,TRUE
hope,FALSE
expectation,FALSE
bring,TRUE
promote,TRUE
enhance,TRUE
anticipation,FALSE
confirmation,FALSE
imply,TRUE
suggest,TRUE
curve,FALSE
acknowledge,FALSE
discover,TRUE
declare,FALSE
notice,FALSE
every,FALSE
disturb,FALSE
change,TRUE
vary,TRUE
#,FALSE
support,TRUE
manage,TRUE
department,TRUE
uniform,FALSE
absolute,FALSE
success,TRUE
certainty,FALSE
necessity,FALSE
division,TRUE
fall,TRUE
come,TRUE
forum,FALSE
equally,FALSE
solely,FALSE
Canada,FALSE
hercule,FALSE
jeep,FALSE
Mars,FALSE
medium,TRUE
viewpoint,FALSE
watch,FALSE
#,FALSE
consumer,TRUE
especially,FALSE
particularly,FALSE
whether,FALSE
cinema,FALSE
plasma,FALSE
movie,TRUE
dvd,TRUE
phone,TRUE
speaker,FALSE
tablet,FALSE
absorb,FALSE
dust,FALSE
ash,FALSE
neighboring,FALSE
member,FALSE
neighbouring,FALSE
city,TRUE
community,TRUE
secure,TRUE
conserve,FALSE
external,FALSE
lateral,FALSE
fusion,FALSE
#,FALSE
accompany,FALSE
repair,TRUE
clean,FALSE
service,TRUE
refurbish,FALSE
specialist,FALSE
volunteer,TRUE
individual,TRUE
diver,FALSE
#,FALSE
#,FALSE
#,FALSE
teach,TRUE
demonstrate,TRUE
license,TRUE
periodically,FALSE
throughout,FALSE
worldwide,FALSE
preview,FALSE
comment,FALSE
commentary,FALSE
citation,FALSE
surround,TRUE
block,TRUE
obscure,FALSE
impact,TRUE
attack,TRUE
hamper,FALSE
distract,FALSE
approach,TRUE
illuminate,FALSE
delay,TRUE
hide,TRUE
threaten,FALSE
punish,TRUE
sue,TRUE
destroy,TRUE
employer,FALSE
intend,TRUE
choose,TRUE
desire,TRUE
want,TRUE
fail,TRUE
decide,TRUE
refuse,FALSE
try,TRUE
wish,TRUE
wish,TRUE
unless,FALSE
transport,FALSE
India,FALSE
Vietnam,FALSE
alaska,FALSE
Pakistan,FALSE
China,FALSE
river,FALSE
moderate,FALSE
danger,TRUE
business,TRUE
civilian,TRUE
trap,TRUE
argue,TRUE
phenomenon,FALSE
disorder,FALSE
weapon,TRUE
content,TRUE
office,TRUE
suite,FALSE
female,TRUE
male,TRUE
female,TRUE
woman,TRUE
female,FALSE
woman,TRUE
male,TRUE
gender,FALSE
feminine,FALSE
girl,FALSE
lesbian,FALSE
caucasian,FALSE
compile,FALSE
frigate,FALSE
warship,FALSE
destroyer,FALSE
cruiser,FALSE
FDA,FALSE
put,TRUE
soldier,TRUE
collaborate,TRUE
anywhere,FALSE
lot,FALSE
exhaust,FALSE
interrupt,TRUE
inactive,FALSE
stall,TRUE
surge,FALSE
however,FALSE
therefore,FALSE
today,TRUE
obey,TRUE
supersede,FALSE
supplement,FALSE
amend,FALSE
#,FALSE
#,FALSE
stack,FALSE
gradually,FALSE