order,TRUE
addition,TRUE
attempt,TRUE
place,TRUE
attempt,TRUE
#,FALSE
attempt,TRUE
effort,TRUE
order,TRUE
hope,FALSE
order,TRUE
effort,TRUE
try,TRUE
help,TRUE
need,TRUE
ensure,TRUE
maintain,TRUE
protect,TRUE
verify,TRUE
prevent,TRUE
secure,TRUE
preserve,TRUE
avoid,TRUE
monitor,TRUE
cover,TRUE
include,TRUE
check,TRUE
register,TRUE
retain,FALSE
access,TRUE
visit,FALSE
call,TRUE
change,TRUE
request,TRUE
damage,TRUE
update,TRUE
failure,TRUE
visitor,FALSE
connection,TRUE
threat,FALSE
link,TRUE
event,TRUE
improvement,TRUE
system,TRUE
database,TRUE
internet,TRUE
network,TRUE
internet,TRUE
computer,TRUE
software,TRUE
datum,TRUE
website,TRUE
system,TRUE
program,TRUE
device,TRUE
site,TRUE
service,TRUE
web,TRUE
time,TRUE
process,TRUE
way,TRUE
transaction,TRUE
step,TRUE
action,TRUE
time,TRUE
activity,TRUE
information,TRUE
option,TRUE
use,TRUE
enter,TRUE
audit,TRUE
run,TRUE
open,TRUE
activate,TRUE
upgrade,TRUE
repair,TRUE
reach,TRUE
breach,TRUE
restart,TRUE
contact,TRUE
install,TRUE
update,TRUE
server,TRUE
monitor,TRUE
block,TRUE
perform,TRUE
remove,TRUE
check,TRUE
close,TRUE
consider,TRUE
make,TRUE
complete,TRUE
destroy,TRUE
record,TRUE
also,FALSE
and,FALSE
thus,FALSE
only,FALSE
however,FALSE
so,FALSE
therefore,FALSE
additionally,FALSE
hence,FALSE
furthermore,FALSE
moreover,FALSE
main,FALSE
central,FALSE
active,FALSE
upper,FALSE
major,FALSE
low,FALSE
physical,FALSE
critical,FALSE
operational,FALSE
upstream,FALSE
next,FALSE
external,FALSE
last,FALSE
component,TRUE
component,TRUE
part,TRUE
side,FALSE
portion,TRUE
version,TRUE
part,TRUE
implementation,TRUE
core,TRUE
unit,TRUE
driver,TRUE
architecture,TRUE
version,TRUE
engine,TRUE
project,TRUE
application,TRUE
product,TRUE
machine,TRUE
hardware,TRUE
package,TRUE
vehicle,TRUE
company,TRUE
function,TRUE
continue,TRUE
operate,TRUE
work,TRUE
recover,TRUE
fail,TRUE
terminate,TRUE
resume,TRUE
start,TRUE
succeed,FALSE
return,TRUE
survive,FALSE
die,TRUE
manual,FALSE
automatic,FALSE
process,TRUE
internal,FALSE
fault,TRUE
maintenance,TRUE
code,TRUE
partial,FALSE
failure,TRUE
loss,TRUE
problem,TRUE
degradation,TRUE
disruption,TRUE
fatigue,FALSE
destruction,FALSE
performance,TRUE
cost,TRUE
support,TRUE
conflict,TRUE
difference,TRUE
issue,TRUE
interference,TRUE
conflict,TRUE
friction,FALSE
gap,FALSE
interaction,TRUE
delay,TRUE
delay,TRUE
complication,FALSE
two,FALSE
different,FALSE
various,FALSE
multiple,FALSE
several,FALSE
separate,FALSE
three,FALSE
individual,FALSE
control,TRUE
operate,TRUE
input,TRUE
operation,TRUE
management,TRUE
output,TRUE
boot,TRUE
#,FALSE
datum,FALSE
virtual,FALSE
unify,FALSE
integrate,FALSE
system,FALSE
network,FALSE
advanced,FALSE
automatic,FALSE
central,FALSE
global,FALSE
Digital,FALSE
ieee,FALSE
computer,FALSE
control,FALSE
software,FALSE
monitor,TRUE
sensor,TRUE
instrument,TRUE
track,TRUE
analysis,TRUE
testing,TRUE
monitor,TRUE
detection,TRUE
integration,TRUE
measurement,TRUE
communication,TRUE
security,TRUE
#,FALSE
world,TRUE
mode,TRUE
room,TRUE
life,TRUE
area,TRUE
phase,TRUE
time,FALSE
state,TRUE
event,TRUE
#,FALSE
command,TRUE
guidance,TRUE
configuration,TRUE
controller,TRUE
control,TRUE
clock,TRUE
simulation,TRUE
switch,TRUE
display,TRUE
backup,TRUE
test,TRUE
feedback,TRUE
automate,TRUE
diagnostic,FALSE
equipment,TRUE
routine,FALSE
installation,TRUE
inspection,TRUE
design,TRUE
evaluation,TRUE
engineering,TRUE
development,TRUE
use,TRUE
provide,TRUE
deliver,TRUE
handle,TRUE
supply,TRUE
manage,TRUE
do,TRUE
implement,TRUE
operate,TRUE
generate,TRUE
support,TRUE
process,TRUE
access,TRUE
team,TRUE
staff,TRUE
department,FALSE
office,TRUE
group,FALSE
center,FALSE
service,TRUE
it,FALSE
infrastructure,TRUE
may,FALSE
request,TRUE
mission,FALSE
connection,TRUE
respond,TRUE
comply,TRUE
call,TRUE
interrupt,FALSE
crash,TRUE
exist,TRUE
appear,TRUE
attack,FALSE
react,FALSE
refuse,FALSE
proceed,TRUE
allow,TRUE
try,TRUE
able,FALSE
commit,TRUE
begin,TRUE
agree,TRUE
manage,TRUE
enough,FALSE
attack,FALSE
operation,TRUE
warning,FALSE
program,TRUE
plan,TRUE
non,FALSE
pre,FALSE
self,TRUE
post,FALSE
quick,FALSE
auto,TRUE
fast,FALSE
de,FALSE
back,FALSE
counter,FALSE
un,FALSE
improvement,TRUE
defense,FALSE
help,TRUE
report,TRUE
response,TRUE
modification,TRUE
preservation,FALSE
check,TRUE
destructive,FALSE
report,TRUE
need,TRUE
#,FALSE
instruction,TRUE
requirement,TRUE
recommendation,FALSE
application,TRUE
message,TRUE
number,TRUE
alert,FALSE
message,TRUE
card,TRUE
sheet,FALSE
letter,FALSE
warn,TRUE
note,FALSE
signal,TRUE
sequence,TRUE
list,TRUE
line,TRUE
issue,TRUE
send,TRUE
post,TRUE
release,TRUE
give,TRUE
place,TRUE
create,TRUE
write,TRUE
available,FALSE
receive,TRUE
publish,TRUE
prepare,TRUE
produce,TRUE
require,TRUE
circumstance,FALSE
behavior,TRUE
action,TRUE
condition,TRUE
fault,TRUE
perform,TRUE
conduct,TRUE
initiate,TRUE
provide,TRUE
schedule,TRUE
complete,TRUE
implement,TRUE
make,TRUE
attend,FALSE
successful,FALSE
temporary,FALSE
fail,TRUE
plan,TRUE
safety,TRUE
case,TRUE
the,FALSE
â€¢,FALSE
high,FALSE
general,FALSE
enterprise,FALSE
application,FALSE
process,FALSE
system,FALSE
support,FALSE
development,FALSE
infrastructure,FALSE
solution,FALSE
integration,FALSE
architecture,FALSE
technology,FALSE
security,FALSE
platform,FALSE
service,FALSE
platform,TRUE
suite,TRUE
module,TRUE
solution,TRUE
standard,TRUE
facility,TRUE
meet,TRUE
fulfil,FALSE
reach,TRUE
satisfy,TRUE
exceed,TRUE
meet,TRUE
handle,TRUE
achieve,TRUE
support,TRUE
implement,TRUE
processing,TRUE
perform,TRUE
execute,TRUE
cover,TRUE
follow,TRUE
future,FALSE
current,FALSE
relevant,FALSE
possible,FALSE
expect,TRUE
necessary,FALSE
subsequent,FALSE
final,FALSE
acquisition,TRUE
entry,TRUE
transfer,TRUE
quality,TRUE
integrity,FALSE
storage,TRUE
#,FALSE
flow,TRUE
retention,FALSE
conversion,FALSE
generation,TRUE
standard,TRUE
objective,FALSE
demand,TRUE
specification,TRUE
capability,TRUE
challenge,FALSE
goal,FALSE
criterion,FALSE
anticipate,FALSE
potential,FALSE
immediate,FALSE
predict,FALSE
target,TRUE
level,TRUE
design,TRUE
develop,TRUE
integrate,TRUE
build,TRUE
control,TRUE
plan,TRUE
maintain,TRUE
distribute,TRUE
deploy,TRUE
connect,TRUE
construct,TRUE
instal,TRUE
execute,TRUE
program,TRUE
interface,TRUE
environment,TRUE
model,TRUE
complex,TRUE
hybrid,FALSE
autonomous,FALSE
unify,FALSE
master,TRUE
independent,FALSE
processor,TRUE
simultaneously,FALSE
independently,FALSE
node,TRUE
cluster,FALSE
control,TRUE
run,TRUE
manage,TRUE
represent,TRUE
combine,TRUE
provide,TRUE
share,TRUE
execution,TRUE
movement,TRUE
function,TRUE
movement,TRUE
pair,FALSE
series,TRUE
group,TRUE
variety,FALSE
set,TRUE
combination,TRUE
range,TRUE
couple,TRUE
collection,TRUE
remote,FALSE
electronic,FALSE
level,TRUE
parallel,FALSE
base,TRUE
vector,FALSE
graphic,FALSE
unit,TRUE
station,TRUE
device,TRUE
network,TRUE
facility,TRUE
module,TRUE
technology,TRUE
project,TRUE
center,TRUE
put,TRUE
keep,TRUE
put,TRUE
maintain,TRUE
require,TRUE
include,TRUE
set,TRUE
feature,TRUE
place,TRUE
contain,TRUE
provide,TRUE
lock,TRUE
enforcement,FALSE
compliance,TRUE
license,TRUE
release,TRUE
encryption,TRUE
automation,FALSE
authorization,FALSE
registration,TRUE
framework,TRUE
mechanism,TRUE
structure,TRUE
strategy,TRUE
layer,TRUE
policy,TRUE
protocol,TRUE
regime,FALSE
lock,TRUE
mind,FALSE
general,FALSE
particular,FALSE
practice,TRUE
turn,TRUE
hand,TRUE
effect,TRUE
user,TRUE
flight,FALSE
search,TRUE
transfer,TRUE
copy,TRUE
deny,TRUE
allow,TRUE
grant,TRUE
permit,TRUE
without,FALSE
guarantee,TRUE
show,TRUE
afford,TRUE
force,TRUE
seek,TRUE
method,TRUE
technology,TRUE
address,TRUE
feature,TRUE
property,FALSE
topology,TRUE
combine,TRUE
modify,TRUE
interpret,TRUE
choose,TRUE
extend,TRUE
apply,TRUE
enable,TRUE
sufficient,FALSE
identify,TRUE
specify,TRUE
create,TRUE
define,TRUE
determine,TRUE
establish,TRUE
find,TRUE
select,TRUE
give,TRUE
generate,TRUE
indicate,TRUE
assign,TRUE
represent,TRUE
prefix,FALSE
address,TRUE
address,TRUE
path,TRUE
socket,FALSE
name,TRUE
ip,FALSE
#,FALSE
#,FALSE
#,FALSE
#,FALSE
#,FALSE
#,FALSE
#,FALSE
#,FALSE
local,FALSE
#,FALSE
#,FALSE
traffic,TRUE
node,TRUE
switch,TRUE
host,TRUE
also,FALSE
thus,FALSE
hence,FALSE
therefore,FALSE
potentially,FALSE
voice,TRUE
MAC,FALSE
voice,FALSE
route,TRUE
transmission,TRUE
packet,TRUE
switch,TRUE
switch,TRUE
packet,TRUE
number,TRUE
#,FALSE
terminal,FALSE
junction,FALSE
disk,TRUE
#,FALSE
#,FALSE
v,FALSE
b,FALSE
a,FALSE
administrator,TRUE
administrator,TRUE
employee,TRUE
official,FALSE
officer,TRUE
entity,TRUE
agent,TRUE
authority,TRUE
executive,FALSE
operator,TRUE
engineer,TRUE
organization,TRUE
assistant,FALSE
responsibility,TRUE
right,TRUE
attention,FALSE
exposure,FALSE
access,FALSE
commitment,FALSE
responsibility,TRUE
respect,FALSE
autonomy,FALSE
knowledge,TRUE
aspect,TRUE
area,TRUE
element,TRUE
portion,TRUE
resource,TRUE
sector,TRUE
section,TRUE
phase,TRUE
branch,FALSE
administration,TRUE
government,TRUE
department,FALSE
administration,FALSE
agency,FALSE
government,FALSE
district,FALSE
concern,TRUE
allow,TRUE
cover,TRUE
mean,TRUE
involve,TRUE
affect,TRUE
leave,TRUE
remove,TRUE
create,TRUE
include,TRUE
encompasse,FALSE
item,TRUE
object,TRUE
file,TRUE
material,TRUE
document,TRUE
site,TRUE
image,TRUE
nature,TRUE
limitation,TRUE
size,TRUE
appearance,FALSE
property,TRUE
condition,TRUE
location,TRUE
characteristic,TRUE
weight,FALSE
proximity,FALSE
dimension,FALSE
status,TRUE
presence,FALSE
store,TRUE
carry,TRUE
purchase,TRUE
transport,TRUE
obtain,TRUE
require,TRUE
keep,TRUE
wear,FALSE
acquire,TRUE
take,TRUE
sale,TRUE
production,FALSE
delivery,FALSE
disposal,FALSE
assembly,TRUE
availability,TRUE
consumption,FALSE
manufacture,TRUE
radar,TRUE
aircraft,TRUE
missile,FALSE
station,TRUE
ship,TRUE
plant,FALSE
know,TRUE
find,TRUE
believe,FALSE
think,TRUE
deem,TRUE
likely,FALSE
prove,TRUE
say,TRUE
report,TRUE
judge,FALSE
intend,TRUE
situation,FALSE
stage,FALSE
environment,TRUE
year,TRUE
region,FALSE
#,FALSE
location,TRUE
see,TRUE
see,TRUE
compare,TRUE
state,TRUE
statistical,FALSE
statistical,FALSE
include,TRUE
insurance,FALSE
#,FALSE
#,FALSE
#,FALSE
#,FALSE
part,TRUE
#,FALSE
#,FALSE
rate,TRUE
count,FALSE
coefficient,FALSE
rate,TRUE
count,FALSE
coefficient,FALSE
ratio,FALSE
table,TRUE
value,TRUE
statistic,FALSE
sample,FALSE
item,TRUE
error,TRUE
cell,TRUE
body,FALSE
log,FALSE
variable,TRUE
indicator,FALSE
product,TRUE
parameter,TRUE
factor,TRUE
form,TRUE
define,TRUE
represent,TRUE
comprise,TRUE
support,TRUE
link,TRUE
interface,TRUE
connectivity,TRUE
bridge,FALSE
separation,FALSE
interaction,TRUE
difference,TRUE
communication,TRUE
couple,FALSE
monitor,FALSE
facility,FALSE
unit,FALSE
program,FALSE
server,FALSE
board,FALSE
team,TRUE
people,TRUE
expert,FALSE
individual,TRUE
employee,TRUE
member,TRUE
agent,TRUE
company,TRUE
group,TRUE
officer,FALSE
engineer,TRUE
volunteer,FALSE
professional,TRUE
scientist,TRUE
develop,TRUE
maintain,TRUE
create,TRUE
design,TRUE
instal,TRUE
use,TRUE
programming,TRUE
deliver,TRUE
brain,FALSE
robot,TRUE
interact,TRUE
cooperate,TRUE
communicate,TRUE
collaborate,FALSE
assist,TRUE
coordinate,FALSE
consult,FALSE
interfere,FALSE
deal,TRUE
partner,FALSE
stay,TRUE
engage,TRUE
assure,TRUE
confirm,TRUE
show,TRUE
prove,TRUE
demonstrate,TRUE
guarantee,TRUE
know,TRUE
function,TRUE
work,TRUE
element,TRUE
tool,TRUE
point,TRUE
factor,TRUE
parameter,TRUE
reference,TRUE
observatory,FALSE
observe,TRUE
telescope,FALSE
radiation,FALSE
light,FALSE
astronomy,FALSE
satellite,FALSE
observation,FALSE
astronomical,FALSE
field,TRUE
class,FALSE
problem,TRUE
bug,TRUE
miss,FALSE
collision,FALSE
battery,FALSE
virus,FALSE
defect,FALSE
fire,TRUE
leak,FALSE
flash,FALSE
cpu,TRUE
power,TRUE
circuit,TRUE
memory,TRUE
network,TRUE
issue,TRUE
cause,TRUE
trigger,TRUE
connect,TRUE
enable,TRUE
hit,FALSE
file,TRUE
resource,TRUE
source,TRUE
detect,TRUE
correct,TRUE
fix,TRUE
reduce,TRUE
resolve,TRUE
track,TRUE
text,TRUE
new,FALSE
certain,FALSE
specific,FALSE
binary,FALSE
#,FALSE
#,FALSE
#,FALSE
test,TRUE
measurement,TRUE
#,FALSE
freely,FALSE
',FALSE
tool,TRUE
instrument,TRUE
sensor,TRUE
solution,TRUE
computer,TRUE
accessory,FALSE
determine,TRUE
assure,FALSE
specify,TRUE
establish,TRUE
increase,TRUE
improve,TRUE
all,FALSE
these,FALSE
any,FALSE
this,FALSE
construction,TRUE
architectural,FALSE
manufacture,TRUE
#,FALSE
principle,TRUE
technique,TRUE
method,TRUE
skill,FALSE
achieve,TRUE
preserve,TRUE
ensure,TRUE
enhance,FALSE
understand,TRUE
attain,FALSE
protect,TRUE
limit,TRUE
respect,TRUE
restrict,TRUE
extent,TRUE
degree,TRUE
efficiency,TRUE
accuracy,FALSE
amount,TRUE
speed,TRUE
length,FALSE
precision,FALSE
effectiveness,TRUE
scale,TRUE
memory,TRUE
an,FALSE
internal,FALSE
for,FALSE
external,FALSE
direct,FALSE
management,FALSE
manager,FALSE
Controller,FALSE
hold,TRUE
write,TRUE
read,TRUE
trace,TRUE
send,TRUE
copy,TRUE
play,TRUE
bring,TRUE
roll,FALSE
content,TRUE
name,TRUE
result,TRUE
register,TRUE
input,TRUE
logic,TRUE
instruction,TRUE
mechanism,TRUE
list,TRUE
important,FALSE
key,FALSE
#,FALSE
#,FALSE
#,FALSE
interval,FALSE
#,FALSE
signature,FALSE
signal,TRUE
frame,TRUE
stamp,FALSE
slot,FALSE
zone,FALSE
add,TRUE
store,TRUE
define,TRUE
take,TRUE
select,TRUE
decision,TRUE
scan,FALSE
relay,FALSE
buffer,FALSE
code,TRUE
point,TRUE
absolutely,FALSE
make,TRUE
per,FALSE
approach,TRUE
step,TRUE
algorithm,TRUE
technique,TRUE
scheme,TRUE
integrate,TRUE
incorporate,TRUE
accommodate,FALSE
combine,TRUE
satisfy,TRUE
balance,TRUE
feed,TRUE
fit,TRUE
introduce,TRUE
space,TRUE
spatial,FALSE
frequency,TRUE
language,TRUE
value,TRUE
temporal,FALSE
day,TRUE
load,TRUE
capacity,TRUE
computational,FALSE
energy,TRUE
load,TRUE
force,TRUE
burden,FALSE
task,TRUE
base,TRUE
intermediate,FALSE
primary,FALSE
virtual,FALSE
destination,FALSE
home,FALSE
domain,TRUE
layer,TRUE
loop,TRUE
sector,FALSE
zone,TRUE
channel,TRUE
quasi,FALSE
semi,FALSE
anti,FALSE
pseudo,FALSE
ultra,FALSE
near,FALSE
less,FALSE
highly,FALSE
super,FALSE
sub,FALSE
quantum,FALSE
constraint,FALSE
requirement,TRUE
algorithm,TRUE
free,FALSE
slave,FALSE
transmitter,FALSE
client,TRUE
high,FALSE
rich,FALSE
pure,FALSE
testing,TRUE
other,FALSE
many,FALSE
test,TRUE
such,FALSE
some,FALSE
professional,FALSE
package,TRUE
upgrade,TRUE
technical,FALSE
specialize,FALSE
research,TRUE
analytical,FALSE
developer,TRUE
library,TRUE
kit,FALSE
driver,TRUE
package,TRUE
exist,TRUE
license,FALSE
compile,TRUE
render,FALSE
app,FALSE
model,TRUE
script,FALSE
native,FALSE
full,FALSE
java,FALSE
material,TRUE
documentation,TRUE
#,FALSE
content,TRUE
come,TRUE
go,TRUE
end,TRUE
arrive,TRUE
kit,FALSE
guide,TRUE
description,TRUE
additional,FALSE
user,TRUE
license,TRUE
operator,TRUE
participant,FALSE
stakeholder,FALSE
customer,TRUE
administrator,TRUE
member,TRUE
app,FALSE
portal,FALSE
account,TRUE
apply,TRUE
participate,TRUE
choose,TRUE
via,FALSE
upon,FALSE
form,TRUE
type,TRUE
sort,FALSE
kind,TRUE
manner,TRUE
way,TRUE
principle,TRUE
measure,TRUE
format,TRUE
search,TRUE
ability,TRUE
capability,TRUE
option,TRUE
accelerate,FALSE
facilitate,TRUE
improve,TRUE
handle,TRUE
achieve,TRUE
recovery,TRUE
rescue,FALSE
protection,TRUE
repair,TRUE
save,TRUE
recovery,FALSE
relief,FALSE
removal,FALSE
escape,FALSE
restoration,FALSE
salvage,FALSE
salvation,FALSE
rehabilitation,FALSE
damage,FALSE
crash,FALSE
unwanted,FALSE
embed,TRUE
fix,FALSE
break,FALSE
dead,FALSE
unreliable,FALSE
discard,FALSE
old,FALSE
expensive,FALSE
infect,FALSE
static,FALSE
weak,FALSE
wire,TRUE
lock,FALSE
end,FALSE
spot,FALSE
hot,FALSE
button,FALSE
terminate,TRUE
cold,FALSE
couple,TRUE
redundant,FALSE
chip,TRUE
error,TRUE
incorporate,TRUE
load,TRUE
insert,FALSE
introduce,TRUE
enter,TRUE
feed,TRUE
download,TRUE
import,FALSE
game,TRUE
manager,FALSE
owner,FALSE
provider,TRUE
user,FALSE
controller,TRUE
offer,TRUE
allow,TRUE
give,TRUE
coverage,TRUE
ownership,FALSE
freedom,FALSE
functionality,TRUE
business,TRUE
right,TRUE
flexibility,FALSE
discretion,FALSE
possibility,TRUE
opportunity,TRUE
grant,TRUE
extend,TRUE
add,TRUE
award,TRUE
restrict,TRUE
restore,TRUE
enforce,TRUE
receive,TRUE
deny,TRUE
limit,TRUE
exercise,FALSE
execute,TRUE
license,TRUE
permission,TRUE
permit,TRUE
contract,FALSE
grant,TRUE
patent,FALSE
privilege,FALSE
approval,FALSE
se,FALSE
session,TRUE
contract,FALSE
vendor,TRUE
customer,TRUE
basis,TRUE
domain,TRUE
block,TRUE
#,FALSE
medium,TRUE
assemble,TRUE
activate,TRUE
test,TRUE
service,FALSE
transparency,FALSE
disclosure,FALSE
assurance,FALSE
accomplish,FALSE
facilitate,TRUE
obtain,TRUE
probability,FALSE
percentage,FALSE
proportion,FALSE
volume,FALSE
logical,FALSE
cognitive,FALSE
semantic,FALSE
functional,FALSE
visual,FALSE
mathematical,FALSE
density,FALSE
compression,TRUE
supply,TRUE
present,TRUE
leave,TRUE
offer,TRUE
assistance,TRUE
concern,TRUE
ground,FALSE
normal,FALSE
command,TRUE
trial,FALSE
correction,TRUE
truth,FALSE
success,TRUE
gain,TRUE
null,FALSE
question,FALSE
alarm,FALSE
confusion,FALSE
position,FALSE
emergency,FALSE
channel,TRUE
report,TRUE
transmit,TRUE
pass,TRUE
route,TRUE
pass,TRUE
contain,TRUE
comprise,TRUE
possess,FALSE
mb,FALSE
gb,FALSE
bit,TRUE
#,FALSE
#,FALSE
hour,FALSE
#,FALSE
port,TRUE
page,TRUE
MHz,FALSE
drive,TRUE
#,FALSE
disk,TRUE
drive,TRUE
#,FALSE
#,FALSE
#,FALSE
cache,FALSE
bus,FALSE
ram,TRUE
consist,TRUE
choice,TRUE
capable,FALSE
provision,FALSE
consist,TRUE
configuration,TRUE
minimum,TRUE
combination,TRUE
serial,TRUE
single,FALSE
direct,FALSE
integer,FALSE
port,TRUE
connector,FALSE
compatibility,FALSE
#,FALSE
#,FALSE
#,FALSE
#,FALSE
#,FALSE
#,FALSE
#,FALSE
#,FALSE
#,FALSE
#,FALSE
#,FALSE
#,FALSE
#,FALSE
#,FALSE
#,FALSE
bandwidth,TRUE
easy,FALSE
build,TRUE
download,TRUE
deploy,TRUE
develop,TRUE
#,FALSE
operate,TRUE
Linux,FALSE
cycle,TRUE
estate,FALSE
fashion,FALSE
direction,TRUE
stream,FALSE
associate,TRUE
public,FALSE
mental,FALSE
affect,TRUE
patient,FALSE
regard,TRUE
health,TRUE
medical,FALSE
environmental,FALSE
disease,FALSE
injury,FALSE
social,FALSE
behavioral,FALSE
care,TRUE
psychological,FALSE
dental,FALSE
lifestyle,FALSE
decision,TRUE
measure,TRUE
risk,TRUE
position,TRUE
advice,FALSE
risk,TRUE
clock,TRUE
record,TRUE
exchange,TRUE
transfer,TRUE
share,TRUE
communicate,TRUE
carry,TRUE
intercept,FALSE
telephone,FALSE
boundary,FALSE
fiber,FALSE
receiver,TRUE
terminal,FALSE
carrier,FALSE
line,TRUE
UTC,FALSE
digital,FALSE
iso,FALSE
global,FALSE
actual,FALSE
os,FALSE
#,FALSE
height,FALSE
#,FALSE
mount,FALSE
plate,FALSE
#,FALSE
thickness,FALSE
top,FALSE
time,TRUE
date,TRUE
#,FALSE
interval,FALSE
frame,TRUE
#,FALSE
stamp,TRUE
period,FALSE
table,TRUE
slot,FALSE
signature,FALSE
size,TRUE
date,TRUE
detail,TRUE
depend,TRUE
receiver,FALSE
target,TRUE
country,FALSE
ease,TRUE
pattern,TRUE
understand,TRUE
deployment,TRUE
usage,TRUE
creation,FALSE
simplicity,FALSE
complexity,TRUE
reliability,TRUE
stability,FALSE
utility,FALSE
convenience,FALSE
demonstrate,TRUE
reflect,FALSE
express,TRUE
describe,TRUE
see,TRUE
represent,TRUE
evident,FALSE
address,TRUE
owner,TRUE
provider,TRUE
contractor,TRUE
regulator,FALSE
authority,FALSE
duty,FALSE
jurisdiction,FALSE
power,TRUE
mandate,FALSE
block,TRUE
modification,TRUE
reference,TRUE
intentionally,FALSE
voluntarily,FALSE
purpose,TRUE
efficiently,FALSE
reason,FALSE
day,TRUE
reason,FALSE
actively,FALSE
automatically,FALSE
other,TRUE
anyone,FALSE
self,TRUE
Non,FALSE
re,FALSE
pre,TRUE
under,FALSE
co,TRUE
risk,TRUE
post,TRUE
over,FALSE
work,TRUE
in,FALSE
scheduling,TRUE
plan,TRUE
tune,FALSE
mapping,TRUE
auto,TRUE
electro,FALSE
co,TRUE
bio,FALSE
direct,TRUE
contain,TRUE
teach,FALSE
regulate,FALSE
administer,FALSE
drive,TRUE
regulation,FALSE
it,FALSE
equipment,TRUE
manufacturing,FALSE
power,TRUE
engineering,TRUE
planning,FALSE
need,TRUE
continue,TRUE
aim,TRUE
want,TRUE
seek,TRUE
continue,TRUE
meet,TRUE
balance,TRUE
adequate,FALSE
study,TRUE
become,TRUE
produce,TRUE
deliver,TRUE
mode,TRUE
crack,FALSE
accident,FALSE
earthquake,FALSE
cancer,FALSE
tolerance,FALSE
fix,TRUE
find,TRUE
prevention,TRUE
identification,FALSE
resolution,TRUE
reduction,FALSE
optimization,FALSE
replacement,TRUE
API,FALSE
act,TRUE
serve,TRUE
reside,TRUE
remain,TRUE
behave,FALSE
distinct,FALSE
private,FALSE
unique,FALSE
legal,FALSE
proprietary,FALSE
permanent,FALSE
extension,FALSE
shell,FALSE
engineer,TRUE
scientist,TRUE
researcher,TRUE
officer,TRUE
staff,TRUE
agent,TRUE
soldier,FALSE
team,TRUE
worker,FALSE
driver,TRUE
engineer,TRUE
scientist,FALSE
researcher,TRUE
technician,TRUE
vendor,TRUE
manufacturer,FALSE
contractor,TRUE
designer,TRUE
utilize,TRUE
employ,TRUE
expertise,FALSE
certification,FALSE
locate,TRUE
map,TRUE
analyze,TRUE
remove,TRUE
modify,TRUE
#,FALSE
#,FALSE
#,FALSE
#,FALSE
#,FALSE
installation,TRUE
structure,TRUE
source,TRUE
server,TRUE
quickly,FALSE
directly,FALSE
immediately,FALSE
remotely,FALSE
instantly,FALSE
easily,FALSE
rapidly,FALSE
simply,FALSE
periodically,FALSE
continuously,FALSE
rest,FALSE
remainder,FALSE
bulk,FALSE
majority,FALSE
entirety,FALSE
inside,FALSE
front,FALSE
title,FALSE
bottom,FALSE
article,TRUE
section,TRUE
document,TRUE
book,TRUE
page,TRUE
chapter,FALSE
publication,FALSE
paper,TRUE
booklet,FALSE
give,TRUE
offer,TRUE
present,TRUE
describe,TRUE
outline,TRUE
definition,TRUE
specification,TRUE
explanation,FALSE
summary,FALSE
overview,FALSE
history,FALSE
discussion,FALSE
review,TRUE
detail,TRUE
construct,TRUE
vehicle,TRUE
personnel,FALSE
robot,TRUE
organization,TRUE
ongoing,FALSE
continuous,FALSE
ensure,TRUE
procedure,TRUE
assessment,TRUE
training,TRUE
practice,TRUE
treatment,FALSE
laboratory,FALSE
check,TRUE
adjustment,FALSE
review,TRUE
education,FALSE
learn,TRUE
benefit,TRUE
away,FALSE
injury,FALSE
mechanical,FALSE
relate,TRUE
its,FALSE
each,FALSE
that,FALSE
every,FALSE
conduct,TRUE
structure,TRUE
organize,FALSE
language,TRUE
anything,FALSE
compute,TRUE
database,TRUE
o,TRUE
d,FALSE
c,FALSE
t,FALSE
p,FALSE
m,FALSE
e,FALSE
u,FALSE
r,FALSE
n,FALSE
ii,FALSE
exception,TRUE
goal,FALSE
aid,FALSE
aim,FALSE
objective,TRUE
advantage,FALSE
compilation,TRUE
distribution,TRUE
translation,FALSE
type,TRUE
material,FALSE
material,TRUE
when,FALSE
light,FALSE
within,FALSE
entire,FALSE
protective,FALSE
fully,FALSE
air,FALSE
outer,FALSE
surface,FALSE
cell,TRUE
fibre,FALSE
low,FALSE
either,FALSE
dark,FALSE
sensitive,FALSE
thin,FALSE
#,FALSE
composite,FALSE
reinforce,FALSE
glass,FALSE
plastic,FALSE
film,FALSE
polymer,FALSE
wire,TRUE
steel,FALSE
optical,FALSE
voltage,FALSE
match,TRUE
exceed,TRUE
rule,TRUE
value,TRUE
task,TRUE
#,FALSE
flow,TRUE
format,TRUE
collect,TRUE
pulse,FALSE
column,FALSE
variable,FALSE
transaction,TRUE
word,TRUE
transition,FALSE
estimate,FALSE
correlation,FALSE
pattern,TRUE
state,TRUE
average,FALSE
temperature,TRUE
#,FALSE
#,FALSE
cycle,FALSE
#,FALSE
#,FALSE
log,FALSE
#,FALSE
display,TRUE
update,TRUE
analyze,TRUE
style,TRUE
scope,FALSE
purpose,TRUE
methodology,FALSE
concept,TRUE
conference,FALSE
journal,FALSE
follow,TRUE
follow,TRUE
resemble,FALSE
match,TRUE
match,TRUE
reflect,FALSE
mirror,FALSE
parallel,TRUE
resemble,FALSE
follow,TRUE
use,TRUE
outline,TRUE
state,TRUE
present,TRUE
indicate,TRUE
#,FALSE
#,FALSE
#,FALSE
#,FALSE
#,FALSE
#,FALSE
#,FALSE
standard,FALSE
#,FALSE
#,FALSE
good,FALSE
standard,FALSE
common,FALSE
good,FALSE
technical,FALSE
International,FALSE
fair,FALSE
well,FALSE
research,FALSE
free,FALSE
refer,TRUE
refer,TRUE
accord,TRUE
accord,TRUE
add,TRUE
guide,FALSE
refer,TRUE
clock,FALSE
CO,FALSE
counter,FALSE
multi,FALSE
Anti,FALSE
participate,FALSE
cloud,FALSE
pc,TRUE
ready,FALSE
inspect,FALSE
watch,FALSE
observe,TRUE
record,TRUE
absence,FALSE
course,FALSE
context,FALSE
middle,FALSE
wake,TRUE
center,TRUE
begin,TRUE
long,FALSE
short,FALSE
large,FALSE
live,FALSE
upgrade,TRUE
rebuilt,FALSE
convert,TRUE
restore,TRUE
bring,TRUE
move,TRUE
transform,TRUE
push,FALSE
launch,FALSE
fund,FALSE
contribution,FALSE
job,FALSE
assume,TRUE
commit,FALSE
dedicate,FALSE
assign,TRUE
devote,FALSE
expose,FALSE
subject,FALSE
entitle,FALSE
attach,FALSE
subject,TRUE
suit,FALSE
sale,TRUE
administrative,FALSE
consulting,FALSE
outcome,FALSE
fate,FALSE
route,TRUE
alternative,FALSE
strength,FALSE
personal,FALSE
save,TRUE
retrieve,TRUE
fairly,FALSE
similar,FALSE
relatively,FALSE
strictly,FALSE
somewhat,FALSE
reasonably,FALSE
request,TRUE
evidence,FALSE
protocol,TRUE
archive,TRUE
library,TRUE
image,TRUE
news,FALSE
box,FALSE
screen,FALSE
video,TRUE
email,FALSE
medium,TRUE
warehouse,FALSE
#,FALSE
bank,FALSE
maintenance,FALSE
operational,FALSE
operation,TRUE
fleet,FALSE
FAA,FALSE
district,FALSE
airport,FALSE
commence,FALSE
focus,TRUE
assume,TRUE
indefinitely,FALSE
normally,FALSE
temporarily,FALSE
regularly,FALSE
machine,TRUE
platform,TRUE
period,FALSE
completion,FALSE
closure,FALSE
retirement,FALSE
stop,TRUE
overhaul,TRUE
expansion,TRUE
renovation,FALSE
modernization,FALSE
use,TRUE
use,TRUE
more,FALSE
include,TRUE
with,FALSE
include,TRUE
amount,TRUE
term,TRUE
reality,FALSE
gather,FALSE
mining,FALSE
collect,TRUE
extraction,FALSE
search,TRUE
analyze,TRUE
record,TRUE
interactive,FALSE
AI,FALSE
image,TRUE
graphical,FALSE
insight,FALSE
insight,FALSE
image,TRUE
print,TRUE
search,TRUE
video,TRUE
analysis,TRUE
record,TRUE
picture,FALSE
information,TRUE
touch,FALSE
sell,TRUE
distribute,TRUE
evaluate,FALSE
market,TRUE
collect,TRUE
dna,FALSE
#,FALSE
mechanic,FALSE
shop,FALSE
robust,FALSE
sophisticated,FALSE
perform,TRUE
conduct,TRUE
enable,TRUE
handle,TRUE
run,TRUE
deliver,TRUE
implement,TRUE
calculation,TRUE
analysis,TRUE
calculation,TRUE
experiment,FALSE
study,TRUE
sample,TRUE
return,TRUE
response,TRUE
derive,FALSE
gather,FALSE
come,TRUE
extract,TRUE
originate,FALSE
acquire,TRUE
recover,TRUE
result,TRUE
draw,TRUE
respective,FALSE
four,FALSE
many,FALSE
appropriate,FALSE
filter,TRUE
suppose,FALSE
tasked,FALSE
leave,TRUE
mean,TRUE
ask,TRUE
share,TRUE
oversee,FALSE
negotiate,FALSE
matter,FALSE
master,FALSE
doctor,FALSE
commander,FALSE
President,FALSE
director,FALSE
architect,FALSE
leader,FALSE
mistress,FALSE
basic,FALSE
underlie,TRUE
#,FALSE
supervision,FALSE
lead,TRUE
those,FALSE
anyone,FALSE
People,FALSE
individual,TRUE
someone,FALSE
application,TRUE
everyone,FALSE
student,FALSE
person,FALSE
read,TRUE
filter,TRUE
incorrect,FALSE
send,TRUE
edit,FALSE
receive,TRUE
avoid,TRUE
recognition,FALSE
interpret,TRUE
understand,TRUE
retrieve,TRUE
intercept,FALSE
wrong,FALSE
incoming,FALSE
whole,FALSE
affect,FALSE
original,FALSE
open,FALSE
Unix,FALSE
current,FALSE
Microsoft,FALSE
board,TRUE
card,TRUE
board,TRUE
equip,FALSE
compatible,FALSE
ship,TRUE
financial,FALSE
marketing,FALSE
commercial,TRUE
every,FALSE
everything,FALSE
source,TRUE
website,TRUE
administer,FALSE
host,TRUE
finally,FALSE
or,FALSE
applicable,FALSE
chip,TRUE
variant,FALSE
qualify,FALSE
double,FALSE
#,FALSE
peripheral,FALSE
mobile,FALSE
portable,FALSE
cellular,FALSE
wound,FALSE
cross,FALSE
micro,FALSE
isolation,FALSE
clean,FALSE
balance,TRUE
load,TRUE
window,FALSE
manipulation,FALSE
exploration,FALSE
object,TRUE
view,TRUE
#,FALSE
discuss,FALSE
list,TRUE
mention,FALSE
illustrate,FALSE
permit,TRUE
force,TRUE
encourage,FALSE
induce,FALSE
assemble,TRUE
stack,FALSE
restriction,FALSE
change,TRUE
limitation,TRUE
compiler,TRUE
replace,TRUE
associate,TRUE
fill,TRUE
programmer,TRUE
developer,TRUE
#,FALSE
xml,FALSE
calculate,TRUE
propose,TRUE
recommend,FALSE
demand,TRUE
adopt,TRUE
locomotive,FALSE
train,FALSE
vessel,FALSE
plane,FALSE
helicopter,FALSE
locomotive,FALSE
airplane,FALSE
idle,FALSE
stop,TRUE
stall,FALSE
activity,TRUE
fire,TRUE
transfer,TRUE
collection,FALSE
instead,FALSE
distribution,TRUE
creation,FALSE
halt,FALSE
cease,TRUE
resist,FALSE
regardless,FALSE
statement,FALSE
satisfy,FALSE
clear,TRUE
exhaust,FALSE
reach,TRUE
reduce,TRUE
resolve,TRUE
identify,TRUE
change,TRUE
fill,TRUE
effect,TRUE
lose,TRUE
eliminate,TRUE
life,FALSE
world,FALSE
hard,FALSE
estate,FALSE
command,TRUE
surveillance,FALSE
investigate,FALSE
policy,TRUE
limit,TRUE
#,FALSE
edge,FALSE
key,TRUE
encounter,FALSE
detect,TRUE
discover,FALSE
threaten,FALSE
trigger,TRUE
result,TRUE
result,TRUE
increase,TRUE
occur,TRUE
suffer,FALSE
manifest,FALSE
economic,FALSE
significant,FALSE
widespread,FALSE
total,FALSE
massive,FALSE
serious,FALSE
theft,TRUE
capture,FALSE
corruption,TRUE
exhaustion,FALSE
fraud,FALSE
batch,FALSE
#,FALSE
#,FALSE
#,FALSE
#,FALSE
#,FALSE
#,FALSE
both,FALSE
various,FALSE
new,FALSE
additional,FALSE
basic,FALSE
key,FALSE
correspond,FALSE
equivalent,FALSE
translate,TRUE
copy,TRUE
export,FALSE
common,FALSE
rule,TRUE
path,TRUE
priority,FALSE
route,TRUE
initiate,TRUE
undertake,FALSE
cause,TRUE
processor,TRUE
#,FALSE
press,FALSE
surface,FALSE
patch,FALSE
import,FALSE
store,TRUE
#,FALSE
filter,TRUE
design,TRUE
chart,FALSE
respond,TRUE
connect,TRUE
convert,TRUE
communicating,FALSE
link,TRUE
bind,FALSE
refer,TRUE
add,TRUE
arbitrary,FALSE
set,TRUE
sense,TRUE
sensitivity,FALSE
minimize,FALSE
overcome,FALSE
withstand,FALSE
eliminate,TRUE
combat,FALSE
crash,TRUE
congestion,FALSE
loss,TRUE
concurrency,FALSE
contamination,FALSE
register,TRUE
session,TRUE
email,FALSE
account,TRUE
shut,TRUE
cut,TRUE
turn,TRUE
wipe,FALSE
kill,FALSE
power,TRUE
seal,FALSE
click,FALSE
knock,FALSE
special,FALSE
several,FALSE
numerous,FALSE
multiple,FALSE
utilize,TRUE
player,FALSE
#,FALSE
range,TRUE
span,FALSE
enterprise,TRUE
navigation,FALSE
profile,FALSE
impact,FALSE
bar,FALSE
relationship,FALSE
interchange,FALSE
one,FALSE
compose,FALSE
maximum,FALSE
maximum,FALSE
upwards,FALSE
bit,TRUE
penetration,FALSE
host,TRUE
locate,FALSE
house,TRUE
host,TRUE
stand,TRUE
stand,TRUE
stand,TRUE
stand,TRUE
stand,TRUE
sit,TRUE
let,TRUE
walk,TRUE
design,FALSE
photography,FALSE
draw,FALSE
barrier,FALSE
obligation,FALSE
restriction,FALSE
regulation,FALSE
impose,TRUE
enforce,TRUE
lay,TRUE
wireless,FALSE
exchange,TRUE
independence,FALSE
dictate,FALSE
cover,TRUE
govern,FALSE
price,FALSE
distance,FALSE
cost,TRUE
qualified,FALSE
inform,FALSE
name,TRUE
aware,FALSE
verify,TRUE
document,TRUE
research,TRUE
accessible,FALSE
dialect,TRUE
script,TRUE
alphabet,FALSE
dialect,TRUE
vocabulary,FALSE
term,TRUE
font,FALSE
english,FALSE
culture,FALSE
terminology,FALSE