simple,FALSE
follow,FALSE
latter,FALSE
last,FALSE
special,FALSE
next,FALSE
final,FALSE
bad,FALSE
test,TRUE
application,TRUE
process,TRUE
#,FALSE
function,TRUE
rule,FALSE
stage,FALSE
model,TRUE
statement,FALSE
method,TRUE
point,TRUE
mode,FALSE
mechanism,FALSE
procedure,FALSE
aspect,TRUE
tool,TRUE
involve,TRUE
describe,TRUE
include,TRUE
mean,TRUE
represent,TRUE
require,TRUE
comprise,FALSE
define,TRUE
encompasse,TRUE
contain,TRUE
denote,FALSE
possibility,FALSE
way,TRUE
concept,TRUE
act,TRUE
task,TRUE
problem,TRUE
case,TRUE
ease,FALSE
idea,FALSE
difficulty,FALSE
practice,FALSE
make,TRUE
create,TRUE
generate,FALSE
write,TRUE
implement,FALSE
send,TRUE
develop,FALSE
execute,FALSE
prepare,FALSE
produce,TRUE
processing,FALSE
issue,TRUE
find,TRUE
request,FALSE
select,FALSE
system,TRUE
object,FALSE
product,TRUE
program,TRUE
device,TRUE
feature,TRUE
resource,FALSE
experience,FALSE
environment,FALSE
service,TRUE
interface,FALSE
machine,FALSE
say,TRUE
believe,TRUE
know,TRUE
see,TRUE
think,TRUE
understand,TRUE
assume,FALSE
conclude,TRUE
agree,TRUE
say,TRUE
find,TRUE
argue,FALSE
note,TRUE
feel,FALSE
realize,FALSE
one,FALSE
everyone,FALSE
solely,FALSE
simply,FALSE
together,FALSE
merely,FALSE
outcome,TRUE
result,TRUE
detail,TRUE
result,TRUE
purpose,TRUE
objective,FALSE
end,TRUE
scope,FALSE
objective,FALSE
consequence,FALSE
success,FALSE
cost,TRUE
goal,TRUE
direction,FALSE
nature,FALSE
event,TRUE
hold,TRUE
set,TRUE
roll,FALSE
go,TRUE
take,TRUE
count,FALSE
call,TRUE
turn,TRUE
call,TRUE
pay,TRUE
move,TRUE
come,TRUE
run,TRUE
bring,TRUE
',FALSE
provide,TRUE
offer,FALSE
allow,TRUE
provide,TRUE
ensure,TRUE
enable,TRUE
maintain,TRUE
provide,TRUE
give,TRUE
support,TRUE
offer,TRUE
access,TRUE
connection,FALSE
link,FALSE
response,FALSE
path,FALSE
return,FALSE
approach,FALSE
access,TRUE
flow,FALSE
route,FALSE
reply,FALSE
introduction,FALSE
release,FALSE
channel,FALSE
internet,FALSE
library,FALSE
information,TRUE
datum,TRUE
internet,FALSE
site,TRUE
database,TRUE
archive,FALSE
archive,FALSE
campus,FALSE
computer,TRUE
build,TRUE
record,FALSE
collection,FALSE
material,FALSE
source,TRUE
authority,FALSE
party,FALSE
user,TRUE
country,FALSE
agency,TRUE
organisation,FALSE
company,TRUE
laboratory,FALSE
agent,FALSE
organization,TRUE
personnel,FALSE
expert,FALSE
government,FALSE
supplier,FALSE
time,TRUE
level,TRUE
moment,FALSE
rate,FALSE
location,FALSE
opportunity,FALSE
place,TRUE
hour,TRUE
time,TRUE
period,FALSE
station,TRUE
distance,FALSE
business,TRUE
24,FALSE
daylight,FALSE
work,TRUE
peak,FALSE
school,FALSE
work,TRUE
regular,FALSE
normal,FALSE
office,TRUE
certain,FALSE
#,FALSE
please,FALSE
a,FALSE
the,FALSE
to,FALSE
please,FALSE
for,FALSE
request,FALSE
call,TRUE
quick,FALSE
use,TRUE
service,TRUE
support,TRUE
profile,FALSE
user,TRUE
text,TRUE
play,FALSE
option,FALSE
game,TRUE
print,FALSE
version,TRUE
free,FALSE
web,FALSE
search,TRUE
app,FALSE
final,FALSE
all,FALSE
annual,FALSE
full,FALSE
census,FALSE
source,TRUE
location,FALSE
datum,TRUE
type,TRUE
total,FALSE
official,FALSE
complete,FALSE
vary,TRUE
vary,TRUE
number,TRUE
range,TRUE
sort,FALSE
list,TRUE
value,TRUE
order,TRUE
base,TRUE
distribution,FALSE
list,TRUE
year,FALSE
date,FALSE
default,FALSE
year,TRUE
month,FALSE
agency,TRUE
it,FALSE
this,FALSE
information,TRUE
file,FALSE
calendar,FALSE
website,FALSE
Map,FALSE
content,FALSE
register,FALSE
use,TRUE
require,TRUE
necessary,FALSE
make,TRUE
do,TRUE
give,TRUE
obtain,TRUE
perform,TRUE
activate,FALSE
create,TRUE
establish,FALSE
available,FALSE
apply,TRUE
issue,TRUE
customer,TRUE
visitor,FALSE
player,FALSE
student,TRUE
people,FALSE
participant,FALSE
buyer,FALSE
get,TRUE
explicitly,FALSE
become,TRUE
previously,FALSE
actively,FALSE
new,FALSE
desire,FALSE
complete,FALSE
acquire,FALSE
purchase,FALSE
additional,FALSE
[,FALSE
safety,FALSE
maintenance,FALSE
quality,FALSE
equipment,FALSE
security,FALSE
administration,FALSE
control,TRUE
management,TRUE
supply,FALSE
Personnel,FALSE
logistic,FALSE
health,FALSE
budget,FALSE
organization,TRUE
safety,FALSE
it,TRUE
management,TRUE
skill,FALSE
maintenance,FALSE
equipment,FALSE
control,TRUE
technical,FALSE
skill,FALSE
software,TRUE
knowledge,TRUE
system,TRUE
requirement,TRUE
staff,TRUE
function,TRUE
specialist,FALSE
tool,TRUE
measure,FALSE
department,TRUE
task,TRUE
manage,TRUE
maintain,TRUE
handle,TRUE
complete,FALSE
protect,TRUE
prepare,FALSE
run,TRUE
keep,FALSE
operate,TRUE
organize,FALSE
store,TRUE
monitor,FALSE
infrastructure,FALSE
facility,FALSE
network,TRUE
security,FALSE
company,TRUE
facility,FALSE
organization,TRUE
figure,FALSE
table,TRUE
level,TRUE
step,TRUE
section,FALSE
part,TRUE
chapter,FALSE
section,FALSE
table,TRUE
article,TRUE
step,TRUE
article,TRUE
paragraph,FALSE
figure,FALSE
name,TRUE
age,FALSE
type,TRUE
age,FALSE
number,TRUE
name,TRUE
type,TRUE
preference,FALSE
category,FALSE
role,FALSE
nationality,FALSE
hour,TRUE
applicant,FALSE
director,FALSE
member,TRUE
driver,FALSE
entry,FALSE
resident,FALSE
candidate,FALSE
voter,FALSE
business,TRUE
these,FALSE
administrative,FALSE
service,TRUE
office,TRUE
system,TRUE
district,FALSE
network,FALSE
software,TRUE
computer,TRUE
public,FALSE
manager,FALSE
group,TRUE
unit,TRUE
officer,FALSE
committee,FALSE
assign,FALSE
appoint,FALSE
promote,FALSE
deploy,FALSE
relegate,FALSE
transfer,FALSE
move,TRUE
elevate,FALSE
classify,TRUE
restrict,FALSE
attach,FALSE
recruit,FALSE
elect,FALSE
reassign,FALSE
situation,FALSE
position,FALSE
entity,FALSE
order,TRUE
role,FALSE
authority,FALSE
area,TRUE
structure,TRUE
relative,FALSE
accord,TRUE
relate,TRUE
relate,TRUE
appropriate,FALSE
due,FALSE
specific,FALSE
pertain,FALSE
prior,FALSE
correspond,FALSE
relevant,FALSE
respective,FALSE
particular,FALSE
current,FALSE
individual,FALSE
main,FALSE
actual,FALSE
various,FALSE
primary,FALSE
administrative,FALSE
basic,FALSE
different,FALSE
research,TRUE
domain,FALSE
field,TRUE
jurisdiction,FALSE
capacity,FALSE
॥,FALSE
。,FALSE
they,FALSE
operation,TRUE
we,FALSE
service,TRUE
respond,FALSE
refer,FALSE
report,FALSE
belong,FALSE
contribute,FALSE
respond,FALSE
operate,TRUE
dedicate,FALSE
contribute,FALSE
commit,FALSE
participate,FALSE
report,FALSE
present,FALSE
follow,TRUE
core,FALSE
general,FALSE
military,FALSE
follow,TRUE
group,TRUE
standard,TRUE
section,FALSE
team,FALSE
area,TRUE
specification,FALSE
community,FALSE
language,FALSE
database,TRUE
point,TRUE
destination,FALSE
regulation,FALSE
region,FALSE
rule,FALSE
call,TRUE
base,TRUE
page,FALSE
manual,FALSE
guide,FALSE
window,FALSE
combine,FALSE
feature,TRUE
advance,FALSE
simple,FALSE
easy,FALSE
quick,FALSE
fast,FALSE
complex,FALSE
efficient,FALSE
rapid,FALSE
detail,FALSE
specialize,FALSE
extensive,FALSE
search,TRUE
application,TRUE
functionality,FALSE
activity,TRUE
operation,TRUE
manage,TRUE
handle,TRUE
implement,FALSE
initiate,FALSE
generate,FALSE
conduct,TRUE
access,TRUE
element,FALSE
part,TRUE
aspect,TRUE
level,TRUE
copy,FALSE
version,TRUE
attribute,FALSE
property,FALSE
content,TRUE
component,FALSE
value,FALSE
form,TRUE
underlie,FALSE
exist,FALSE
asset,FALSE
entire,FALSE
economic,FALSE
abstract,FALSE
external,FALSE
electronic,FALSE
ideal,FALSE
investment,FALSE
file,TRUE
document,FALSE
language,FALSE
dictionary,FALSE
record,FALSE
code,TRUE
format,FALSE
form,TRUE
edition,FALSE
script,FALSE
read,FALSE
include,TRUE
consider,FALSE
remove,FALSE
define,TRUE
delete,FALSE
omit,FALSE
search,TRUE
add,TRUE
identify,TRUE
specify,FALSE
change,TRUE
find,TRUE
no,FALSE
an,FALSE
if,FALSE
when,FALSE
another,FALSE
any,FALSE
one,FALSE
where,FALSE
your,FALSE
header,FALSE
ID,FALSE
content,TRUE
status,FALSE
size,FALSE
length,FALSE
zero,FALSE
unknown,FALSE
FALSE,FALSE
TRUE,FALSE
car,FALSE
point,TRUE
note,FALSE
fund,FALSE
item,FALSE
be,FALSE
player,FALSE
rank,FALSE
eligible,FALSE
hold,TRUE
seed,FALSE
certify,FALSE
release,TRUE
carry,FALSE
replace,FALSE
aged,FALSE
classification,FALSE
mathematic,FALSE
architecture,FALSE
also,FALSE
name,TRUE
system,FALSE
manager,FALSE
operator,FALSE
editor,FALSE
designer,FALSE
manager,FALSE
design,FALSE
library,FALSE
publishing,FALSE
operate,TRUE
reference,FALSE
production,TRUE
product,FALSE
Database,FALSE
technical,FALSE
in,FALSE
on,FALSE
over,FALSE
after,FALSE
during,FALSE
with,FALSE
within,FALSE
of,FALSE
day,TRUE
#,FALSE
week,TRUE
mw,FALSE
year,TRUE
#,FALSE
#,FALSE
unit,FALSE
km,FALSE
phase,FALSE
month,TRUE
average,FALSE
job,FALSE
span,FALSE
shift,FALSE
vacation,FALSE
wage,FALSE
term,TRUE
study,FALSE
ratio,FALSE
project,TRUE
2007,FALSE
2011,FALSE
2014,FALSE
2015,FALSE
2010,FALSE
2012,FALSE
2008,FALSE
day,TRUE
person,TRUE
employee,TRUE
person,TRUE
worker,FALSE
man,TRUE
week,FALSE
inhabitant,FALSE
per,FALSE
job,TRUE
minute,FALSE
line,FALSE
#,FALSE
m²,FALSE
#,FALSE
#,FALSE
#,FALSE
total,FALSE
whole,FALSE
12,FALSE
full,FALSE
display,FALSE
cd,FALSE
book,TRUE
#,FALSE
menu,FALSE
log,FALSE
#,FALSE
list,TRUE
show,TRUE
cover,TRUE
store,TRUE
change,TRUE
solution,FALSE
alternative,FALSE
fact,FALSE
step,TRUE
possibility,FALSE
advantage,FALSE
benefit,FALSE
curriculum,FALSE
instrument,FALSE
plan,FALSE
receive,FALSE
request,FALSE
produce,TRUE
collect,FALSE
achieve,FALSE
approve,FALSE
each,FALSE
first,FALSE
new,FALSE
my,FALSE
every,FALSE
second,FALSE
next,FALSE
#,FALSE
#,FALSE
#,FALSE
#,FALSE
#,FALSE
#,FALSE
#,FALSE
#,FALSE
check,FALSE
occur,TRUE
start,TRUE
update,TRUE
change,TRUE
call,TRUE
perform,TRUE
use,TRUE
begin,TRUE
take,TRUE
conduct,FALSE
make,TRUE
receive,FALSE
implement,FALSE
apply,TRUE
former,FALSE
principle,FALSE
also,FALSE
technique,FALSE
often,FALSE
concern,FALSE
permit,FALSE
add,TRUE
introduce,FALSE
apply,TRUE
transfer,TRUE
provide,TRUE
connect,FALSE
return,FALSE
convert,FALSE
link,TRUE
fit,FALSE
deliver,FALSE
identify,TRUE
give,TRUE
item,FALSE
inventory,FALSE
element,FALSE
piece,FALSE
component,FALSE
part,TRUE
quantity,FALSE
character,FALSE
market,FALSE
portfolio,FALSE
scheme,FALSE
he,FALSE
she,FALSE
†,FALSE
who,FALSE
appear,FALSE
exist,TRUE
occur,TRUE
include,TRUE
belong,FALSE
fit,FALSE
appear,FALSE
seem,TRUE
show,TRUE
appear,FALSE
genus,FALSE
note,TRUE
mean,TRUE
ensure,FALSE
except,FALSE
except,FALSE
so,FALSE
ranking,FALSE
code,TRUE
criterion,FALSE
statistic,FALSE
boundary,FALSE
position,FALSE
district,FALSE
rating,FALSE
class,FALSE
district,FALSE
division,FALSE
department,TRUE
region,FALSE
subdivision,FALSE
branch,FALSE
zone,FALSE
#,FALSE
administrator,FALSE
professional,FALSE
provider,FALSE
#,FALSE
vendor,FALSE
#,FALSE
#,FALSE
developer,FALSE
choose,TRUE
offer,TRUE
define,TRUE
apply,TRUE
create,TRUE
specify,TRUE
give,TRUE
take,TRUE
identify,TRUE
select,FALSE
issue,TRUE
kind,FALSE
set,TRUE
degree,FALSE
layer,FALSE
definition,FALSE
pattern,FALSE
method,TRUE
object,FALSE
program,TRUE
file,TRUE
allow,TRUE
enable,TRUE
require,TRUE
permit,FALSE
allow,TRUE
help,TRUE
ask,TRUE
let,TRUE
other,FALSE
client,TRUE
someone,FALSE
business,FALSE
retain,FALSE
make,TRUE
get,TRUE
become,TRUE
enjoy,FALSE
remain,TRUE
subset,FALSE
portion,FALSE
majority,FALSE
lot,FALSE
variety,FALSE
summary,FALSE
percentage,FALSE
share,TRUE
determine,FALSE
indicate,TRUE
legal,FALSE
well,FALSE
correct,FALSE
their,FALSE
#,FALSE
time,FALSE
end,TRUE
start,TRUE
stop,FALSE
start,TRUE
finish,FALSE
zero,FALSE
take,TRUE
tax,FALSE
use,TRUE
performance,FALSE
exchange,FALSE
error,TRUE
distribute,FALSE
failure,FALSE
message,TRUE
propagation,FALSE
loss,FALSE
message,TRUE
error,TRUE
word,TRUE
destroy,FALSE
erase,FALSE
lose,FALSE
save,FALSE
return,FALSE
power,FALSE
resource,FALSE
ability,FALSE
space,FALSE
memory,FALSE
flexibility,FALSE
bandwidth,FALSE
capability,FALSE
strength,FALSE
acquire,FALSE
purchase,TRUE
gain,FALSE
possess,FALSE
hold,TRUE
buy,TRUE
save,FALSE
version,TRUE
player,FALSE
rule,FALSE
mode,FALSE
class,FALSE
stage,FALSE
application,TRUE
license,FALSE
assign,FALSE
register,FALSE
obtain,TRUE
locate,FALSE
pick,FALSE
approve,FALSE
grant,TRUE
extend,FALSE
receive,FALSE
add,TRUE
award,FALSE
character,FALSE
assignment,FALSE
child,FALSE
class,FALSE
instal,FALSE
write,TRUE
store,TRUE
execute,FALSE
support,TRUE
embed,TRUE
license,FALSE
host,FALSE
platform,TRUE
window,FALSE
improvement,FALSE
effort,TRUE
attempt,TRUE
advance,FALSE
recommendation,FALSE
decision,FALSE
suggestion,FALSE
progress,FALSE
investment,FALSE
proposal,FALSE
amendment,FALSE
adjustment,FALSE
successful,FALSE
unsuccessful,FALSE
take,TRUE
succeed,FALSE
abandon,FALSE
accomplish,FALSE
limit,TRUE
undertake,FALSE
justify,FALSE
use,TRUE
incorporate,FALSE
employ,FALSE
understand,TRUE
define,TRUE
adopt,FALSE
utilize,FALSE
english,FALSE
scientific,FALSE
standard,FALSE
modern,FALSE
accounting,FALSE
french,FALSE
common,FALSE
german,FALSE
commercial,FALSE
academic,FALSE
terminology,TRUE
term,TRUE
document,FALSE
logic,FALSE
model,TRUE
concept,TRUE
process,TRUE
principle,FALSE
procedure,FALSE
programming,FALSE
assembly,FALSE
formal,FALSE
functional,FALSE
sign,TRUE
descriptive,FALSE
design,TRUE
guideline,FALSE
practice,FALSE
address,FALSE
explain,FALSE
describe,TRUE
document,TRUE
consider,TRUE
meet,FALSE
maintain,TRUE
discuss,FALSE
include,TRUE
state,TRUE
ignore,FALSE
product,TRUE
topic,FALSE
transaction,FALSE
activity,TRUE
industry,FALSE
context,FALSE
number,FALSE
code,FALSE
b,FALSE
index,FALSE
go,TRUE
now,FALSE
just,FALSE
you,FALSE
user,TRUE
always,FALSE
log,TRUE
log,TRUE
click,FALSE
comment,FALSE
comment,FALSE
link,FALSE
click,FALSE
click,FALSE
Wikipedia,FALSE
facebook,FALSE
Google,FALSE
portal,FALSE
server,TRUE
stack,FALSE
package,FALSE
map,FALSE
pile,FALSE
container,FALSE
volume,FALSE
matrix,FALSE
packet,FALSE
load,FALSE
sum,FALSE
drive,FALSE
design,TRUE
able,FALSE
useful,FALSE
need,TRUE
arrange,FALSE
expect,TRUE
build,FALSE
transport,FALSE
carry,FALSE
recover,FALSE
contain,TRUE
move,TRUE
transfer,TRUE
separate,FALSE
cover,FALSE
#,FALSE
#,FALSE
#,FALSE
start,TRUE
enter,TRUE
#,FALSE
type,TRUE
load,FALSE
testing,FALSE
mapping,FALSE
previous,FALSE
theory,FALSE
consider,TRUE
thing,TRUE
action,TRUE
action,TRUE
work,TRUE
cause,FALSE
predict,FALSE
induce,FALSE
see,TRUE
experience,TRUE
framework,FALSE
protocol,FALSE
its,FALSE
command,FALSE
command,FALSE
#,FALSE
sheet,FALSE
download,FALSE
update,TRUE
send,TRUE
open,TRUE
process,TRUE
share,TRUE
enter,TRUE
problem,TRUE
backup,FALSE
installation,FALSE
stadium,FALSE
contract,FALSE
deal,TRUE
extension,FALSE
car,FALSE
still,FALSE
currently,FALSE
always,FALSE
already,FALSE
within,FALSE
worth,FALSE
usually,FALSE
FCC,FALSE
court,FALSE
congressional,FALSE
regulatory,FALSE
Senate,FALSE
voter,FALSE
pende,FALSE
public,FALSE
committee,FALSE
council,FALSE
Commission,FALSE
government,TRUE
title,FALSE
category,FALSE
key,FALSE
example,TRUE
language,FALSE
suppose,FALSE
exactly,FALSE
operation,TRUE
parameter,FALSE
typical,FALSE
report,TRUE
involve,TRUE
kind,FALSE
amount,FALSE
sort,FALSE
sort,FALSE
series,FALSE
something,FALSE
idea,FALSE
situation,FALSE
anything,FALSE
online,FALSE
only,FALSE
overall,FALSE
additional,FALSE
historical,FALSE
#,FALSE
engine,FALSE
#,FALSE
result,TRUE
site,FALSE
#,FALSE
screen,FALSE
match,FALSE
incomplete,FALSE
show,TRUE
expect,FALSE
trust,FALSE
operate,TRUE
every,FALSE
device,TRUE
machine,FALSE
server,TRUE
hardware,TRUE
appliance,FALSE
module,FALSE
library,TRUE
network,FALSE
algorithm,FALSE
protocol,FALSE
perform,TRUE
represent,TRUE
control,TRUE
option,FALSE
head,TRUE
official,FALSE
leader,FALSE
head,TRUE
commander,FALSE
chief,FALSE
headquarter,FALSE
head,FALSE
comment,FALSE
note,FALSE
work,TRUE
info,FALSE
personal,FALSE
daily,FALSE
property,FALSE
home,FALSE
online,FALSE
diagram,FALSE
example,TRUE
explain,FALSE
demonstrate,FALSE
examine,FALSE
discuss,FALSE
explore,FALSE
generate,FALSE
produce,TRUE
build,FALSE
introduce,FALSE
develop,TRUE
deliver,FALSE
quality,FALSE
potential,FALSE
digital,FALSE
physical,FALSE
key,FALSE
performance,FALSE
division,FALSE
office,TRUE
city,FALSE
refer,FALSE
refer,TRUE
responsible,FALSE
equivalent,FALSE
belong,FALSE
condition,FALSE
most,FALSE
case,TRUE
test,TRUE
#,FALSE
#,FALSE
happen,TRUE
use,TRUE
come,TRUE
write,TRUE
rely,FALSE
focus,FALSE
act,TRUE
check,FALSE
put,FALSE
turn,FALSE
decide,FALSE
pass,TRUE
target,FALSE
keyboard,FALSE
variable,FALSE
word,FALSE
specie,FALSE
collection,FALSE
list,TRUE
application,TRUE
group,TRUE
many,FALSE
game,TRUE
route,FALSE
world,TRUE
map,FALSE
scenario,FALSE
ending,FALSE
card,FALSE
path,FALSE
publish,FALSE
follow,TRUE
file,TRUE
submit,FALSE
prepare,FALSE
result,TRUE
population,FALSE
energy,FALSE
internal,FALSE
buffer,FALSE
state,TRUE
local,FALSE
initial,FALSE
mean,FALSE
water,FALSE
may,FALSE
must,FALSE
would,FALSE
could,FALSE
shall,FALSE
might,FALSE
can,FALSE
differ,TRUE
vary,TRUE
state,TRUE
proceed,FALSE
subject,FALSE
lead,TRUE
correspond,FALSE
relate,TRUE
depend,FALSE
lead,TRUE
amount,TRUE
at,FALSE
from,FALSE
#,FALSE
favorite,FALSE
#,FALSE
capital,FALSE
property,FALSE
#,FALSE
#,FALSE
#,FALSE
#,FALSE
#,FALSE
#,FALSE
#,FALSE
#,FALSE
anything,FALSE
everything,FALSE
nothing,FALSE
anyone,FALSE
Germany,FALSE
India,FALSE
Japan,FALSE
China,FALSE
Pakistan,FALSE
Russia,FALSE
Switzerland,FALSE
Italy,FALSE
Romania,FALSE
Iran,FALSE
Greece,FALSE
ukraine,FALSE
France,FALSE
Canada,FALSE
Israel,FALSE
allow,TRUE
finance,FALSE
supervise,FALSE
regulate,FALSE
fund,TRUE
facilitate,FALSE
student,FALSE
interest,FALSE
international,FALSE
exit,FALSE
admission,FALSE
registration,FALSE
expert,FALSE
immigration,FALSE
that,FALSE
his,FALSE
#,FALSE
#,FALSE
#,FALSE
request,FALSE
need,TRUE
end,TRUE
help,TRUE
direct,FALSE
find,TRUE
active,FALSE
let,FALSE
#,FALSE
buy,FALSE
save,FALSE
search,FALSE
make,FALSE
draw,FALSE
pdf,FALSE
low,FALSE
parameter,FALSE
factor,FALSE
maximum,FALSE
large,FALSE
possible,FALSE
small,FALSE
minimum,FALSE
probability,FALSE
company,TRUE
plant,FALSE
unit,TRUE
bank,FALSE
store,TRUE
manage,TRUE
oversee,FALSE
vacant,FALSE
city,FALSE
municipal,FALSE
residential,FALSE
long,FALSE
dead,FALSE
last,FALSE
box,FALSE
#,FALSE
#,FALSE
#,FALSE
#,FALSE
#,FALSE
#,FALSE
#,FALSE
#,FALSE
#,FALSE
#,FALSE
#,FALSE
#,FALSE
#,FALSE
admission,FALSE
material,FALSE
thesis,FALSE
paper,FALSE
proposal,FALSE
grant,FALSE
answer,FALSE
accept,FALSE
sign,TRUE
hear,FALSE
#,FALSE
#,FALSE
#,FALSE
#,FALSE
board,FALSE
#,FALSE
#,FALSE
#,FALSE
#,FALSE
faculty,FALSE
#,FALSE
#,FALSE
board,FALSE
member,TRUE
president,FALSE
director,FALSE
leader,FALSE
representative,FALSE
coordinator,FALSE
chair,FALSE
secretary,FALSE
advisor,FALSE
member,FALSE
administrator,FALSE
principal,FALSE
another,FALSE
associate,FALSE
fellow,FALSE
non,FALSE
affiliate,FALSE
team,TRUE
association,FALSE
panel,FALSE
club,FALSE
originate,FALSE
arise,FALSE
come,TRUE
come,TRUE
originate,FALSE
derive,FALSE
stem,FALSE
exist,TRUE
education,FALSE
learn,FALSE
degree,FALSE
educational,FALSE
professional,FALSE
graduate,FALSE
honor,FALSE
preserve,FALSE
integrate,FALSE
secure,FALSE
structure,TRUE
strategy,FALSE
corridor,FALSE
plan,TRUE
mechanism,FALSE
facilitate,FALSE
prevent,FALSE
encourage,FALSE
predict,FALSE
promote,FALSE
accelerate,FALSE
development,FALSE
growth,FALSE
expansion,FALSE
construction,FALSE
acquisition,FALSE
plan,FALSE
storage,FALSE
deployment,FALSE
improvement,FALSE
improve,TRUE
future,FALSE
continue,TRUE
well,FALSE
increase,FALSE
ongoing,FALSE
enhance,TRUE
improve,FALSE
continuous,FALSE
sustainable,FALSE
continue,FALSE
global,FALSE
proper,FALSE
our,FALSE
current,FALSE
membership,FALSE
leadership,FALSE
architecture,FALSE
composition,FALSE
body,FALSE
history,FALSE
govern,FALSE
determine,FALSE
describe,TRUE
characterize,FALSE
represent,TRUE
illustrate,FALSE
form,TRUE
cover,FALSE
outline,FALSE
organize,FALSE
summarize,FALSE
university,FALSE
and,FALSE
world,TRUE
life,FALSE
face,FALSE
chief,FALSE
program,TRUE
general,FALSE
professor,FALSE
president,FALSE
student,FALSE
library,FALSE
provost,FALSE
President,FALSE
staff,FALSE
researcher,FALSE
responsibility,FALSE
expertise,FALSE
lead,FALSE
responsibility,FALSE
monopoly,FALSE
right,FALSE
input,FALSE
focus,FALSE
university,TRUE
product,TRUE
part,TRUE
material,FALSE
instrument,FALSE
weapon,FALSE
animal,FALSE
piece,FALSE
those,FALSE
book,TRUE
mark,FALSE
family,FALSE
category,FALSE
literature,FALSE
divide,FALSE
categorize,FALSE
sell,FALSE
group,TRUE
split,FALSE
#,FALSE
2013,FALSE
see,TRUE
2016,FALSE
2006,FALSE
2005,FALSE
2017,FALSE
way,TRUE
fact,FALSE
extent,FALSE
thing,FALSE
effect,TRUE
effect,TRUE
rating,FALSE
resource,FALSE
#,FALSE
#,FALSE
#,FALSE
education,TRUE
Institute,FALSE
school,FALSE
choose,TRUE
trial,FALSE
such,FALSE
#,FALSE
usage,FALSE
analysis,FALSE
support,FALSE
distribution,FALSE
method,FALSE
index,FALSE
#,FALSE
#,FALSE
address,FALSE
i,FALSE
while,FALSE
begin,TRUE
continue,TRUE
#,FALSE
up,FALSE
#,FALSE
answer,FALSE
original,FALSE
2004,FALSE
2003,FALSE
2009,FALSE
group,FALSE
#,FALSE
#,FALSE
#,FALSE
#,FALSE
#,FALSE
#,FALSE
operator,FALSE
representative,FALSE
engineer,FALSE
establish,FALSE
install,FALSE
open,TRUE
construct,FALSE
edit,FALSE
manipulate,FALSE
modify,FALSE
deploy,FALSE
multiple,FALSE
customer,TRUE
via,FALSE
impossible,FALSE
difficult,FALSE
mandatory,FALSE
optional,FALSE
unnecessary,FALSE
pass,FALSE
reach,FALSE
spend,FALSE
selfish,FALSE
violent,FALSE
past,FALSE
heroic,FALSE
bad,FALSE
reckless,FALSE
political,FALSE
recent,FALSE
evil,FALSE
foolish,FALSE
one,TRUE
problem,FALSE
self,FALSE
knowledge,FALSE
process,FALSE
value,FALSE
Model,FALSE
web,FALSE
student,FALSE
orient,FALSE
base,TRUE
invariant,FALSE
intensive,FALSE
center,FALSE
drive,FALSE
friendly,FALSE
operational,FALSE
project,TRUE
enterprise,FALSE
job,FALSE
server,TRUE
domain,FALSE
assignment,FALSE
duty,FALSE
hire,FALSE
contract,FALSE
select,FALSE
pay,FALSE
ask,TRUE
contact,FALSE
choose,TRUE
invite,FALSE
organisation,FALSE
individual,FALSE
basis,FALSE
whose,FALSE
without,FALSE
switch,FALSE
pass,TRUE
migrate,FALSE
differ,FALSE
go,TRUE
jump,FALSE
turn,FALSE
transition,FALSE
communicate,FALSE
trade,FALSE
community,FALSE
administration,FALSE
depend,TRUE
dependent,FALSE
independently,FALSE
license,FALSE
permission,FALSE
receiver,FALSE
player,FALSE
referee,FALSE
driver,FALSE
winner,FALSE
agent,FALSE
speaker,FALSE
caller,FALSE
owner,FALSE
teacher,FALSE
handle,TRUE
prepare,FALSE
criminal,FALSE
trial,FALSE
syntax,FALSE
grammar,FALSE
origin,FALSE
definition,FALSE
origin,FALSE
calculation,FALSE
test,TRUE
arithmetic,FALSE
cash,FALSE
register,FALSE
surplus,FALSE
stock,FALSE
ownership,FALSE
industrial,FALSE
#,FALSE
#,FALSE
#,FALSE
#,FALSE
asset,FALSE
subsidiary,FALSE
own,FALSE
associate,FALSE
single,FALSE
private,FALSE
foreign,FALSE
sub,FALSE
UK,FALSE
EU,FALSE
control,TRUE
either,FALSE
vehicle,FALSE
inspect,FALSE
retain,FALSE
protect,FALSE
maintain,TRUE
recognise,FALSE
state,FALSE
government,FALSE
iso,FALSE
bank,FALSE
other,FALSE
legal,FALSE
special,FALSE
_,FALSE
building,TRUE
find,TRUE
get,TRUE
imagine,FALSE
story,FALSE
theme,FALSE
style,FALSE
title,FALSE
personal,FALSE
local,FALSE
damage,FALSE
harm,FALSE
#,FALSE
search,TRUE
#,FALSE
#,FALSE
#,FALSE
#,FALSE
help,TRUE
automatically,FALSE
collect,FALSE
present,TRUE
privilege,FALSE
command,FALSE
app,FALSE
child,FALSE
party,FALSE
guest,FALSE
client,FALSE
judge,FALSE
citizen,FALSE
lawyer,FALSE
certificate,FALSE
letter,FALSE
denial,FALSE
acceptance,FALSE
rejection,FALSE
approval,TRUE
confusion,FALSE
argument,FALSE
violation,FALSE
abuse,FALSE
confirmation,FALSE
refusal,FALSE
disapproval,FALSE
authorization,FALSE
evaluation,FALSE
modification,FALSE
criticism,FALSE
validity,FALSE
patent,FALSE
propose,FALSE
account,FALSE
behavior,FALSE
meet,FALSE
detect,FALSE
verify,FALSE
upper,FALSE
reverse,FALSE
exact,FALSE
#,FALSE
case,TRUE
#,FALSE
d,FALSE
c,FALSE
ii,FALSE
IV,FALSE
tier,FALSE
tier,FALSE
division,FALSE
grade,FALSE
rank,FALSE
write,TRUE
create,TRUE
send,FALSE
write,TRUE
instruction,FALSE
letter,FALSE
statement,FALSE
sentence,FALSE
table,TRUE
chart,FALSE
edit,FALSE
animation,FALSE
everything,FALSE
event,FALSE
book,FALSE
chapter,FALSE
#,FALSE
#,FALSE
#,FALSE
#,FALSE
wish,TRUE
fail,TRUE
agree,TRUE
fail,TRUE
fail,TRUE
hear,FALSE
card,FALSE
source,TRUE
reference,FALSE
classification,FALSE
image,FALSE
characteristic,FALSE
description,FALSE
layout,FALSE
common,FALSE
free,FALSE
land,FALSE
good,FALSE
fair,FALSE
multiple,FALSE
safe,FALSE
single,FALSE
drug,FALSE
limit,FALSE
serve,FALSE
remain,FALSE
die,FALSE
influence,FALSE
lecture,FALSE
stay,FALSE
teach,FALSE
browser,FALSE
page,TRUE
download,FALSE
view,TRUE
anyone,FALSE
platform,FALSE
os,FALSE
technology,FALSE
computer,TRUE
environment,FALSE
format,FALSE
#,FALSE
purchase,TRUE
buy,TRUE
find,TRUE
identify,TRUE
develop,TRUE
introduce,FALSE
order,TRUE
build,TRUE
want,FALSE
#,FALSE
#,FALSE
sms,FALSE
interactive,FALSE
audio,FALSE
animate,FALSE
automate,FALSE
instant,FALSE
incoming,FALSE
empty,FALSE
correction,FALSE
signal,FALSE
mark,FALSE
vector,FALSE
score,FALSE