version,TRUE
game,TRUE
download,TRUE
edition,FALSE
stream,FALSE
auction,FALSE
guide,TRUE
release,TRUE
preview,FALSE
service,TRUE
newsletter,FALSE
poll,FALSE
tour,FALSE
review,TRUE
app,TRUE
make,TRUE
also,FALSE
make,TRUE
make,TRUE
freely,FALSE
readily,FALSE
make,TRUE
currently,FALSE
later,FALSE
become,TRUE
become,TRUE
become,TRUE
available,FALSE
find,TRUE
multi,FALSE
dual,FALSE
sub,TRUE
single,FALSE
mini,FALSE
double,FALSE
multi,FALSE
cross,FALSE
three,FALSE
glass,FALSE
split,FALSE
back,TRUE
window,TRUE
micro,FALSE
side,TRUE
manager,TRUE
map,TRUE
plan,TRUE
set,TRUE
center,TRUE
base,TRUE
lock,FALSE
card,TRUE
pack,FALSE
tool,TRUE
list,TRUE
generator,TRUE
set,TRUE
user,TRUE
possible,FALSE
application,TRUE
operate,TRUE
four,FALSE
major,FALSE
future,FALSE
operational,FALSE
potential,FALSE
training,TRUE
work,TRUE
#,FALSE
area,TRUE
environment,TRUE
application,TRUE
level,TRUE
setting,TRUE
location,TRUE
room,FALSE
mode,TRUE
configuration,TRUE
package,TRUE
system,TRUE
model,TRUE
class,TRUE
bay,FALSE
allow,TRUE
provide,TRUE
enable,TRUE
give,TRUE
facilitate,TRUE
ensure,TRUE
offer,TRUE
gain,TRUE
permit,TRUE
encourage,TRUE
get,TRUE
promote,TRUE
guarantee,FALSE
support,TRUE
access,TRUE
access,TRUE
exposure,TRUE
introduction,TRUE
input,TRUE
link,TRUE
response,TRUE
transition,TRUE
reference,TRUE
entry,TRUE
transfer,TRUE
connection,TRUE
connection,TRUE
conversion,TRUE
navigation,FALSE
line,TRUE
site,TRUE
premise,TRUE
demand,TRUE
time,TRUE
system,TRUE
go,TRUE
screen,TRUE
end,TRUE
job,TRUE
board,TRUE
task,TRUE
call,TRUE
go,TRUE
task,TRUE
datum,TRUE
information,TRUE
resource,TRUE
option,TRUE
result,TRUE
solution,TRUE
work,TRUE
scheduling,FALSE
knowledge,TRUE
tool,TRUE
service,TRUE
process,TRUE
step,TRUE
generation,TRUE
door,FALSE
level,TRUE
day,TRUE
stop,TRUE
stage,TRUE
step,TRUE
item,TRUE
party,TRUE
move,TRUE
management,TRUE
example,TRUE
example,TRUE
graph,FALSE
image,TRUE
value,TRUE
model,TRUE
figure,TRUE
image,TRUE
graph,FALSE
analysis,TRUE
calculation,TRUE
#,FALSE
#,FALSE
factor,TRUE
series,TRUE
frame,FALSE
take,TRUE
difference,TRUE
#,FALSE
give,TRUE
scale,TRUE
table,TRUE
use,TRUE
code,TRUE
take,TRUE
take,TRUE
take,TRUE
take,TRUE
take,TRUE
play,TRUE
carry,TRUE
bring,TRUE
hold,TRUE
bear,TRUE
assume,TRUE
account,TRUE
consideration,TRUE
measure,TRUE
view,TRUE
account,TRUE
question,TRUE
perspective,TRUE
mind,TRUE
law,TRUE
part,TRUE
detail,TRUE
interpretation,TRUE
note,TRUE
context,TRUE
transmission,TRUE
run,TRUE
run,FALSE
arrival,FALSE
processing,TRUE
pass,TRUE
real,FALSE
travel,TRUE
flow,TRUE
propagation,FALSE
actual,FALSE
transit,TRUE
#,FALSE
#,FALSE
#,FALSE
rate,TRUE
time,TRUE
speed,TRUE
rate,TRUE
frequency,TRUE
#,FALSE
#,FALSE
#,FALSE
cost,TRUE
cost,TRUE
network,TRUE
satellite,FALSE
bus,TRUE
spacecraft,FALSE
signal,TRUE
aircraft,FALSE
cable,TRUE
vehicle,TRUE
device,TRUE
signal,TRUE
payload,FALSE
message,TRUE
ship,FALSE
communication,TRUE
transport,TRUE
computer,TRUE
social,FALSE
communication,TRUE
neural,FALSE
wireless,FALSE
radio,FALSE
cellular,FALSE
telecommunication,FALSE
digital,FALSE
sensor,TRUE
network,TRUE
device,TRUE
program,TRUE
method,TRUE
interface,TRUE
platform,TRUE
function,TRUE
technology,TRUE
electronic,FALSE
interactive,FALSE
intelligent,FALSE
external,FALSE
interface,TRUE
additional,FALSE
autonomous,FALSE
analog,TRUE
entertainment,FALSE
auxiliary,FALSE
animate,FALSE
optional,FALSE
optical,FALSE
keyboard,TRUE
mechanism,TRUE
controller,TRUE
unit,TRUE
object,TRUE
machine,TRUE
mouse,TRUE
button,TRUE
function,TRUE
pad,TRUE
stick,TRUE
monitor,TRUE
microphone,FALSE
remote,TRUE
camera,TRUE
cpu,TRUE
flashlight,FALSE
pen,TRUE
piano,FALSE
compass,FALSE
use,TRUE
press,TRUE
manipulate,TRUE
push,TRUE
operate,TRUE
control,TRUE
click,TRUE
turn,TRUE
touch,TRUE
draw,TRUE
tap,TRUE
punch,TRUE
rotate,TRUE
flip,TRUE
key,TRUE
finger,TRUE
string,FALSE
pencil,FALSE
dial,FALSE
lever,FALSE
knob,FALSE
display,TRUE
scroll,FALSE
disc,FALSE
switch,TRUE
interact,TRUE
communicate,TRUE
connect,TRUE
coordinate,TRUE
assist,TRUE
interfere,FALSE
help,TRUE
speak,TRUE
contact,TRUE
interact,TRUE
environment,TRUE
',FALSE
define,TRUE
state,TRUE
describe,TRUE
explain,TRUE
amend,FALSE
specify,TRUE
provide,TRUE
mention,TRUE
detail,TRUE
record,TRUE
require,TRUE
express,TRUE
indicate,TRUE
list,TRUE
section,TRUE
chapter,TRUE
┬з,FALSE
section,FALSE
Act,FALSE
part,FALSE
table,FALSE
list,FALSE
volume,TRUE
order,TRUE
index,FALSE
recommend,TRUE
important,FALSE
essential,FALSE
necessary,FALSE
vital,FALSE
mandatory,FALSE
suggest,TRUE
crucial,FALSE
critical,FALSE
common,FALSE
intend,TRUE
request,TRUE
expect,FALSE
student,TRUE
participant,TRUE
candidate,FALSE
driver,TRUE
team,TRUE
section,TRUE
member,TRUE
player,TRUE
vehicle,TRUE
coach,FALSE
train,FALSE
group,TRUE
director,FALSE
car,TRUE
user,TRUE
follow,TRUE
enjoy,TRUE
read,TRUE
skip,TRUE
complete,TRUE
enter,TRUE
finish,TRUE
leave,TRUE
continue,TRUE
start,TRUE
begin,TRUE
one,FALSE
main,FALSE
original,FALSE
previous,FALSE
initial,FALSE
last,FALSE
top,FALSE
follow,TRUE
next,FALSE
entire,FALSE
read,TRUE
final,FALSE
page,TRUE
chapter,TRUE
portion,TRUE
page,TRUE
immediately,FALSE
process,TRUE
chapter,TRUE
text,TRUE
note,TRUE
move,TRUE
continue,TRUE
proceed,FALSE
switch,TRUE
head,TRUE
branch,TRUE
log,TRUE
drop,TRUE
expand,TRUE
exit,TRUE
transfer,TRUE
enter,TRUE
turn,TRUE
website,TRUE
version,TRUE
mode,TRUE
channel,FALSE
path,TRUE
method,TRUE
option,TRUE
target,TRUE
route,FALSE
location,TRUE
color,TRUE
player,TRUE
change,TRUE
scheme,TRUE
correction,TRUE
shift,FALSE
selection,TRUE
choice,TRUE
range,TRUE
match,TRUE
#,FALSE
adjustment,FALSE
require,TRUE
indicate,TRUE
sense,TRUE
use,TRUE
recognize,TRUE
assume,TRUE
determine,TRUE
control,TRUE
allow,TRUE
ensure,TRUE
involve,TRUE
suggest,TRUE
assistance,TRUE
aid,TRUE
presence,TRUE
addition,TRUE
usage,TRUE
intervention,TRUE
absence,TRUE
participation,FALSE
installation,TRUE
power,TRUE
hand,TRUE
laser,TRUE
forward,FALSE
directional,FALSE
different,FALSE
specific,FALSE
simple,FALSE
central,FALSE
sharp,FALSE
special,FALSE
mechanical,FALSE
track,TRUE
graphic,TRUE
monitor,TRUE
render,TRUE
detection,TRUE
design,TRUE
software,TRUE
graphical,FALSE
human,FALSE
web,TRUE
programming,TRUE
visual,FALSE
robot,FALSE
program,TRUE
desktop,TRUE
experience,TRUE
interaction,TRUE
behavior,TRUE
action,TRUE
profile,TRUE
configuration,TRUE
present,TRUE
display,TRUE
write,TRUE
represent,TRUE
show,TRUE
publish,TRUE
render,TRUE
print,TRUE
reproduce,FALSE
create,TRUE
graphic,FALSE
standard,FALSE
API,FALSE
ID,FALSE
#,FALSE
call,TRUE
use,TRUE
name,TRUE
accord,TRUE
due,FALSE
similar,FALSE
change,TRUE
prior,FALSE
accord,TRUE
subject,FALSE
due,FALSE
response,TRUE
reference,TRUE
refer,TRUE
key,FALSE
solution,TRUE
similarly,FALSE
state,TRUE
state,TRUE
provincial,FALSE
state,FALSE
international,FALSE
local,FALSE
federal,FALSE
national,FALSE
industry,TRUE
EU,FALSE
regional,FALSE
government,TRUE
country,TRUE
ontario,FALSE
canadian,FALSE
law,TRUE
regulation,TRUE
legislation,TRUE
policy,TRUE
policy,TRUE
rule,TRUE
standard,TRUE
guideline,TRUE
regulation,TRUE
statute,FALSE
decision,TRUE
requirement,TRUE
practice,TRUE
restriction,TRUE
regard,TRUE
govern,FALSE
concern,TRUE
regulate,FALSE
limit,TRUE
require,TRUE
ban,FALSE
affect,TRUE
commercial,FALSE
safe,FALSE
widespread,FALSE
recreational,FALSE
retail,FALSE
continue,TRUE
increase,TRUE
authorize,FALSE
safety,TRUE
production,TRUE
manufacture,TRUE
manufacture,TRUE
ownership,FALSE
sale,TRUE
consumption,FALSE
handle,TRUE
license,TRUE
petroleum,FALSE
alcohol,FALSE
oil,FALSE
food,FALSE
paper,TRUE
cannabis,FALSE
bio,FALSE
water,FALSE
ethanol,FALSE
plant,FALSE
carbon,FALSE
tobacco,FALSE
silicon,FALSE
energy,FALSE
base,TRUE
relate,TRUE
like,FALSE
compatible,FALSE
enable,TRUE
orient,TRUE
operate,TRUE
drive,TRUE
style,TRUE
assist,TRUE
less,FALSE
type,TRUE
computer,TRUE
keyboard,TRUE
game,TRUE
technology,TRUE
instrument,TRUE
machine,TRUE
product,TRUE
feature,TRUE
article,TRUE
allow,TRUE
enable,TRUE
add,TRUE
add,TRUE
include,TRUE
need,TRUE
include,TRUE
web,TRUE
default,TRUE
dedicate,FALSE
browser,TRUE
mobile,FALSE
java,FALSE
window,FALSE
custom,TRUE
native,FALSE
video,TRUE
new,FALSE
server,TRUE
portal,FALSE
#,FALSE
#,FALSE
engine,TRUE
address,TRUE
client,TRUE
install,TRUE
open,TRUE
write,TRUE
deliver,TRUE
product,TRUE
project,TRUE
platform,TRUE
tablet,TRUE
company,TRUE
processor,TRUE
menu,TRUE
cloud,TRUE
mesh,FALSE
aware,FALSE
friendly,FALSE
center,TRUE
focus,TRUE
map,TRUE
generate,TRUE
command,TRUE
business,TRUE
design,TRUE
capability,TRUE
layout,TRUE
editor,TRUE
viewer,TRUE
improve,TRUE
improve,FALSE
improve,TRUE
increase,TRUE
well,FALSE
great,FALSE
maximum,FALSE
enhance,FALSE
manage,TRUE
increase,TRUE
performance,TRUE
productivity,FALSE
functionality,TRUE
flexibility,TRUE
memory,TRUE
automation,FALSE
integration,TRUE
efficiency,TRUE
storage,TRUE
collaboration,TRUE
fast,FALSE
quick,FALSE
fast,FALSE
quick,FALSE
attention,TRUE
high,FALSE
development,TRUE
maintenance,TRUE
build,TRUE
#,FALSE
work,TRUE
design,FALSE
studio,FALSE
system,FALSE
studio,FALSE
product,FALSE
#,FALSE
company,FALSE
factory,FALSE
gallery,FALSE
shop,FALSE
#,FALSE
#,FALSE
management,FALSE
feel,TRUE
remain,TRUE
stay,TRUE
keep,TRUE
grow,TRUE
come,TRUE
look,TRUE
sound,TRUE
act,TRUE
appear,TRUE
need,TRUE
create,TRUE
add,TRUE
require,TRUE
introduce,TRUE
develop,TRUE
want,TRUE
find,TRUE
maintain,TRUE
learn,TRUE
upgrade,TRUE
purchase,TRUE
implement,TRUE
understand,TRUE
buy,TRUE
fix,TRUE
portfolio,FALSE
kit,TRUE
facility,TRUE
collection,TRUE
solution,TRUE
allow,TRUE
include,TRUE
enable,TRUE
easy,FALSE
provide,TRUE
upgrade,TRUE
change,TRUE
improvement,TRUE
update,TRUE
feedback,FALSE
connectivity,TRUE
color,TRUE
brand,TRUE
design,TRUE
camera,TRUE
colour,TRUE
print,TRUE
style,FALSE
property,TRUE
feature,TRUE
medium,TRUE
paint,TRUE
equipment,TRUE
paint,TRUE
technique,TRUE
class,TRUE
district,FALSE
division,FALSE
region,FALSE
group,TRUE
order,TRUE
area,TRUE
category,TRUE
zone,FALSE
classification,TRUE
subfamily,FALSE
school,TRUE
compose,TRUE
form,TRUE
capable,FALSE
assign,TRUE
free,FALSE
comprise,TRUE
people,TRUE
department,TRUE
part,TRUE
current,FALSE
propose,TRUE
late,FALSE
result,TRUE
3d,FALSE
Microsoft,FALSE
upcoming,FALSE
implement,TRUE
do,TRUE
execute,TRUE
perform,TRUE
deliver,TRUE
build,TRUE
integrate,TRUE
incorporate,TRUE
apply,TRUE
host,TRUE
source,TRUE
hardware,TRUE
customer,TRUE
transmitter,FALSE
driver,TRUE
receiver,FALSE
server,FALSE
developer,TRUE
server,TRUE
agent,FALSE
format,TRUE
protection,TRUE
liability,FALSE
transparency,TRUE
independence,FALSE
distribution,TRUE
recognition,TRUE
disclosure,TRUE
loss,TRUE
acquisition,TRUE
mean,TRUE
denial,FALSE
manipulation,TRUE
assurance,FALSE
security,TRUE
colour,TRUE
shade,TRUE
color,FALSE
effect,TRUE
pattern,TRUE
surface,TRUE
element,TRUE
character,TRUE
diagram,FALSE
filter,TRUE
representation,TRUE
search,TRUE
small,FALSE
direct,FALSE
smart,FALSE
dynamic,FALSE
fork,FALSE
#,FALSE
edge,TRUE
arrow,FALSE
offer,TRUE
support,TRUE
perform,TRUE
texture,FALSE
panel,TRUE
preference,TRUE
comparison,TRUE
allocation,FALSE
filter,TRUE
mapping,TRUE
optimization,FALSE
prediction,FALSE
search,TRUE
identification,TRUE
neighbor,FALSE
approximation,FALSE
approach,TRUE
obtain,TRUE
search,TRUE
estimate,TRUE
count,FALSE
extraction,FALSE
reveal,TRUE
show,TRUE
represent,TRUE
permission,FALSE
cooperation,FALSE
completion,FALSE
close,FALSE
near,FALSE
well,FALSE
correspond,TRUE
right,FALSE
appropriate,FALSE
close,FALSE
correct,FALSE
tree,TRUE
database,TRUE
link,TRUE
transformation,TRUE
#,FALSE
#,FALSE
learn,TRUE
personal,FALSE
life,TRUE
live,TRUE
drive,TRUE
save,TRUE
support,TRUE
creation,TRUE
case,TRUE
instance,TRUE
circumstance,FALSE
situation,TRUE
scenario,FALSE
case,TRUE
aspect,TRUE
respect,TRUE
way,TRUE
direction,FALSE
event,TRUE
administrator,TRUE
achieve,TRUE
perform,TRUE
attempt,TRUE
reach,TRUE
undergo,FALSE
receive,TRUE
recovery,TRUE
testing,TRUE
recall,FALSE
encryption,FALSE
implementation,TRUE
playback,FALSE
compliance,TRUE
audit,FALSE
report,TRUE
return,TRUE
restore,FALSE
reduce,TRUE
remove,TRUE
send,TRUE
assign,TRUE
transmit,TRUE
report,TRUE
save,TRUE
apply,TRUE
everything,FALSE
content,TRUE
progress,TRUE
rely,TRUE
comment,TRUE
impact,FALSE
inform,TRUE
check,TRUE
pressure,FALSE
spy,FALSE
cheat,FALSE
comment,TRUE
consequence,FALSE
consulting,FALSE
focus,TRUE
error,TRUE
underlie,FALSE
color,FALSE
file,TRUE
tag,TRUE
space,TRUE
algorithm,FALSE
automatically,FALSE
cause,TRUE
help,TRUE
command,TRUE
force,TRUE
full,FALSE
whole,FALSE
sample,TRUE
sample,TRUE
synthesis,FALSE
sample,TRUE
utility,TRUE
name,TRUE
language,TRUE
algorithm,TRUE
component,TRUE
know,TRUE
solve,TRUE
use,TRUE
development,TRUE
creation,TRUE
introduction,TRUE
integration,TRUE
discovery,FALSE
launch,TRUE
release,TRUE
testing,TRUE
performance,TRUE
user,TRUE
maintenance,TRUE
selection,TRUE
encourage,TRUE
permit,TRUE
invite,FALSE
lead,TRUE
encourage,TRUE
employee,TRUE
customer,TRUE
developer,TRUE
staff,TRUE
company,TRUE
employer,TRUE
worker,TRUE
business,TRUE
engineer,TRUE
manager,TRUE
utilize,TRUE
see,TRUE
visit,TRUE
modify,TRUE
explore,TRUE
share,TRUE
form,TRUE
vicinity,FALSE
build,TRUE
atmosphere,TRUE
privacy,FALSE
brand,TRUE
consumer,TRUE
client,TRUE
vendor,TRUE
site,TRUE
subscriber,FALSE
provider,TRUE
website,TRUE
deploy,TRUE
test,TRUE
surrounding,FALSE
sense,TRUE
manner,TRUE
framework,TRUE
way,TRUE
contexts,FALSE
typical,FALSE
traditional,FALSE
secure,FALSE
popular,FALSE
large,FALSE
regular,FALSE
private,FALSE
arrangement,TRUE
plan,TRUE
agreement,FALSE
arrangement,TRUE
structure,TRUE
place,TRUE
operation,TRUE
force,TRUE
motion,FALSE
#,FALSE
action,TRUE
phase,TRUE
existence,FALSE
half,TRUE
quarter,FALSE
week,TRUE
month,TRUE
year,TRUE
weekend,FALSE
Monday,FALSE
semester,FALSE
half,TRUE
round,FALSE
Friday,FALSE
give,TRUE
leave,TRUE
grant,TRUE
permit,TRUE
deny,FALSE
give,TRUE
cut,TRUE
retailer,FALSE
buyer,FALSE
store,TRUE
manufacturer,TRUE
supplier,FALSE
bank,TRUE
creditor,FALSE
collector,FALSE
opportunity,TRUE
ability,TRUE
chance,FALSE
possibility,FALSE
freedom,TRUE
easy,FALSE
adjust,TRUE
adapt,TRUE
agree,TRUE
respond,TRUE
react,FALSE
convert,TRUE
commit,TRUE
schedule,FALSE
market,TRUE
situation,FALSE
afford,TRUE
replace,TRUE
pay,TRUE
renew,TRUE
sell,TRUE
accept,TRUE
finish,FALSE
exist,TRUE
cheap,FALSE
new,FALSE
desire,TRUE
unit,TRUE
car,TRUE
instruction,TRUE
rule,TRUE
parameter,TRUE
skill,TRUE
result,TRUE
problem,TRUE
bundle,FALSE
however,FALSE
module,TRUE
layer,TRUE
simplify,FALSE
physical,FALSE
partial,FALSE
symbolic,FALSE
functional,FALSE
generic,FALSE
virtual,FALSE
extension,TRUE
variant,TRUE
subset,TRUE
variation,FALSE
adaptation,FALSE
evolution,FALSE
stand,TRUE
stand,FALSE
stand,TRUE
stand,TRUE
stand,TRUE
sit,TRUE
let,TRUE
die,TRUE
drop,TRUE
library,TRUE
art,TRUE
primary,FALSE
sole,FALSE
begin,TRUE
start,TRUE
originally,FALSE
continue,TRUE
still,FALSE
develop,TRUE
produce,TRUE
license,TRUE
manufacture,TRUE
release,TRUE
supply,TRUE
sell,TRUE
market,TRUE
efficient,FALSE
reliable,FALSE
influential,FALSE
flexible,FALSE
sensitive,FALSE
useful,FALSE
visible,FALSE
study,TRUE
trust,TRUE
package,TRUE
architecture,TRUE
ready,FALSE
approve,FALSE
retain,TRUE
maintain,TRUE
accept,TRUE
valid,FALSE
certify,FALSE
suitable,FALSE
consider,TRUE
protect,TRUE
execution,TRUE
Linux,FALSE
deployment,FALSE
dos,FALSE
component,TRUE
protocol,TRUE
principle,TRUE
condition,FALSE
mechanism,TRUE
logic,TRUE
parameter,TRUE
procedure,TRUE
outline,TRUE
discuss,TRUE
contain,TRUE
document,TRUE
cover,TRUE
specification,TRUE
contract,FALSE
document,TRUE
statement,TRUE
patent,TRUE
draft,TRUE
remain,TRUE
become,TRUE
laptop,TRUE
home,TRUE
terminal,TRUE
node,TRUE
portable,FALSE
peripheral,FALSE
multimedia,FALSE
port,FALSE
bar,FALSE
upwards,FALSE
resolution,FALSE
resolution,FALSE
capacity,TRUE
speed,TRUE
output,TRUE
power,TRUE
color,TRUE
#,FALSE
paint,TRUE
#,FALSE
brush,FALSE
value,TRUE
number,TRUE
distance,TRUE
ask,TRUE
tell,TRUE
direct,TRUE
artist,FALSE
designer,TRUE
photographer,FALSE
operator,FALSE
manufacturer,TRUE
select,TRUE
choose,TRUE
compare,TRUE
match,TRUE
generate,TRUE
specify,TRUE
pair,TRUE
combination,TRUE
sequence,TRUE
array,TRUE
cluster,FALSE
pool,TRUE
up,FALSE
dot,TRUE
call,TRUE
#,FALSE
neighbor,FALSE
spot,FALSE
object,TRUE
match,TRUE
brush,FALSE
enough,FALSE
determine,TRUE
obtain,TRUE
identify,TRUE
calculate,TRUE
produce,TRUE
represent,TRUE
establish,TRUE
certain,FALSE
particular,FALSE
random,FALSE
fix,TRUE
unique,FALSE
high,FALSE
#,FALSE
size,TRUE
point,TRUE
quality,TRUE
culminate,FALSE
end,TRUE
usually,FALSE
store,TRUE
typically,FALSE
reflect,TRUE
even,FALSE
place,TRUE
separate,FALSE
large,FALSE
photo,TRUE
help,TRUE
support,TRUE
information,TRUE
service,TRUE
assistance,TRUE
software,TRUE
service,TRUE
more,FALSE
application,TRUE
resource,TRUE
training,TRUE
care,TRUE
datum,TRUE
project,TRUE
easily,FALSE
publicly,FALSE
fully,FALSE
widely,FALSE
directly,FALSE
generally,FALSE
commercially,FALSE
form,TRUE
shape,TRUE
course,TRUE
premise,TRUE
disk,TRUE
request,TRUE
#,FALSE
chip,TRUE
file,TRUE
documentation,TRUE
document,TRUE
comment,TRUE
download,TRUE
report,TRUE
script,FALSE
ios,FALSE
online,FALSE
directory,FALSE
cite,TRUE
reference,TRUE
insert,FALSE
book,TRUE
journal,FALSE
manual,FALSE
sentence,FALSE
title,FALSE
provide,TRUE
offer,TRUE
create,TRUE
position,TRUE
individual,TRUE
professional,TRUE
expose,FALSE
accustom,FALSE
limit,TRUE
attract,FALSE
restrict,FALSE
susceptible,FALSE
listen,FALSE
prone,FALSE
blind,FALSE
deaf,FALSE
get,TRUE
gain,TRUE
find,TRUE
key,TRUE
button,TRUE
#,FALSE
#,FALSE
#,FALSE
plant,FALSE
#,FALSE
#,FALSE
consider,TRUE
think,TRUE
find,TRUE
discover,TRUE
hear,TRUE
imagine,FALSE
consult,FALSE
examine,FALSE
check,TRUE
list,TRUE
type,TRUE
source,TRUE
content,TRUE
archive,FALSE
publication,TRUE
article,TRUE
activity,TRUE
topic,FALSE
issue,TRUE
item,TRUE
reference,TRUE
material,TRUE
relevant,FALSE
relate,TRUE
contribute,TRUE
pertain,FALSE
link,TRUE
contribute,TRUE
submit,TRUE
connect,TRUE
devote,FALSE
belong,FALSE
associate,TRUE
event,TRUE
matter,FALSE
publication,TRUE
note,TRUE
precede,FALSE
history,TRUE
paragraph,FALSE
note,TRUE
page,FALSE
nature,TRUE
popularity,FALSE
complexity,TRUE
simplicity,TRUE
price,TRUE
success,TRUE
limitation,FALSE
age,TRUE
availability,TRUE
material,TRUE
info,FALSE
artwork,FALSE
inventory,FALSE
paperwork,FALSE
keep,TRUE
collect,TRUE
hold,TRUE
gather,FALSE
leave,TRUE
deposit,FALSE
front,FALSE
possession,FALSE
copy,TRUE
printer,TRUE
domain,TRUE
record,TRUE
#,FALSE
record,TRUE
property,TRUE
consist,TRUE
regardless,FALSE
consist,TRUE
independent,FALSE
instead,FALSE
courtesy,FALSE
devoid,FALSE
consist,TRUE
consist,TRUE
many,FALSE
characteristic,FALSE
number,TRUE
pattern,TRUE
label,TRUE
size,TRUE
index,TRUE
numerical,FALSE
attribute,TRUE
volume,TRUE
detail,TRUE
combination,TRUE
name,TRUE
scheme,TRUE
description,TRUE
attribute,TRUE
choice,TRUE
recover,FALSE
retrieve,TRUE
lose,FALSE
copy,TRUE
forget,FALSE
erase,TRUE
identify,TRUE
access,TRUE
alter,FALSE
discover,TRUE
correct,TRUE
change,TRUE
verify,FALSE
check,TRUE
hide,FALSE
accessible,FALSE
preserve,FALSE
track,TRUE
professional,FALSE
expert,FALSE
automate,FALSE
it,FALSE
#,FALSE
#,FALSE
#,FALSE
public,FALSE
modern,FALSE
internal,FALSE
general,FALSE
student,TRUE
formal,FALSE
procedure,TRUE
office,TRUE
authority,TRUE
department,TRUE
print,TRUE
chart,TRUE
description,TRUE
background,FALSE
geographic,FALSE
technical,FALSE
spatial,FALSE
placement,TRUE
need,TRUE
element,TRUE
submission,FALSE
plan,TRUE
field,TRUE
research,TRUE
committee,FALSE
concept,TRUE
study,TRUE
study,TRUE
test,TRUE
survey,FALSE
survey,FALSE
conduct,TRUE
#,FALSE
host,TRUE
commission,FALSE
lead,TRUE
undertake,FALSE
lab,FALSE
associate,FALSE
technology,FALSE
corporation,FALSE
lab,FALSE
project,FALSE
group,FALSE
architect,FALSE
technology,FALSE
university,FALSE
define,TRUE
explain,TRUE
outline,TRUE
confirm,FALSE
describe,TRUE
overall,FALSE
basic,FALSE
core,FALSE
conceptual,FALSE
architectural,FALSE
specification,TRUE
dimension,FALSE
status,FALSE
capability,TRUE
station,TRUE
airport,FALSE
city,FALSE
audience,FALSE
other,FALSE
guest,FALSE
public,FALSE
stage,FALSE
special,FALSE
production,FALSE
ensemble,FALSE
producer,FALSE
director,FALSE
technical,FALSE
press,FALSE
video,FALSE
ii,FALSE
latter,FALSE
ABC,FALSE
iphone,FALSE
walk,FALSE
put,TRUE
proprietary,FALSE
#,FALSE
patent,TRUE
compatibility,FALSE
lock,FALSE
modular,FALSE
subscription,FALSE
theme,FALSE
choose,TRUE
track,TRUE
prevent,TRUE
handle,TRUE
insertion,FALSE
inclusion,FALSE
translation,TRUE
incorporation,FALSE
load,TRUE
import,FALSE
modification,TRUE
system,FALSE
library,FALSE
board,FALSE
xml,FALSE
wide,FALSE
say,TRUE
include,TRUE
contain,TRUE
incorporate,TRUE
employ,TRUE
presentation,TRUE
branding,FALSE
styling,FALSE
link,TRUE
template,FALSE
convince,FALSE
panel,FALSE
set,TRUE
designer,TRUE
publisher,FALSE
edit,TRUE
enhance,TRUE
logo,FALSE
internet,TRUE
internet,TRUE
broadband,TRUE
ip,FALSE
email,FALSE
often,FALSE
topology,FALSE
commonly,FALSE
essentially,FALSE
protocol,TRUE
comprise,FALSE
describe,TRUE
define,TRUE
relationship,TRUE
cell,TRUE
bank,FALSE
centralize,FALSE
nearby,FALSE
global,FALSE
enterprise,TRUE
natural,FALSE
consumer,TRUE
#,FALSE
#,FALSE
#,FALSE
year,TRUE
generation,TRUE
term,TRUE
registration,FALSE
Europe,FALSE
Japan,FALSE
know,TRUE
remain,TRUE
official,FALSE
active,FALSE
function,FALSE
building,FALSE
one,TRUE
structure,TRUE
bridge,FALSE
station,TRUE
school,TRUE
instance,TRUE
convenience,FALSE
contrast,TRUE
clarity,FALSE
illustration,FALSE
short,FALSE
framework,FALSE
session,TRUE
activity,TRUE
traffic,FALSE
behaviour,FALSE
send,TRUE
transfer,TRUE
allocate,FALSE
distribute,TRUE
transmit,TRUE
pass,TRUE
feed,FALSE
chat,FALSE
locate,FALSE
person,TRUE
marketing,TRUE
senior,FALSE
team,TRUE
leader,FALSE
director,TRUE
coordinator,FALSE
leader,FALSE
render,TRUE
believe,TRUE
regard,TRUE
idea,TRUE
concept,TRUE
skill,TRUE
date,TRUE
meet,TRUE
execute,TRUE
effectively,FALSE
positively,FALSE
accurately,FALSE
ultimately,FALSE
clearly,FALSE
significantly,FALSE
therefore,FALSE
influence,TRUE
inform,TRUE
reflect,TRUE
affect,TRUE
drive,TRUE
innovation,FALSE
pricing,FALSE
strategy,TRUE
engineering,TRUE
strategic,FALSE
decision,TRUE
measure,TRUE
improvement,TRUE
measurement,TRUE
assessment,TRUE
estimate,TRUE
indicator,FALSE
evaluation,FALSE
assessment,TRUE
community,TRUE
economic,FALSE
delivery,FALSE
construction,TRUE
researcher,TRUE
study,TRUE
they,FALSE
scientist,TRUE
some,FALSE
critic,FALSE
other,TRUE
doctor,FALSE
we,FALSE
scholar,FALSE
review,TRUE
many,FALSE
research,TRUE
physician,FALSE
demonstrate,TRUE
conclude,TRUE
report,TRUE
observe,FALSE
argue,TRUE
determine,TRUE
estimate,TRUE
say,TRUE
repetitive,FALSE
frequent,FALSE
slow,FALSE
constant,FALSE
excessive,FALSE
persistent,FALSE
rapid,FALSE
continuous,FALSE
intensive,FALSE
prolong,FALSE
repeat,FALSE
unnecessary,FALSE
systematic,FALSE
costly,FALSE
failure,FALSE
repetition,FALSE
re,FALSE
pre,FALSE
self,TRUE
post,FALSE
over,FALSE
self,TRUE
in,FALSE
inter,FALSE
free,FALSE
sub,TRUE
safe,FALSE
quick,FALSE
air,FALSE
mining,FALSE
record,TRUE
gather,FALSE
mining,FALSE
share,TRUE
compression,FALSE
capture,FALSE
edit,TRUE
measurement,TRUE
analysis,FALSE
point,FALSE
memory,FALSE
lead,TRUE
contribute,TRUE
amount,TRUE
contribute,TRUE
translate,TRUE
amount,TRUE
correspond,TRUE
point,TRUE
lead,TRUE
respond,TRUE
amount,TRUE
problem,TRUE
error,TRUE
failure,TRUE
confusion,FALSE
extinction,FALSE
death,FALSE
cancer,FALSE
disease,FALSE
convergence,FALSE
disaster,FALSE
poverty,FALSE
child,FALSE
patient,FALSE
community,TRUE
two,FALSE
band,FALSE
song,FALSE
character,TRUE
book,TRUE
piece,FALSE
exist,TRUE
serve,TRUE
function,TRUE
work,TRUE
serve,TRUE
act,TRUE
meet,TRUE
meet,TRUE
cover,TRUE
support,TRUE
contain,TRUE
address,TRUE
follow,TRUE
fulfil,FALSE
accept,TRUE
satisfy,TRUE
regulatory,FALSE
applicable,FALSE
highway,FALSE
expressway,FALSE
road,FALSE
bridge,FALSE
dam,FALSE
proposal,FALSE
white,FALSE
search,FALSE
confirm,FALSE
check,TRUE
maintain,TRUE
automatic,FALSE
translator,FALSE
interpreter,FALSE
translate,TRUE
translation,TRUE
2012,FALSE
2017,FALSE
2009,FALSE
2013,FALSE
2016,FALSE
2015,FALSE
2010,FALSE
2008,FALSE
2011,FALSE
2007,FALSE
2014,FALSE
idea,TRUE
vision,FALSE
challenge,FALSE
challenge,TRUE
basis,TRUE
foundation,FALSE
sale,TRUE
magnitude,FALSE
fact,TRUE
sight,FALSE
effort,TRUE
campaign,FALSE
initiative,FALSE
ensure,TRUE
assure,TRUE
demonstrate,TRUE
verify,FALSE
show,TRUE
prove,TRUE
recognize,TRUE
emphasize,FALSE
indicate,TRUE
supplier,FALSE
firm,FALSE
owner,FALSE
competitor,FALSE
organization,TRUE
employer,TRUE
family,FALSE
whose,FALSE
#,FALSE
shop,TRUE
agency,TRUE
bring,TRUE
consistency,TRUE
integrity,TRUE
continuity,TRUE
stability,FALSE
reliability,TRUE
accuracy,TRUE
balance,FALSE
strength,FALSE
precision,FALSE
authenticity,FALSE
effectiveness,TRUE
relevance,FALSE
sustainability,FALSE
journey,FALSE
commitment,FALSE
product,TRUE
term,TRUE
word,TRUE
category,TRUE
verb,FALSE
definition,TRUE
criterion,FALSE
language,TRUE
understand,TRUE
realize,TRUE
establish,TRUE
translate,TRUE
justify,FALSE
word,TRUE
letter,FALSE
conclude,FALSE
realize,TRUE
show,TRUE
observe,FALSE
exactly,FALSE
precisely,FALSE
somehow,FALSE
either,FALSE
dot,TRUE
vertex,FALSE
edge,TRUE
light,TRUE
coordinate,TRUE
grid,FALSE
vector,FALSE
chain,FALSE
hierarchy,FALSE
yield,FALSE
reveal,TRUE
assignment,FALSE
adjacent,FALSE
opposite,FALSE
neighboring,FALSE
symbol,FALSE
purpose,TRUE
sake,FALSE
purpose,TRUE
goal,TRUE
ease,TRUE
objective,TRUE
duration,FALSE
majority,FALSE
optimal,FALSE
quantum,FALSE
introduce,TRUE
offer,TRUE
launch,TRUE
receive,TRUE
difficulty,FALSE
fee,FALSE
request,TRUE
profile,TRUE
forum,FALSE
channel,FALSE
opportunity,FALSE
add,TRUE
connect,TRUE
convert,TRUE
register,TRUE
handle,TRUE
send,TRUE
receive,TRUE
generate,TRUE
answer,FALSE
perform,TRUE
expression,FALSE
message,TRUE
note,FALSE
name,FALSE
program,FALSE
number,FALSE
question,FALSE
code,FALSE
report,FALSE
outside,FALSE
independently,FALSE
extension,TRUE
representative,FALSE
office,TRUE
font,FALSE
os,FALSE
TRUE,FALSE
completely,FALSE
conventional,FALSE
lead,TRUE
hd,FALSE
pc,TRUE
level,TRUE
version,TRUE
form,TRUE
phase,TRUE
type,TRUE
class,TRUE
figure,TRUE
tier,FALSE
mode,FALSE
rank,FALSE
rank,TRUE
tier,FALSE
priority,FALSE
pay,TRUE
rank,FALSE
rate,TRUE
degree,TRUE
entity,FALSE
officer,FALSE
member,TRUE
privilege,FALSE
update,TRUE
#,FALSE
copy,TRUE
manage,TRUE
operation,TRUE
join,TRUE
entity,FALSE
see,TRUE
the,FALSE
a,FALSE
new,FALSE
no,FALSE
serial,FALSE
high,FALSE
digit,FALSE
#,FALSE
indicator,FALSE
symbol,FALSE
notation,FALSE
variety,FALSE
similar,FALSE
point,FALSE
editor,FALSE
employ,TRUE
utilize,TRUE
helpful,FALSE
instal,TRUE
depth,FALSE
selection,TRUE
select,TRUE
choose,TRUE
change,TRUE
display,TRUE
combine,TRUE
compare,TRUE
mix,TRUE
create,TRUE
draw,TRUE
design,TRUE
apply,TRUE
for,FALSE
give,TRUE
consider,TRUE
on,FALSE
if,FALSE
place,TRUE
select,TRUE
vertex,FALSE
cell,TRUE
line,TRUE
star,FALSE
node,TRUE
atom,FALSE
square,TRUE
particle,FALSE
boundary,FALSE
wavelength,FALSE
booklet,FALSE
write,TRUE
introduce,TRUE
review,TRUE
research,TRUE
present,TRUE
overview,TRUE
summary,FALSE
definition,TRUE
discussion,FALSE
explanation,FALSE
understand,TRUE
coverage,FALSE
story,FALSE
novel,FALSE
serve,TRUE
act,TRUE
double,FALSE
serve,TRUE
appear,TRUE
work,TRUE
come,TRUE
operate,TRUE
companion,FALSE
supplement,FALSE
complement,FALSE
preface,FALSE
precursor,FALSE
continuation,FALSE
conclusion,FALSE
sequel,FALSE
library,TRUE
issue,TRUE
problem,TRUE
example,TRUE
evidence,FALSE
element,TRUE
effect,TRUE
area,TRUE
principle,TRUE
model,TRUE
test,TRUE
result,TRUE
computational,FALSE
mathematical,FALSE
statistical,FALSE
behavioral,FALSE
political,FALSE
evolutionary,FALSE
semantic,FALSE
may,FALSE
could,FALSE
must,FALSE
relative,FALSE
sensitivity,FALSE
refer,TRUE
relate,TRUE
we,FALSE
focus,TRUE
prominence,FALSE
pass,TRUE
rest,TRUE
respect,TRUE
regard,TRUE
relation,TRUE
approach,TRUE
position,TRUE
depiction,FALSE
dna,FALSE
tissue,FALSE
blood,FALSE
select,TRUE
cue,FALSE
display,TRUE
field,TRUE
macintosh,FALSE
apple,FALSE
IBM,FALSE
adobe,FALSE
smart,FALSE
universal,FALSE
Digital,FALSE
Google,FALSE
advanced,FALSE
super,FALSE
open,FALSE
mobile,FALSE
code,TRUE
technique,TRUE
Suite,FALSE
suite,FALSE
platform,FALSE
android,FALSE
residential,FALSE
corporate,FALSE
employee,TRUE
industrial,FALSE
tonne,FALSE
ton,FALSE
mile,FALSE
pound,FALSE
bird,FALSE
foot,FALSE
inhabitant,FALSE
speaker,FALSE
dollar,FALSE
km,FALSE
passenger,FALSE
specie,FALSE
instruction,TRUE
compute,FALSE
auto,FALSE
pre,TRUE
stream,FALSE
exchange,TRUE
view,TRUE
location,FALSE
camera,FALSE
command,FALSE
point,TRUE
control,FALSE
touch,FALSE
flash,FALSE
terminal,FALSE
drawing,FALSE
another,FALSE
issue,TRUE
administrative,FALSE
tax,FALSE
taxation,FALSE
historical,FALSE
educational,FALSE
geographical,FALSE
conservation,FALSE
b,FALSE
c,FALSE
d,FALSE
integrate,TRUE
compete,FALSE
combine,TRUE
cooperate,FALSE
collaborate,FALSE
partner,FALSE
merge,FALSE
mix,TRUE
overlap,FALSE
database,TRUE
photographic,FALSE
garbage,FALSE
dust,FALSE
heat,FALSE
ink,TRUE
trash,FALSE
encode,FALSE
preservation,FALSE
various,FALSE
raw,FALSE
individual,FALSE
paint,TRUE
resource,TRUE
module,TRUE
monitor,TRUE
body,FALSE
personnel,FALSE
office,TRUE
agency,TRUE
organization,TRUE
body,FALSE
committee,FALSE
able,FALSE
present,FALSE
involve,TRUE
engage,TRUE
permit,TRUE
hire,TRUE
appoint,FALSE
collect,TRUE
analyze,TRUE
daily,FALSE
ongoing,FALSE
annual,FALSE
monthly,FALSE
routine,FALSE
removal,FALSE
#,FALSE
disposal,FALSE
knowledge,TRUE
study,TRUE
none,FALSE
all,FALSE
each,FALSE
application,TRUE
one,FALSE
any,FALSE
regardless,FALSE
infrastructure,TRUE
environmental,FALSE
price,TRUE
recommendation,FALSE
cause,TRUE
raise,TRUE
bring,TRUE
reveal,TRUE
significant,FALSE
legal,FALSE
ethical,FALSE
serious,FALSE
concern,TRUE
issue,TRUE
claim,TRUE
question,TRUE
challenge,TRUE
conclusion,FALSE
court,TRUE
рее,FALSE
#,FALSE
#,FALSE
letter,FALSE
noun,FALSE
clause,FALSE
expression,FALSE
dictionary,FALSE
alphabet,FALSE
vocabulary,FALSE
highlight,FALSE
#,FALSE
variable,FALSE
treatment,FALSE
#,FALSE
block,FALSE
#,FALSE
program,TRUE
activate,FALSE
instruct,FALSE
sign,TRUE
mark,TRUE
store,TRUE
exit,FALSE
answer,TRUE
number,FALSE
phone,TRUE
telephone,FALSE
plate,FALSE
[,FALSE
process,TRUE
compact,FALSE
exceed,TRUE
fit,FALSE
reach,TRUE
pass,TRUE
set,TRUE
meet,TRUE
exceed,TRUE
implement,TRUE
combine,TRUE
extend,TRUE
replace,TRUE
reflect,TRUE
exceed,TRUE
beyond,FALSE
goal,TRUE
lay,TRUE
point,TRUE
spell,TRUE
lay,TRUE
cut,TRUE
ground,TRUE
schedule,FALSE
article,FALSE
step,FALSE
rule,FALSE
obsolete,FALSE
controversial,FALSE
redundant,FALSE
acceptable,FALSE
authoritative,FALSE
legitimate,FALSE
sustainable,FALSE
illegal,FALSE
historian,FALSE
scholar,FALSE
expert,TRUE
enthusiast,FALSE
folk,FALSE
scientist,TRUE
researcher,TRUE
author,FALSE
organisation,TRUE
authority,TRUE
hope,TRUE
#,FALSE
harbor,FALSE
label,FALSE
alternative,FALSE
cover,TRUE
art,TRUE
cause,TRUE
foundation,FALSE
factor,TRUE
thing,FALSE
consideration,TRUE
month,TRUE
reason,TRUE
variable,FALSE
day,TRUE
minute,FALSE
week,TRUE
fact,TRUE
surround,FALSE
govern,FALSE
effort,TRUE
interest,TRUE
chance,FALSE
scope,TRUE
consider,TRUE
develop,TRUE
seek,TRUE
determine,TRUE
discuss,TRUE
explore,TRUE
identify,TRUE
propose,TRUE
decide,FALSE
replacement,FALSE
aspect,TRUE
branch,TRUE
depend,TRUE
rely,TRUE
reside,FALSE
suit,FALSE
carry,TRUE
compulsory,FALSE
effective,FALSE
textbook,FALSE
manuscript,FALSE
prepare,FALSE
adoption,FALSE
architect,FALSE
educator,FALSE
teacher,FALSE
volunteer,FALSE
officer,FALSE
land,FALSE
house,FALSE
island,FALSE
park,FALSE
suggest,TRUE
argue,TRUE
recommend,TRUE
practical,FALSE
reasonable,FALSE
rational,FALSE
logical,FALSE
direction,FALSE
scenario,FALSE
emphasis,FALSE
think,TRUE
importance,FALSE
care,TRUE
precedence,FALSE
credit,FALSE
responsibility,TRUE
confine,FALSE
attach,FALSE
tie,TRUE
extend,TRUE
attribute,TRUE
notion,FALSE
illustrate,FALSE
see,TRUE
equation,FALSE
formula,FALSE
scheme,FALSE
right,TRUE
limit,TRUE
constraint,FALSE
exception,FALSE
barrier,FALSE
belong,FALSE
register,FALSE
bandwidth,FALSE
statistic,FALSE
address,TRUE
enforce,FALSE
negotiate,FALSE
impose,FALSE
resolve,FALSE
handle,TRUE
moment,FALSE
minimum,FALSE
begin,TRUE
workplace,FALSE
guarantee,FALSE
deliver,TRUE
distinction,FALSE
determination,FALSE
assumption,FALSE
claim,TRUE
prediction,FALSE
extent,FALSE
length,FALSE
diversity,FALSE
capacity,FALSE
source,TRUE
name,TRUE
file,TRUE
switch,TRUE
commit,TRUE
upload,FALSE
portion,TRUE
hybrid,FALSE
guide,FALSE
engine,FALSE
Manual,FALSE
machine,FALSE
Controller,FALSE
edge,FALSE
manager,FALSE
model,TRUE
simulation,FALSE
lighting,FALSE
len,FALSE
electronic,TRUE
proof,FALSE
movement,TRUE
#,FALSE
patch,FALSE
owner,FALSE
operator,FALSE
maker,FALSE
administrator,TRUE
builder,FALSE
#,FALSE
editor,TRUE
kit,TRUE
teach,TRUE
among,FALSE
around,FALSE
#,FALSE
random,FALSE
multiple,FALSE
additional,FALSE
far,FALSE
direct,FALSE
these,FALSE
regular,FALSE
future,FALSE
difference,TRUE
comparison,TRUE
format,TRUE
shape,FALSE
acquire,FALSE
own,FALSE
manage,TRUE
complete,TRUE
accomplish,FALSE
shift,TRUE
interval,FALSE
frame,FALSE
stage,TRUE
burst,FALSE
session,TRUE
fly,FALSE
#,FALSE
prefer,FALSE
discovery,FALSE
rating,FALSE
box,FALSE
publish,TRUE
picture,FALSE
percentage,FALSE
photograph,FALSE
fraction,FALSE
lot,FALSE
utilize,TRUE
compilation,FALSE
#,FALSE
incoming,FALSE
route,TRUE
map,TRUE
filter,TRUE
view,TRUE
scan,FALSE
picture,FALSE
photo,TRUE
photograph,FALSE
other,TRUE
it,FALSE
he,FALSE
she,FALSE
this,FALSE
EPA,FALSE
FDA,FALSE
Congress,FALSE
Brown,FALSE
who,FALSE
smith,FALSE
demand,TRUE
propose,TRUE
insist,FALSE
demand,TRUE
mandate,FALSE
insist,FALSE
examination,FALSE
approval,FALSE
inspection,FALSE
investigation,FALSE
revision,FALSE
preparation,FALSE
license,TRUE
certification,FALSE
packaging,FALSE
initiate,FALSE
order,TRUE
begin,TRUE
announcement,FALSE
demonstration,FALSE
launch,TRUE
acceptance,FALSE
trademark,FALSE
world,TRUE
UK,FALSE
except,FALSE
except,FALSE
as,FALSE
only,FALSE
use,TRUE
typically,FALSE
usually,FALSE
run,TRUE
depend,TRUE
rely,TRUE
focus,TRUE
exist,TRUE
reside,FALSE
feed,FALSE
photography,FALSE
video,TRUE
figure,TRUE
image,FALSE
simple,FALSE
paradigm,FALSE
would,FALSE
might,FALSE
can,FALSE
shall,FALSE
distribute,TRUE
load,TRUE
download,TRUE
console,FALSE
host,TRUE
manage,TRUE
return,TRUE
drive,TRUE
open,TRUE
mission,FALSE
classroom,FALSE
minimize,FALSE
eliminate,FALSE
low,FALSE
upper,FALSE
raise,TRUE
middle,FALSE
linear,FALSE
normal,FALSE
happy,FALSE
bless,FALSE
there,FALSE
alive,FALSE
apply,TRUE
relate,TRUE
contrast,TRUE
happen,FALSE
compare,TRUE
virus,FALSE
terminal,TRUE
cluster,FALSE
consume,FALSE
pace,FALSE
period,FALSE
instant,FALSE
update,TRUE
retrieve,TRUE
alter,FALSE
red,FALSE
yellow,FALSE
black,FALSE
orange,FALSE
blue,FALSE
binary,FALSE
#,FALSE
#,FALSE
#,FALSE
#,FALSE
share,TRUE
exchange,TRUE
keep,TRUE
depend,TRUE
#,FALSE
#,FALSE
#,FALSE
accelerate,FALSE
expansion,FALSE
benefit,FALSE
chart,TRUE
calendar,FALSE
folder,FALSE
marker,FALSE
every,FALSE
purchase,TRUE
store,TRUE
unused,FALSE
unavailable,FALSE
sufficient,FALSE
desirable,FALSE
security,TRUE
quality,TRUE
speed,TRUE
safety,TRUE
risk,TRUE
value,TRUE
power,TRUE
process,TRUE
budget,FALSE
risk,TRUE
extend,TRUE
image,TRUE
statistic,FALSE
text,FALSE
those,FALSE
detect,TRUE
capture,TRUE
achieve,TRUE
target,TRUE
deploy,TRUE