source,TRUE
interview,TRUE
source,TRUE
from,FALSE
in,FALSE
episode,TRUE
note,TRUE
source,TRUE
director,TRUE
editor,TRUE
theme,TRUE
see,TRUE
com,FALSE
author,TRUE
note,TRUE
tv,TRUE
an,FALSE
BBC,FALSE
the,FALSE
radio,TRUE
personal,FALSE
youtube,FALSE
radio,TRUE
live,FALSE
live,FALSE
video,TRUE
video,TRUE
first,FALSE
manager,FALSE
service,FALSE
assistant,FALSE
profile,FALSE
staff,FALSE
name,FALSE
club,FALSE
agent,FALSE
standard,FALSE
high,FALSE
key,FALSE
system,TRUE
a,FALSE
general,FALSE
zero,FALSE
second,FALSE
main,FALSE
b,FALSE
requirement,TRUE
ii,FALSE
one,FALSE
10,FALSE
standard,TRUE
Act,FALSE
document,TRUE
software,TRUE
instrument,TRUE
project,TRUE
program,TRUE
iso,TRUE
specification,TRUE
Commission,FALSE
agreement,TRUE
system,TRUE
agreement,FALSE
patent,FALSE
contract,TRUE
find,TRUE
provide,TRUE
use,TRUE
determine,TRUE
consider,TRUE
create,TRUE
include,TRUE
set,TRUE
take,TRUE
database,TRUE
reference,TRUE
function,TRUE
constant,FALSE
table,TRUE
to,FALSE
computer,TRUE
metric,FALSE
mean,TRUE
tool,TRUE
formula,FALSE
towards,FALSE
around,FALSE
toward,FALSE
within,FALSE
use,TRUE
datum,TRUE
communication,TRUE
application,TRUE
information,TRUE
communication,TRUE
service,TRUE
purpose,TRUE
read,TRUE
language,TRUE
reason,TRUE
research,TRUE
language,TRUE
[,FALSE
2014,FALSE
series,TRUE
chinese,FALSE
original,FALSE
historical,FALSE
official,FALSE
self,FALSE
last,FALSE
new,FALSE
operational,FALSE
maximum,FALSE
initial,FALSE
task,FALSE
Model,FALSE
final,FALSE
set,FALSE
c,TRUE
management,FALSE
level,TRUE
model,TRUE
test,TRUE
report,TRUE
device,TRUE
module,TRUE
framework,TRUE
scope,TRUE
allow,TRUE
enable,TRUE
require,TRUE
permit,TRUE
help,TRUE
assist,TRUE
allow,TRUE
encourage,TRUE
direct,TRUE
ask,TRUE
order,TRUE
employ,TRUE
force,TRUE
enable,TRUE
support,TRUE
user,TRUE
player,TRUE
one,FALSE
developer,TRUE
user,TRUE
participant,TRUE
operator,TRUE
people,TRUE
we,FALSE
customer,TRUE
team,TRUE
driver,TRUE
identify,TRUE
analyze,TRUE
evaluate,TRUE
predict,TRUE
assess,TRUE
compare,TRUE
design,TRUE
calculate,TRUE
understand,TRUE
estimate,TRUE
define,TRUE
event,TRUE
scenario,TRUE
problem,TRUE
risk,TRUE
situation,TRUE
variable,TRUE
result,TRUE
issue,TRUE
case,TRUE
action,TRUE
activity,TRUE
factor,TRUE
process,TRUE
along,FALSE
together,FALSE
compare,TRUE
associate,TRUE
simultaneously,FALSE
concurrently,FALSE
consistent,FALSE
combine,TRUE
couple,FALSE
align,TRUE
integrate,TRUE
compatible,FALSE
contrast,TRUE
target,TRUE
incident,FALSE
operation,TRUE
scenario,TRUE
policy,TRUE
plan,TRUE
strategy,TRUE
goal,TRUE
concept,TRUE
development,TRUE
business,TRUE
implementation,TRUE
static,FALSE
product,TRUE
goal,FALSE
objective,TRUE
target,TRUE
goal,TRUE
aim,TRUE
plan,TRUE
goal,FALSE
objective,TRUE
target,FALSE
point,FALSE
plan,FALSE
framework,FALSE
point,TRUE
describe,TRUE
cover,TRUE
include,TRUE
involve,TRUE
define,TRUE
encompasse,FALSE
concern,TRUE
consider,TRUE
represent,TRUE
identify,TRUE
reflect,TRUE
address,TRUE
support,TRUE
performance,TRUE
end,TRUE
value,TRUE
quality,TRUE
priority,TRUE
risk,TRUE
tech,FALSE
impact,TRUE
cost,TRUE
volume,FALSE
profile,TRUE
technology,TRUE
efficiency,TRUE
speed,TRUE
usage,TRUE
public,FALSE
management,TRUE
government,TRUE
industry,TRUE
consumption,FALSE
environmental,FALSE
need,TRUE
priority,TRUE
behavior,TRUE
characteristic,TRUE
policy,TRUE
service,FALSE
strategic,FALSE
business,TRUE
product,TRUE
performance,TRUE
strategy,FALSE
practice,FALSE
technical,FALSE
planning,TRUE
program,FALSE
market,TRUE
design,TRUE
mission,TRUE
also,FALSE
statement,TRUE
vision,FALSE
well,FALSE
indicate,TRUE
incorporate,TRUE
express,TRUE
contain,TRUE
highlight,FALSE
future,FALSE
specific,FALSE
new,FALSE
alternative,FALSE
enterprise,TRUE
different,FALSE
strategic,FALSE
economic,FALSE
change,TRUE
particular,FALSE
change,TRUE
#,FALSE
pattern,TRUE
policy,TRUE
strategy,TRUE
level,TRUE
trend,FALSE
change,TRUE
practice,TRUE
plan,TRUE
area,TRUE
environment,TRUE
solution,TRUE
opportunity,TRUE
condition,TRUE
threat,TRUE
appearance,FALSE
introduction,TRUE
guest,TRUE
driver,FALSE
edition,FALSE
guy,FALSE
information,FALSE
alternative,FALSE
company,TRUE
service,TRUE
organization,TRUE
secretary,FALSE
board,FALSE
bill,FALSE
authority,FALSE
possess,TRUE
retain,TRUE
contain,TRUE
lack,TRUE
maintain,TRUE
offer,TRUE
ensure,TRUE
ability,TRUE
capability,TRUE
opportunity,TRUE
option,TRUE
power,TRUE
time,TRUE
possibility,TRUE
capacity,TRUE
flexibility,TRUE
resource,TRUE
facility,TRUE
mechanism,TRUE
facility,TRUE
achieve,TRUE
meet,TRUE
accomplish,TRUE
implement,TRUE
fulfill,FALSE
reach,TRUE
address,TRUE
satisfy,FALSE
attain,FALSE
execute,TRUE
match,TRUE
exceed,FALSE
serve,TRUE
exist,TRUE
overall,FALSE
individual,FALSE
operational,FALSE
additional,FALSE
optimization,FALSE
input,TRUE
achievement,FALSE
action,TRUE
initial,FALSE
optional,FALSE
website,TRUE
record,TRUE
version,TRUE
application,TRUE
article,TRUE
page,TRUE
section,TRUE
paragraph,FALSE
entry,TRUE
list,TRUE
box,TRUE
item,TRUE
column,TRUE
citation,FALSE
link,TRUE
list,TRUE
constitute,TRUE
lack,TRUE
provide,TRUE
detail,TRUE
show,TRUE
present,TRUE
comprise,TRUE
collect,TRUE
material,TRUE
article,TRUE
source,TRUE
reference,TRUE
word,TRUE
text,TRUE
title,TRUE
content,TRUE
photograph,FALSE
item,TRUE
method,TRUE
document,TRUE
make,TRUE
find,TRUE
use,TRUE
include,TRUE
give,TRUE
reference,TRUE
contain,TRUE
cite,TRUE
elsewhere,FALSE
publish,TRUE
place,TRUE
provide,TRUE
reproduce,FALSE
chapter,TRUE
edition,TRUE
book,TRUE
category,TRUE
software,TRUE
example,TRUE
application,TRUE
type,TRUE
language,TRUE
require,TRUE
involve,TRUE
imply,FALSE
permit,TRUE
involve,TRUE
suggest,TRUE
identify,TRUE
define,TRUE
choose,TRUE
examine,TRUE
evaluate,TRUE
create,TRUE
analyze,TRUE
compare,TRUE
select,TRUE
collect,TRUE
check,TRUE
determine,TRUE
review,TRUE
privacy,TRUE
either,FALSE
whether,FALSE
personal,FALSE
include,TRUE
protect,TRUE
relate,TRUE
protection,TRUE
sensitive,FALSE
base,TRUE
orient,TRUE
relevant,FALSE
protect,TRUE
enable,TRUE
control,TRUE
guideline,TRUE
rule,TRUE
statement,TRUE
point,TRUE
applicant,FALSE
client,TRUE
consumer,TRUE
customer,TRUE
person,TRUE
recipient,FALSE
subject,TRUE
owner,TRUE
country,TRUE
private,FALSE
social,FALSE
sexual,FALSE
security,TRUE
online,TRUE
political,FALSE
code,TRUE
right,TRUE
record,TRUE
history,FALSE
standard,TRUE
remove,TRUE
obtain,TRUE
learn,TRUE
take,TRUE
separate,TRUE
draw,TRUE
get,TRUE
keep,TRUE
appropriate,FALSE
access,TRUE
compliance,TRUE
disclosure,TRUE
necessary,FALSE
copyright,FALSE
encryption,FALSE
follow,TRUE
applicable,FALSE
respective,FALSE
knowledge,TRUE
value,TRUE
benefit,TRUE
message,TRUE
feature,TRUE
2015,FALSE
official,FALSE
shop,FALSE
group,FALSE
shop,TRUE
team,FALSE
#,FALSE
success,FALSE
criterion,TRUE
decision,TRUE
contribution,FALSE
purpose,TRUE
requirement,TRUE
result,TRUE
task,TRUE
problem,TRUE
element,TRUE
aspect,TRUE
example,TRUE
evaluation,TRUE
outcome,TRUE
instance,TRUE
idea,TRUE
improvement,FALSE
attribute,TRUE
understand,TRUE
extension,FALSE
work,TRUE
activity,TRUE
group,TRUE
consideration,TRUE
investigation,TRUE
author,TRUE
agent,TRUE
director,TRUE
manager,TRUE
entity,TRUE
employee,TRUE
architect,FALSE
programmer,TRUE
supplier,TRUE
provider,TRUE
center,TRUE
head,FALSE
sum,FALSE
product,TRUE
something,FALSE
money,TRUE
fund,FALSE
firm,TRUE
organisation,TRUE
agency,TRUE
vendor,TRUE
perform,TRUE
supply,TRUE
deliver,TRUE
produce,TRUE
receive,TRUE
offer,TRUE
create,TRUE
finance,FALSE
solution,TRUE
good,TRUE
maintenance,TRUE
assistance,FALSE
each,FALSE
this,FALSE
its,FALSE
station,TRUE
their,FALSE
library,TRUE
x,FALSE
impose,TRUE
set,TRUE
issue,TRUE
put,TRUE
recommend,TRUE
introduce,TRUE
introduce,TRUE
put,TRUE
limit,TRUE
restriction,TRUE
focus,TRUE
limitation,FALSE
limit,TRUE
criterion,TRUE
access,FALSE
exposure,FALSE
listen,FALSE
right,TRUE
respond,FALSE
contribute,TRUE
stick,FALSE
add,TRUE
request,TRUE
relate,TRUE
visitor,TRUE
type,TRUE
kind,TRUE
piece,TRUE
form,TRUE
kind,TRUE
type,TRUE
sort,TRUE
category,TRUE
bit,TRUE
aspect,TRUE
sort,TRUE
room,TRUE
equipment,TRUE
food,FALSE
space,TRUE
computer,TRUE
entertainment,FALSE
medium,FALSE
material,TRUE
accommodation,FALSE
project,TRUE
project,TRUE
definition,TRUE
rfc,FALSE
paper,TRUE
outline,TRUE
discuss,TRUE
explain,TRUE
state,TRUE
#,FALSE
library,TRUE
group,TRUE
package,TRUE
system,TRUE
domain,TRUE
class,TRUE
component,TRUE
interface,TRUE
govern,TRUE
constitute,TRUE
comprise,TRUE
affect,TRUE
make,TRUE
accompany,FALSE
inform,TRUE
simplicity,FALSE
comparison,TRUE
convenience,TRUE
example,TRUE
clarity,FALSE
other,TRUE
illustration,FALSE
short,FALSE
contrast,TRUE
phrase,TRUE
term,TRUE
expression,TRUE
word,TRUE
sentence,FALSE
verb,FALSE
acronym,FALSE
variable,FALSE
noun,FALSE
name,TRUE
clause,FALSE
character,TRUE
line,TRUE
',FALSE
_,FALSE
signature,FALSE
mean,TRUE
title,TRUE
significance,FALSE
initial,TRUE
tag,FALSE
letter,TRUE
logo,FALSE
suffix,FALSE
context,TRUE
replace,FALSE
write,TRUE
fill,TRUE
merge,FALSE
inconsistent,FALSE
share,TRUE
change,TRUE
print,TRUE
stamp,FALSE
style,FALSE
format,TRUE
variety,TRUE
size,TRUE
legal,FALSE
electronic,FALSE
governmental,FALSE
legislative,FALSE
tool,TRUE
technique,TRUE
available,FALSE
function,TRUE
program,TRUE
procedure,TRUE
analysis,TRUE
analytical,FALSE
review,TRUE
assessment,TRUE
identification,TRUE
survey,TRUE
technical,FALSE
image,TRUE
#,FALSE
index,FALSE
index,TRUE
it,FALSE
internet,TRUE
programming,TRUE
public,FALSE
Database,FALSE
security,TRUE
protection,FALSE
application,TRUE
domain,TRUE
content,FALSE
datum,FALSE
platform,TRUE
give,TRUE
grant,TRUE
show,TRUE
give,TRUE
lend,TRUE
afford,TRUE
supply,TRUE
teach,TRUE
consumer,TRUE
researcher,TRUE
analyst,TRUE
way,TRUE
method,TRUE
chance,TRUE
base,TRUE
resource,TRUE
integrate,TRUE
translate,FALSE
incorporate,TRUE
aggregate,FALSE
convert,TRUE
process,TRUE
store,TRUE
organize,TRUE
apply,TRUE
download,TRUE
map,TRUE
transfer,TRUE
track,TRUE
extract,TRUE
file,TRUE
image,TRUE
email,TRUE
evidence,TRUE
result,TRUE
derive,TRUE
arise,TRUE
generate,TRUE
come,TRUE
obtain,TRUE
extract,TRUE
directly,FALSE
emerge,FALSE
take,TRUE
server,TRUE
community,TRUE
domain,TRUE
network,TRUE
site,TRUE
file,TRUE
environment,TRUE
server,TRUE
protocol,TRUE
form,TRUE
category,TRUE
structure,TRUE
pattern,TRUE
manner,FALSE
link,TRUE
similar,FALSE
connect,TRUE
accord,TRUE
correspond,TRUE
dedicate,FALSE
lead,TRUE
comparable,FALSE
tie,FALSE
attach,FALSE
monitor,TRUE
guest,FALSE
special,FALSE
protect,TRUE
host,TRUE
free,FALSE
game,FALSE
use,TRUE
class,TRUE
session,TRUE
additional,FALSE
entry,TRUE
player,TRUE
driver,TRUE
pilot,FALSE
ship,FALSE
club,TRUE
vehicle,FALSE
license,TRUE
student,TRUE
aircraft,FALSE
follow,FALSE
require,TRUE
follow,TRUE
follow,TRUE
desire,TRUE
usual,FALSE
follow,TRUE
specify,TRUE
specification,TRUE
option,TRUE
parameter,TRUE
rating,FALSE
role,TRUE
analysis,FALSE
risk,TRUE
process,FALSE
search,TRUE
algorithm,TRUE
need,TRUE
aid,TRUE
challenge,FALSE
build,TRUE
generate,TRUE
keep,TRUE
simply,FALSE
produce,TRUE
estimate,TRUE
model,TRUE
prediction,FALSE
analysis,TRUE
report,TRUE
profile,TRUE
comparison,TRUE
description,TRUE
map,TRUE
projection,FALSE
assessment,TRUE
element,TRUE
object,TRUE
role,TRUE
premise,FALSE
location,TRUE
actor,FALSE
destination,FALSE
background,FALSE
operator,TRUE
set,TRUE
receiver,FALSE
direction,FALSE
effect,TRUE
trigger,FALSE
rule,TRUE
law,TRUE
organization,TRUE
student,TRUE
scientist,TRUE
specify,TRUE
choose,TRUE
establish,TRUE
discuss,TRUE
without,FALSE
consider,TRUE
call,TRUE
less,FALSE
another,FALSE
error,TRUE
difficult,FALSE
#,FALSE
unknown,FALSE
error,TRUE
key,TRUE
simple,FALSE
want,TRUE
want,TRUE
decide,TRUE
try,TRUE
like,TRUE
wish,TRUE
choose,TRUE
plan,TRUE
intend,TRUE
need,TRUE
intend,TRUE
see,TRUE
avoid,TRUE
say,TRUE
explain,TRUE
know,TRUE
try,TRUE
mean,TRUE
imply,FALSE
prevent,TRUE
write,TRUE
apply,TRUE
add,TRUE
send,TRUE
put,TRUE
link,TRUE
bring,TRUE
type,TRUE
sign,TRUE
give,TRUE
connect,TRUE
post,TRUE
setting,TRUE
functionality,TRUE
feature,TRUE
bug,FALSE
package,TRUE
manual,FALSE
register,TRUE
machine,TRUE
go,TRUE
pass,TRUE
click,TRUE
run,TRUE
log,TRUE
flip,FALSE
look,TRUE
work,TRUE
play,TRUE
halfway,FALSE
break,TRUE
enter,TRUE
edit,TRUE
open,TRUE
compile,FALSE
call,TRUE
execute,TRUE
interface,TRUE
menu,FALSE
fit,TRUE
get,TRUE
update,TRUE
remove,TRUE
release,TRUE
write,TRUE
app,TRUE
boundary,FALSE
price,FALSE
determine,TRUE
develop,TRUE
identify,TRUE
raise,TRUE
achieve,TRUE
choose,TRUE
select,TRUE
adopt,TRUE
establish,TRUE
formulate,FALSE
define,TRUE
aside,FALSE
back,FALSE
apart,FALSE
base,TRUE
depend,TRUE
forth,FALSE
primarily,FALSE
dependent,FALSE
interaction,TRUE
consultation,FALSE
interaction,TRUE
engagement,FALSE
cooperation,FALSE
collaboration,FALSE
dialogue,FALSE
contact,TRUE
consensus,FALSE
relationship,TRUE
meet,TRUE
experience,TRUE
governor,FALSE
council,FALSE
government,FALSE
university,FALSE
state,FALSE
stage,TRUE
moment,TRUE
distance,FALSE
rate,TRUE
position,TRUE
instant,FALSE
age,FALSE
range,TRUE
analyst,TRUE
team,TRUE
reader,TRUE
viewer,FALSE
audience,FALSE
observer,TRUE
researcher,TRUE
expert,TRUE
decide,TRUE
learn,TRUE
guess,FALSE
athlete,FALSE
rider,FALSE
party,TRUE
candidate,FALSE
swimmer,FALSE
side,TRUE
racer,FALSE
participant,TRUE
cyclist,FALSE
face,FALSE
energy,FALSE
safety,TRUE
frequency,FALSE
weight,TRUE
noise,FALSE
clearance,FALSE
task,TRUE
measure,TRUE
scheme,FALSE
measure,TRUE
proposal,TRUE
operation,TRUE
fail,TRUE
terminate,FALSE
collapse,FALSE
default,FALSE
operate,TRUE
crash,TRUE
cancel,FALSE
withdraw,FALSE
disappear,FALSE
differ,TRUE
intervene,FALSE
run,TRUE
vary,TRUE
availability,FALSE
school,TRUE
reliability,TRUE
intelligence,TRUE
constraint,FALSE
input,TRUE
include,TRUE
specifically,FALSE
support,TRUE
multi,FALSE
low,FALSE
high,FALSE
two,FALSE
regional,FALSE
three,FALSE
National,FALSE
single,FALSE
top,FALSE
independent,FALSE
integrate,FALSE
advanced,FALSE
version,FALSE
platform,FALSE
technology,TRUE
basic,FALSE
development,FALSE
developer,TRUE
manufacturer,FALSE
deliver,TRUE
become,TRUE
modify,FALSE
simplify,FALSE
portable,FALSE
custom,FALSE
free,FALSE
lightweight,FALSE
special,FALSE
complete,FALSE
limit,FALSE
full,FALSE
variant,TRUE
mode,TRUE
copy,TRUE
phase,FALSE
game,TRUE
allow,TRUE
enable,TRUE
ask,TRUE
invite,TRUE
require,TRUE
help,TRUE
encourage,TRUE
permit,TRUE
tell,TRUE
anyone,FALSE
select,TRUE
pick,TRUE
collect,TRUE
touch,FALSE
grab,FALSE
gather,TRUE
explore,FALSE
country,TRUE
city,FALSE
hour,FALSE
location,TRUE
day,TRUE
minute,FALSE
town,FALSE
place,TRUE
meter,FALSE
village,FALSE
enter,TRUE
expand,TRUE
improve,TRUE
unlock,FALSE
extend,TRUE
manage,TRUE
upgrade,FALSE
eye,FALSE
search,TRUE
Institute,FALSE
center,FALSE
institute,TRUE
centre,FALSE
foundation,FALSE
foundation,FALSE
initiative,FALSE
association,TRUE
journal,FALSE
aim,TRUE
help,TRUE
seek,TRUE
attempt,TRUE
claim,TRUE
serve,TRUE
aim,TRUE
exist,TRUE
develop,TRUE
construct,TRUE
forecast,FALSE
likelihood,FALSE
case,TRUE
event,TRUE
simulation,TRUE
situation,TRUE
template,FALSE
basis,TRUE
perspective,FALSE
inclusion,FALSE
engage,TRUE
participation,FALSE
statistical,FALSE
detail,FALSE
critical,FALSE
quantitative,FALSE
formal,FALSE
final,FALSE
practical,FALSE
general,FALSE
systematic,FALSE
discussion,TRUE
documentation,TRUE
execution,FALSE
study,TRUE
revision,FALSE
preparation,FALSE
statistic,FALSE
structure,TRUE
mechanism,TRUE
contexts,FALSE
concept,TRUE
expectation,FALSE
outcome,TRUE
conclusion,FALSE
assumption,FALSE
implement,TRUE
apply,TRUE
construct,TRUE
build,TRUE
collect,TRUE
system,FALSE
enterprise,TRUE
architecture,FALSE
integration,FALSE
control,TRUE
test,TRUE
part,TRUE
unit,TRUE
implement,TRUE
determine,TRUE
establish,TRUE
meet,TRUE
configuration,FALSE
integration,FALSE
control,TRUE
module,TRUE
command,TRUE
decision,TRUE
mission,FALSE
architecture,TRUE
invite,TRUE
send,TRUE
host,TRUE
friend,FALSE
visitor,FALSE
member,TRUE
landlord,FALSE
partner,TRUE
winner,FALSE
guest,TRUE
manager,TRUE
expert,TRUE
economist,FALSE
agent,TRUE
practitioner,FALSE
administrator,TRUE
client,TRUE
individual,TRUE
observer,TRUE
describe,TRUE
indicate,TRUE
topic,TRUE
path,TRUE
theme,TRUE
display,TRUE
monitor,TRUE
screen,FALSE
panel,FALSE
way,TRUE
circumstance,TRUE
direction,FALSE
field,TRUE
occur,TRUE
begin,TRUE
appear,TRUE
occur,TRUE
work,TRUE
happen,TRUE
these,FALSE
such,FALSE
action,TRUE
those,FALSE
research,TRUE
recommendation,TRUE
scheme,FALSE
decision,TRUE
proposal,FALSE
independent,FALSE
extension,FALSE
instead,FALSE
part,TRUE
combination,TRUE
copy,TRUE
derivative,FALSE
version,TRUE
pair,TRUE
variant,TRUE
reminiscent,FALSE
previous,FALSE
actual,FALSE
linear,FALSE
prior,FALSE
original,FALSE
fix,TRUE
consideration,FALSE
advantage,TRUE
disadvantage,TRUE
advantage,TRUE
benefit,TRUE
potential,TRUE
appearance,FALSE
distinction,TRUE
merit,FALSE
property,TRUE
stakeholder,TRUE
everyone,FALSE
voter,FALSE
realize,TRUE
well,FALSE
opposite,FALSE
consequence,TRUE
cost,TRUE
danger,FALSE
difference,TRUE
three,FALSE
current,FALSE
four,FALSE
two,FALSE
main,FALSE
five,FALSE
six,FALSE
eight,FALSE
possible,FALSE
difficulty,TRUE
bonus,FALSE
skill,TRUE
playable,FALSE
gameplay,FALSE
dungeon,FALSE
multiplayer,FALSE
story,FALSE
combat,FALSE
card,TRUE
route,FALSE
#,FALSE
road,FALSE
#,FALSE
path,TRUE
code,TRUE
gate,FALSE
number,TRUE
point,TRUE
mode,TRUE
recommend,TRUE
suggest,TRUE
trade,TRUE
spin,FALSE
cut,FALSE
split,FALSE
roll,FALSE
drop,TRUE
pay,TRUE
tip,FALSE
pull,FALSE
hand,TRUE
top,TRUE
stand,FALSE
off,FALSE
in,TRUE
out,FALSE
up,FALSE
#,FALSE
make,TRUE
over,FALSE
share,TRUE
various,FALSE
propose,TRUE
viable,FALSE
unit,TRUE
officer,FALSE
authority,TRUE
institution,FALSE
engineer,TRUE
achieve,TRUE
manage,TRUE
reach,TRUE
find,TRUE
perform,TRUE
fulfil,FALSE
complete,TRUE
realize,TRUE
produce,TRUE
end,TRUE
full,FALSE
publisher,FALSE
standardize,FALSE
license,FALSE
certify,FALSE
generic,FALSE
#,FALSE
#,FALSE
#,FALSE
summary,FALSE
list,TRUE
#,FALSE
preview,FALSE
view,TRUE
#,FALSE
#,FALSE
#,FALSE
outline,FALSE
chart,FALSE
regional,FALSE
EU,FALSE
structure,TRUE
xml,FALSE
python,FALSE
construction,FALSE
web,TRUE
form,TRUE
base,FALSE
grammar,FALSE
approach,TRUE
conform,TRUE
correspond,TRUE
refer,TRUE
respond,FALSE
contribute,TRUE
bind,TRUE
relate,TRUE
adapt,TRUE
lead,TRUE
return,TRUE
connect,TRUE
belong,TRUE
class,TRUE
term,TRUE
specie,FALSE
common,FALSE
registry,FALSE
seek,TRUE
discover,TRUE
place,TRUE
transform,FALSE
turn,TRUE
deposit,FALSE
move,TRUE
underlie,FALSE
ip,FALSE
content,TRUE
picture,FALSE
equivalent,FALSE
analogous,FALSE
certificate,FALSE
continue,TRUE
begin,TRUE
start,TRUE
cease,FALSE
commence,FALSE
stop,FALSE
facilitate,TRUE
multiple,FALSE
several,FALSE
certain,FALSE
many,FALSE
#,FALSE
via,FALSE
#,FALSE
#,FALSE
#,FALSE
III,FALSE
bank,FALSE
administrator,FALSE
guarantee,TRUE
perform,TRUE
conduct,FALSE
storage,TRUE
retention,FALSE
extraction,FALSE
exchange,FALSE
registration,FALSE
collection,TRUE
record,TRUE
object,TRUE
database,TRUE
transaction,TRUE
password,TRUE
administrator,TRUE
organism,FALSE
attacker,FALSE
employer,FALSE
interpret,TRUE
manipulate,FALSE
share,TRUE
handle,TRUE
request,TRUE
someone,FALSE
separate,TRUE
distinguish,TRUE
derive,TRUE
message,TRUE
market,TRUE
guidance,TRUE
instruction,TRUE
training,FALSE
feedback,FALSE
advice,FALSE
detection,FALSE
track,TRUE
diagnosis,FALSE
prevention,FALSE
hunt,FALSE
attack,FALSE
classification,TRUE
attack,FALSE
testing,TRUE
crime,FALSE
must,FALSE
automatically,FALSE
may,FALSE
could,FALSE
can,FALSE
resolve,FALSE
reduce,TRUE
solve,TRUE
minimize,FALSE
eliminate,TRUE
overcome,FALSE
booklet,FALSE
publication,TRUE
definition,TRUE
much,FALSE
vocabulary,FALSE
terminology,FALSE
spelling,FALSE
mention,FALSE
discuss,TRUE
express,TRUE
present,FALSE
employ,TRUE
list,TRUE
year,TRUE
magazine,FALSE
series,TRUE
library,TRUE
2013,FALSE
i,FALSE
response,TRUE
net,FALSE
score,FALSE
2010,FALSE
2011,FALSE
2009,FALSE
12,FALSE
11,FALSE
16,FALSE
suitable,FALSE
design,TRUE
useful,FALSE
open,FALSE
good,FALSE
important,FALSE
observation,TRUE
study,TRUE
reason,TRUE
proof,TRUE
measurement,FALSE
observation,TRUE
phenomenon,FALSE
emotion,FALSE
state,TRUE
effort,TRUE
reaction,FALSE
desire,TRUE
trait,FALSE
fear,FALSE
#,FALSE
think,FALSE
human,TRUE
believe,FALSE
FCC,FALSE
number,TRUE
letter,TRUE
make,TRUE
improvement,FALSE
update,TRUE
regulation,TRUE
hardware,FALSE
question,TRUE
mind,FALSE
#,FALSE
detail,TRUE
attempt,TRUE
account,TRUE
check,TRUE
compensate,FALSE
compete,FALSE
qualify,FALSE
cater,FALSE
prepare,TRUE
stability,TRUE
health,TRUE
compatibility,TRUE
consistency,FALSE
integrity,TRUE
comfort,FALSE
request,TRUE
demand,TRUE
seek,TRUE
enjoy,TRUE
experience,TRUE
expect,TRUE
ieee,FALSE
EPA,FALSE
majority,FALSE
preference,TRUE
total,FALSE
programme,FALSE
guide,TRUE
engineer,TRUE
edit,TRUE
modify,TRUE
script,FALSE
piece,TRUE
field,TRUE
department,TRUE
utilize,TRUE
unlimited,FALSE
entire,FALSE
intermediate,FALSE
optimal,FALSE
upper,FALSE
arbitrary,FALSE
acceptable,FALSE
how,FALSE
failure,TRUE
try,TRUE
or,FALSE
permission,FALSE
unable,FALSE
try,TRUE
obtain,TRUE
retrieve,TRUE
enforce,TRUE
draw,TRUE
receive,TRUE
tax,FALSE
draft,TRUE
single,FALSE
violation,FALSE
complaint,FALSE
claim,TRUE
breach,FALSE
notice,TRUE
email,FALSE
register,FALSE
section,TRUE
article,FALSE
concept,FALSE
rest,FALSE
remainder,FALSE
core,TRUE
cover,TRUE
consist,TRUE
logic,TRUE
explanation,FALSE
justification,FALSE
argument,TRUE
reason,TRUE
motivation,FALSE
truth,FALSE
choice,FALSE
argument,TRUE
recommendation,TRUE
description,TRUE
close,FALSE
scale,TRUE
knock,FALSE
low,FALSE
sit,FALSE
fall,TRUE
break,TRUE
break,TRUE
narrow,FALSE
pop,TRUE
rule,TRUE
procedure,TRUE
answer,TRUE
response,TRUE
question,TRUE
reply,FALSE
alternative,TRUE
expression,TRUE
FDA,FALSE
department,FALSE
FAA,FALSE
commissioner,FALSE
SEC,FALSE
carry,TRUE
introduce,TRUE
component,TRUE
ingredient,FALSE
slot,FALSE
identity,TRUE
#,FALSE
#,FALSE
#,FALSE
#,FALSE
#,FALSE
#,FALSE
#,FALSE
#,FALSE
#,FALSE
#,FALSE
#,FALSE
#,FALSE
#,FALSE
#,FALSE
#,FALSE
tell,TRUE
gain,TRUE
exactly,FALSE
anything,FALSE
everything,FALSE
fact,TRUE
fact,TRUE
pertain,FALSE
due,FALSE
essential,FALSE
unrelated,FALSE
relative,FALSE
existence,FALSE
ownership,FALSE
identity,TRUE
status,TRUE
authenticity,FALSE
presence,FALSE
sub,FALSE
meta,FALSE
news,FALSE
non,FALSE
multi,FALSE
web,TRUE
photo,FALSE
stream,FALSE
lock,FALSE
marketing,TRUE
submit,TRUE
refer,TRUE
good,FALSE
balance,FALSE
differentiate,FALSE
protect,TRUE
replace,FALSE
counter,FALSE
combine,TRUE
reconcile,FALSE
substitute,FALSE
info,TRUE
retrieve,TRUE
remove,TRUE
release,TRUE
exclude,FALSE
acquire,TRUE
recover,FALSE
receive,TRUE
gather,TRUE
#,FALSE
insurance,TRUE
one,TRUE
subjective,FALSE
employee,TRUE
correlate,FALSE
interact,FALSE
land,TRUE
water,FALSE
build,TRUE
plant,FALSE
engine,TRUE
car,FALSE
tell,TRUE
affect,TRUE
reveal,TRUE
know,TRUE
ask,TRUE
record,TRUE
explain,TRUE
show,TRUE
code,FALSE
regulation,TRUE
advise,TRUE
authority,TRUE
utility,FALSE
adopt,TRUE
step,TRUE
human,FALSE
society,FALSE
attribute,TRUE
•,FALSE
constitution,FALSE
board,TRUE
charter,FALSE
constitution,FALSE
represent,TRUE
hierarchy,TRUE
arrangement,FALSE
sequence,TRUE
member,TRUE
limitation,FALSE
boundary,FALSE
maximum,FALSE
threshold,FALSE
restriction,TRUE
minimum,FALSE
threat,TRUE
condition,TRUE
parameter,TRUE
vulnerability,FALSE
relationship,TRUE
connection,FALSE
relation,TRUE
finite,FALSE
physical,FALSE
logical,FALSE
real,FALSE
natural,FALSE
leave,TRUE
scientist,TRUE
investigator,FALSE
detect,TRUE
examine,TRUE
observe,TRUE
damage,FALSE
effect,TRUE
hazard,FALSE
symptom,FALSE
damage,FALSE
cause,TRUE
produce,TRUE
create,TRUE
trigger,TRUE
induce,FALSE
present,TRUE
influence,TRUE
indicate,TRUE
predict,TRUE
pose,TRUE
shift,FALSE
variation,FALSE
reduction,TRUE
decrease,FALSE
variance,FALSE
transition,FALSE
fall,TRUE
decline,TRUE
climate,FALSE
weather,FALSE
population,FALSE
temperature,FALSE
insight,FALSE
clue,FALSE
insight,FALSE
judgment,FALSE
would,FALSE
might,FALSE
time,TRUE
focus,TRUE
release,TRUE
warning,FALSE
work,TRUE
party,TRUE
worker,FALSE
author,TRUE
designer,FALSE
artist,FALSE
company,TRUE
operate,TRUE
rely,TRUE
focus,TRUE
act,TRUE
price,FALSE
pace,FALSE
design,TRUE
and,FALSE
create,TRUE
help,TRUE
use,TRUE
committee,FALSE
also,FALSE
working,FALSE
interview,TRUE
engage,TRUE
consult,FALSE
train,FALSE
senior,FALSE
portfolio,FALSE
staff,TRUE
career,FALSE
qualified,FALSE
professional,FALSE
leader,TRUE
#,FALSE
advisor,FALSE
director,TRUE
specialist,FALSE
volunteer,FALSE
contractor,FALSE
partner,TRUE
speaker,FALSE
technician,FALSE
architect,FALSE
let,TRUE
vendor,TRUE
acquire,TRUE
comment,FALSE
idea,TRUE
issue,TRUE
#,FALSE
#,FALSE
declaration,FALSE
fire,FALSE
pollution,FALSE
traffic,FALSE
flood,FALSE
flow,TRUE
want,TRUE
normal,FALSE
portal,FALSE
programme,FALSE
friend,FALSE
host,TRUE
competitor,FALSE
assign,TRUE
communicate,FALSE
website,TRUE
table,TRUE
assign,TRUE
randomly,FALSE
specially,FALSE
previously,FALSE
carefully,FALSE
appropriately,FALSE
#,FALSE
child,TRUE
patient,FALSE
laptop,FALSE
phone,FALSE
telephone,FALSE
child,TRUE
combination,TRUE
demonstration,FALSE
continuation,FALSE
internet,TRUE
healthcare,FALSE
medical,FALSE
#,FALSE
surveillance,FALSE
verify,FALSE
preserve,FALSE
trace,TRUE
origin,FALSE
manufacture,FALSE
nature,TRUE
arrival,FALSE
production,FALSE
size,TRUE
date,TRUE
disposition,FALSE
distribution,TRUE
acquisition,FALSE
disposal,FALSE
modification,FALSE
purchase,TRUE
possession,FALSE
asset,FALSE
invention,FALSE
artifact,FALSE
thing,FALSE
substance,FALSE
virtue,FALSE
digital,FALSE
photographic,FALSE
device,TRUE
learn,TRUE
export,FALSE
migrate,FALSE
import,FALSE
graph,FALSE
pdf,FALSE
directory,TRUE
external,FALSE
adjacent,FALSE
output,TRUE
internal,FALSE
archive,FALSE
format,TRUE
representation,TRUE
editor,TRUE
container,FALSE
entity,TRUE
read,TRUE
survey,TRUE
graph,FALSE
publication,FALSE
book,TRUE
text,TRUE
video,TRUE
call,TRUE
mail,FALSE
sms,FALSE
picture,FALSE
etc,FALSE
allow,TRUE
professional,TRUE
official,TRUE
attendee,FALSE
journalist,FALSE
viewer,FALSE
reporter,FALSE
listener,FALSE
audience,FALSE
commentator,FALSE
fan,FALSE
essence,FALSE
departure,FALSE
room,FALSE
conference,FALSE
session,TRUE
presentation,FALSE
expect,TRUE
cause,TRUE
citizen,FALSE
agency,TRUE
resident,FALSE
time,TRUE
rate,TRUE
line,TRUE
far,FALSE
additionally,FALSE
reference,TRUE
note,TRUE
lack,TRUE
offer,TRUE
API,FALSE
minimal,FALSE
explicit,FALSE
#,FALSE
#,FALSE
every,FALSE
formulation,TRUE
#,FALSE
maker,FALSE
#,FALSE
creation,TRUE
capability,TRUE
interact,TRUE
deal,TRUE
comply,FALSE
negotiate,FALSE
classification,TRUE
evaluation,TRUE
assessment,FALSE
athlete,FALSE
club,TRUE
nation,FALSE
school,TRUE
organisation,TRUE
coach,FALSE
FIFA,FALSE
team,TRUE
rider,FALSE
race,FALSE
vehicle,FALSE
car,FALSE
cyclist,FALSE
consequence,TRUE
whole,FALSE
reward,FALSE
adjust,TRUE
count,TRUE
judge,TRUE
difference,TRUE
gap,FALSE
score,FALSE
opponent,FALSE
teammate,FALSE
opponent,FALSE
teammate,FALSE
ranking,FALSE
squad,FALSE
handbook,FALSE
translation,FALSE
answer,TRUE
ignore,TRUE
sure,FALSE
agency,FALSE
contain,TRUE
play,TRUE
construction,TRUE
stone,FALSE
glass,FALSE
tree,FALSE
arch,FALSE
#,FALSE
rock,FALSE
ground,FALSE
#,FALSE
shed,FALSE
throw,TRUE
cast,FALSE
shine,FALSE
spill,FALSE
reflect,FALSE
pass,TRUE
bring,TRUE
throw,TRUE
lay,FALSE
shine,FALSE
doubt,FALSE
light,TRUE
blame,FALSE
emphasis,FALSE
suspicion,FALSE
stress,FALSE
shadow,FALSE
doubt,FALSE
confusion,FALSE
caution,FALSE
dirt,FALSE
pressure,FALSE
matter,TRUE
past,FALSE
mystery,FALSE
plot,FALSE
impact,TRUE
challenge,FALSE
criticism,FALSE
similarity,FALSE
difficulty,TRUE
common,FALSE
principle,TRUE
conflict,FALSE
overlap,FALSE
complex,FALSE
confusing,FALSE
unclear,FALSE
unpredictable,FALSE
uncertain,FALSE
complicated,FALSE
unique,FALSE
evolve,FALSE
controversial,FALSE
conflict,TRUE
competition,FALSE
conflict,TRUE
disagreement,FALSE
collision,FALSE
dispute,FALSE
parallel,FALSE
conjunction,FALSE
accordance,FALSE
alignment,FALSE
extent,FALSE
effectiveness,FALSE
freedom,FALSE
home,TRUE
house,FALSE
trust,TRUE
safe,FALSE
principle,TRUE
provision,FALSE
degree,TRUE
area,TRUE
defense,FALSE
guard,TRUE
defence,FALSE
defense,FALSE
protect,TRUE
defend,FALSE
immunity,FALSE
resistance,FALSE
behaviour,FALSE
act,TRUE
thing,FALSE
invasion,FALSE
loss,FALSE
infringement,FALSE
abuse,FALSE
destruction,FALSE
theft,FALSE
invasion,FALSE
harm,FALSE
invade,FALSE
premise,FALSE
border,FALSE
territory,FALSE
person,TRUE
censorship,FALSE
discrimination,FALSE
corruption,FALSE
espionage,FALSE
harassment,FALSE
fraud,FALSE
exploitation,FALSE
aggression,FALSE
spy,FALSE
removal,FALSE
accumulation,FALSE
seizure,FALSE
recovery,FALSE
mental,FALSE
financial,FALSE
chemical,FALSE
psychological,FALSE
civil,FALSE
mechanical,FALSE
emotional,FALSE
asset,FALSE
professional,FALSE
academic,FALSE
responsibility,TRUE
assignment,TRUE
skill,TRUE
choice,FALSE
qualification,FALSE
election,FALSE
job,FALSE
publish,TRUE
log,TRUE
audit,FALSE
update,TRUE
inventory,FALSE
tree,TRUE
call,TRUE
delete,FALSE
repeat,FALSE
restart,FALSE
reverse,FALSE
scholar,FALSE
academic,FALSE
implication,FALSE
#,FALSE
possibility,TRUE
behavior,TRUE
lie,TRUE
appear,TRUE
exist,TRUE
occur,TRUE
come,TRUE
arise,TRUE
participate,FALSE
sector,FALSE
USA,FALSE
US,FALSE
CA,FALSE
ABC,FALSE
CO,FALSE
cd,FALSE
GE,FALSE
UNESCO,FALSE
UK,FALSE
NASA,FALSE
SA,FALSE
practice,TRUE
importance,FALSE
act,TRUE
art,FALSE
responsibility,TRUE
establish,TRUE
develop,TRUE
implement,TRUE
design,TRUE
shape,TRUE
assess,TRUE
adopt,TRUE
national,FALSE
democratic,FALSE
law,TRUE
paper,TRUE
norm,FALSE
communicating,FALSE
submit,TRUE
relation,TRUE
link,TRUE
continuity,FALSE
connection,TRUE
node,FALSE
intention,FALSE
lose,TRUE
increase,TRUE
browser,FALSE
filter,FALSE
tag,FALSE
measure,TRUE
manage,TRUE
accomplish,TRUE
address,TRUE
meet,TRUE
interpret,TRUE
calculate,TRUE
structure,TRUE
fashion,FALSE
sense,TRUE
pc,TRUE
Google,FALSE
mobile,FALSE
#,FALSE
Explorer,FALSE
garbage,FALSE
revenue,FALSE
visit,FALSE
view,TRUE
search,TRUE
provide,TRUE
host,TRUE
maintain,TRUE
watch,FALSE
bias,FALSE
reputation,FALSE
regard,TRUE
high,FALSE
algorithm,TRUE
transparency,FALSE
insert,FALSE
install,FALSE
alter,TRUE
restore,FALSE
fix,TRUE
command,TRUE
property,TRUE
european,FALSE
electronic,FALSE
engine,FALSE
International,FALSE
winner,FALSE
eliminate,TRUE
result,TRUE
no,FALSE
attendance,FALSE
rating,FALSE
match,TRUE
it,FALSE
land,TRUE
care,TRUE
knowledge,FALSE
power,TRUE
that,FALSE
credit,TRUE
money,TRUE
property,TRUE
funding,FALSE
accessible,FALSE
store,TRUE
distribute,TRUE
maintain,TRUE
exchange,FALSE
access,TRUE
own,TRUE
process,TRUE
keep,TRUE
accept,TRUE
verify,FALSE
preserve,FALSE
monitor,TRUE
deliver,TRUE
promote,TRUE
interior,FALSE
tunnel,FALSE
cabin,FALSE
garden,FALSE
installation,FALSE
instal,FALSE
perfect,FALSE
program,TRUE
do,TRUE
improve,TRUE
film,FALSE
dvd,FALSE
band,TRUE
novel,FALSE
album,TRUE
iphone,FALSE
business,TRUE
accept,TRUE
experience,TRUE
expertise,FALSE
supply,TRUE
assemble,FALSE
provider,TRUE
supplier,FALSE
accompaniment,FALSE
introduction,TRUE
addition,FALSE
complement,FALSE
inspiration,FALSE
attachment,FALSE
outlet,FALSE
corporate,FALSE
creative,FALSE
organizational,FALSE
join,TRUE
firm,TRUE
contributor,FALSE
name,TRUE
contribution,TRUE
page,TRUE
entry,TRUE
community,TRUE
network,TRUE
file,FALSE
personnel,FALSE
locate,TRUE
label,FALSE
region,FALSE
NCAA,FALSE
Commonwealth,FALSE
impose,TRUE
space,TRUE
district,FALSE
commerce,TRUE
finance,FALSE
Commerce,FALSE
education,TRUE
governance,FALSE
financing,FALSE
#,FALSE
affair,FALSE
banking,FALSE
security,TRUE
government,TRUE
intelligence,TRUE
manufacturer,TRUE
transportation,FALSE
aviation,FALSE
military,FALSE
enforcement,TRUE
assurance,FALSE
certification,FALSE
report,TRUE
crime,FALSE
matter,TRUE
industry,TRUE
classify,FALSE
rate,TRUE
regard,TRUE
describe,TRUE
recognize,TRUE
see,TRUE
treat,TRUE
view,TRUE
categorize,TRUE
characterize,FALSE
perceive,FALSE
default,FALSE
associate,TRUE
mess,FALSE
talk,TRUE
sleep,FALSE
speak,TRUE
argue,TRUE
go,TRUE
kid,FALSE
#,FALSE
leader,TRUE
coordinator,FALSE
per,FALSE
upon,FALSE
separately,FALSE
immediately,FALSE
quickly,FALSE
manually,FALSE
attach,FALSE
assign,TRUE
induce,FALSE
contractor,FALSE
designer,FALSE
consist,TRUE
compose,FALSE
regardless,FALSE
league,FALSE
approve,TRUE
promote,TRUE
accelerate,FALSE
foster,FALSE
resolution,FALSE
handle,TRUE
occurrence,FALSE
generation,FALSE
settlement,FALSE
elimination,FALSE
regulatory,FALSE
compiler,TRUE
character,TRUE
instance,TRUE
color,TRUE
date,TRUE
symbol,FALSE
case,TRUE
phase,FALSE
round,FALSE
body,TRUE
answer,TRUE
buyer,FALSE
topic,TRUE
commercial,FALSE
educational,FALSE
cultural,FALSE
industrial,FALSE
administrative,FALSE
residential,FALSE
day,TRUE
campaign,FALSE
week,FALSE
season,FALSE
game,TRUE
tournament,FALSE
subject,TRUE
begin,TRUE
start,TRUE
come,TRUE
deal,TRUE
work,TRUE
concern,TRUE
experiment,TRUE
study,TRUE
check,TRUE
evaluate,TRUE
technique,TRUE
science,TRUE
measure,TRUE
approach,TRUE
effort,TRUE
force,TRUE
indicator,FALSE
correct,TRUE
failure,FALSE
weakness,FALSE
delay,FALSE
gain,TRUE
mistake,FALSE
complementary,FALSE
concurrent,FALSE
#,FALSE
early,FALSE
immediate,FALSE
duration,FALSE
length,FALSE
assignment,TRUE
period,TRUE
obey,FALSE
grant,TRUE
communicate,TRUE
dictate,FALSE
pass,TRUE
transfer,TRUE
#,FALSE
dimension,FALSE
interactive,FALSE
active,FALSE
controller,FALSE
window,TRUE
like,FALSE
rank,FALSE
amount,FALSE
p,FALSE
j,FALSE
selection,FALSE
breakdown,FALSE
timeline,FALSE
sentence,TRUE
cover,TRUE
utility,FALSE
dictionary,FALSE
rank,FALSE
pair,TRUE
variety,TRUE
subset,FALSE
examine,TRUE
review,TRUE
foundation,FALSE
basis,TRUE
federal,FALSE
server,FALSE
discretion,FALSE
power,TRUE
duty,FALSE
2012,FALSE
comprise,TRUE
run,TRUE
span,FALSE
consist,TRUE
principal,FALSE
major,FALSE
settlement,FALSE
cemetery,FALSE
parish,FALSE
commune,FALSE
track,TRUE
township,FALSE
municipality,FALSE
holiday,FALSE
legislation,FALSE
assume,TRUE
sensory,FALSE
memory,TRUE
provision,FALSE
completion,FALSE
replacement,FALSE
adoption,FALSE
activation,FALSE
establishment,FALSE
insertion,FALSE
cancellation,FALSE
expansion,FALSE
termination,FALSE
abandonment,FALSE
#,FALSE
#,FALSE
#,FALSE
hero,FALSE
#,FALSE
villain,FALSE
god,FALSE
#,FALSE
#,FALSE
#,FALSE
psychic,FALSE
#,FALSE
genius,FALSE
#,FALSE
ability,TRUE
deny,TRUE
confirm,TRUE
refuse,FALSE
secure,FALSE
block,FALSE
restrict,TRUE
gift,FALSE
immortality,FALSE
magic,FALSE
vision,FALSE
favor,FALSE
pleasure,FALSE
die,TRUE
know,TRUE
learn,TRUE
understand,TRUE
get,TRUE
see,TRUE
find,TRUE
hear,FALSE
indicator,FALSE
vary,FALSE
able,FALSE
world,TRUE
literature,FALSE
factor,TRUE
remember,FALSE
want,TRUE
now,FALSE
just,FALSE
well,FALSE
try,TRUE
save,TRUE
portion,FALSE
equation,FALSE
universe,FALSE
representation,TRUE
model,TRUE
manipulation,FALSE
render,FALSE
mapping,FALSE
display,TRUE
model,TRUE
mathematical,FALSE
architectural,FALSE
abstract,FALSE
committee,TRUE
assembly,FALSE
Minister,FALSE
Secretariat,FALSE
propose,TRUE
॥,FALSE
#,FALSE
#,FALSE
#,FALSE
#,FALSE
#,FALSE
#,FALSE
#,FALSE
#,FALSE
#,FALSE
#,FALSE
#,FALSE
#,FALSE
#,FALSE
draw,TRUE
originate,FALSE
range,TRUE
personality,FALSE
behavioral,FALSE
preference,TRUE
scale,FALSE
tailor,FALSE
custody,FALSE
rule,FALSE
court,FALSE
allocation,TRUE
diversity,FALSE
number,FALSE
level,FALSE
#,FALSE
guide,FALSE
core,FALSE
award,FALSE
reader,TRUE
reveal,TRUE
coverage,FALSE
view,TRUE
transaction,TRUE
interest,FALSE
reach,TRUE
state,TRUE
suggest,TRUE
outline,TRUE
user,FALSE
artist,FALSE
platform,TRUE
app,TRUE
collaborate,FALSE
progress,FALSE
spend,TRUE
privilege,FALSE
license,TRUE
card,TRUE
earn,TRUE
grant,TRUE
privilege,FALSE
safety,TRUE
quality,TRUE
trust,FALSE
social,FALSE
protocol,TRUE
cloud,FALSE
publish,TRUE
compute,FALSE
host,TRUE
opinion,TRUE
wealth,FALSE
attention,FALSE
income,FALSE
protective,FALSE
effective,FALSE
proper,FALSE
barrier,FALSE
arrangement,FALSE
motion,FALSE
hide,TRUE
guard,TRUE
hold,TRUE
museum,FALSE
collector,FALSE
payment,TRUE
discovery,FALSE
period,TRUE
session,TRUE
phase,TRUE
advance,FALSE
#,FALSE
#,FALSE
layer,FALSE
manage,TRUE
authorization,FALSE
agreement,TRUE
tier,FALSE
window,FALSE
hand,TRUE
extreme,FALSE
arm,FALSE
foot,FALSE
cheek,FALSE
half,FALSE
sensor,FALSE
signal,FALSE
mean,TRUE
basic,FALSE
dynamic,FALSE
medium,TRUE
channel,FALSE
coordination,TRUE
negotiation,FALSE
connectivity,FALSE
sign,TRUE
tap,FALSE
click,TRUE
jump,TRUE
dial,FALSE
switch,FALSE
industry,TRUE
employer,FALSE
Congress,FALSE
institutional,FALSE
functional,FALSE
regulate,TRUE
formation,FALSE
function,TRUE
growth,FALSE
international,FALSE
bilateral,FALSE
family,TRUE
mutual,FALSE
diagram,FALSE
prepare,TRUE
draft,TRUE
review,TRUE
amend,FALSE
revise,FALSE
minister,FALSE
modification,FALSE
alteration,FALSE
amendment,FALSE
approval,FALSE
sign,TRUE
file,TRUE
addition,TRUE
adjustment,FALSE
change,FALSE
repair,FALSE
perform,TRUE
occur,TRUE
wrought,FALSE
recognize,TRUE
exception,FALSE
desirable,FALSE
exclusive,FALSE
instruction,TRUE
consultant,FALSE
technician,FALSE
worker,FALSE
volunteer,FALSE
producer,FALSE
contribute,TRUE
commit,FALSE
stage,FALSE
section,TRUE
send,TRUE
transfer,TRUE
pass,TRUE
qualification,FALSE
citation,FALSE
opinion,FALSE
complete,TRUE
approve,TRUE
support,TRUE
confirm,TRUE
ignore,FALSE
satisfy,FALSE
regulator,FALSE
next,FALSE
remain,TRUE
compete,FALSE
primary,FALSE
specialist,TRUE
conclude,FALSE
finish,FALSE
declare,TRUE
finalize,FALSE
assess,TRUE
exam,FALSE
solve,TRUE
answer,TRUE
illustrate,FALSE
avoid,TRUE
resolve,FALSE
understand,TRUE
demonstrate,FALSE
answer,TRUE
pose,TRUE
avoid,TRUE
press,TRUE
address,TRUE
raise,TRUE
solve,TRUE
ask,TRUE
question,TRUE
ship,TRUE
weapon,FALSE
missile,FALSE
fleet,FALSE
vessel,FALSE
compilation,FALSE
catalogue,FALSE
artifact,FALSE
transmit,FALSE
supplement,FALSE
correction,FALSE
phrase,TRUE
verse,FALSE
chapter,TRUE
add,TRUE
2017,FALSE
raw,FALSE
anti,FALSE
cross,FALSE
low,FALSE
#,FALSE
drive,TRUE
rich,FALSE
figure,FALSE
gain,TRUE
filter,FALSE
match,TRUE
resemble,FALSE
match,TRUE
exceed,FALSE
equal,FALSE
voter,FALSE
citizen,FALSE
accept,TRUE
reject,TRUE
acceptance,FALSE
offer,TRUE
support,TRUE
agree,TRUE
confirm,TRUE
acknowledge,FALSE
admit,FALSE
accept,TRUE
endorsement,FALSE
reject,TRUE
oppose,TRUE
refuse,FALSE
rejection,TRUE
reject,TRUE
deny,TRUE
ignore,TRUE
abandon,FALSE
block,FALSE
violate,FALSE
criticize,FALSE
comment,FALSE
endorse,FALSE
embrace,FALSE
welcome,FALSE
acknowledge,FALSE
affirm,FALSE
oppose,TRUE
discard,FALSE
reject,TRUE
decline,TRUE
deny,TRUE
abandon,FALSE
refuse,FALSE
opposition,FALSE
NFL,FALSE
winner,FALSE
champion,FALSE
sequence,TRUE
digit,FALSE
episode,TRUE
repeat,TRUE
fulfil,FALSE
couple,FALSE
handful,FALSE
lot,FALSE
multitude,FALSE
bunch,FALSE
succession,FALSE
year,TRUE
month,FALSE
evening,FALSE
morning,FALSE
concentration,FALSE
improve,TRUE
prepare,TRUE
expand,TRUE
increase,TRUE
strengthen,FALSE
integrate,TRUE
broad,FALSE
small,FALSE
large,FALSE
wide,FALSE
accuracy,FALSE
bandwidth,FALSE
list,TRUE
name,TRUE
rank,FALSE
score,FALSE
not,FALSE
table,TRUE
score,TRUE
clear,FALSE
House,FALSE
only,FALSE
http,FALSE
I,FALSE
mom,FALSE
Greg,FALSE
j,FALSE
e,FALSE
Joe,FALSE
d,FALSE
me,FALSE
Sam,FALSE
Rachel,FALSE
q,FALSE
have,FALSE
need,TRUE
fail,TRUE
got,TRUE
have,FALSE
agree,TRUE
visit,TRUE
chat,TRUE
stay,TRUE
station,TRUE
enjoy,TRUE
schedule,FALSE
