time,TRUE
network,FALSE
traffic,TRUE
process,FALSE
datum,TRUE
event,TRUE
information,TRUE
memory,TRUE
time,TRUE
service,TRUE
task,TRUE
communication,TRUE
system,TRUE
knowledge,TRUE
weight,FALSE
#,FALSE
monitor,TRUE
management,TRUE
analysis,TRUE
switch,TRUE
control,TRUE
communication,TRUE
security,FALSE
control,FALSE
route,FALSE
management,FALSE
operation,TRUE
#,FALSE
#,FALSE
protection,TRUE
#,FALSE
share,TRUE
keep,TRUE
track,TRUE
division,FALSE
keep,FALSE
acquisition,FALSE
#,FALSE
#,FALSE
code,TRUE
fact,TRUE
cross,FALSE
self,TRUE
datum,TRUE
condition,TRUE
error,TRUE
pattern,TRUE
safety,TRUE
record,TRUE
double,FALSE
type,TRUE
reliability,TRUE
security,TRUE
assembly,FALSE
regulation,TRUE
organization,TRUE
improvement,TRUE
evaluation,FALSE
maintenance,TRUE
administration,FALSE
specification,TRUE
integration,TRUE
network,TRUE
communication,TRUE
network,TRUE
it,FALSE
electronic,FALSE
wireless,FALSE
digital,FALSE
computer,TRUE
telecommunication,TRUE
system,TRUE
system,TRUE
network,TRUE
technique,TRUE
technology,TRUE
service,TRUE
operation,TRUE
protocol,TRUE
application,TRUE
signal,TRUE
message,TRUE
warning,FALSE
message,FALSE
signal,TRUE
Signal,FALSE
information,TRUE
warning,FALSE
report,FALSE
receive,FALSE
nuclear,FALSE
hydroelectric,FALSE
thermal,FALSE
electrical,FALSE
solar,FALSE
electric,FALSE
nuclear,FALSE
wind,TRUE
new,FALSE
#,FALSE
underground,FALSE
diesel,FALSE
main,FALSE
nearby,FALSE
propose,TRUE
power,TRUE
turbine,TRUE
energy,TRUE
farm,TRUE
turbine,TRUE
brake,FALSE
generate,TRUE
#,FALSE
tunnel,TRUE
#,FALSE
pump,TRUE
pump,TRUE
treatment,FALSE
transmission,TRUE
station,TRUE
station,TRUE
grid,TRUE
plant,TRUE
source,TRUE
service,TRUE
site,TRUE
unit,TRUE
vessel,FALSE
base,TRUE
rule,TRUE
standard,TRUE
requirement,TRUE
issue,TRUE
right,TRUE
problem,TRUE
cost,TRUE
limitation,FALSE
use,TRUE
change,TRUE
quality,TRUE
constraint,FALSE
principle,TRUE
application,TRUE
specification,TRUE
variation,FALSE
other,TRUE
difference,TRUE
definition,TRUE
change,TRUE
restriction,TRUE
recommendation,FALSE
model,TRUE
function,TRUE
regulation,TRUE
process,TRUE
specific,FALSE
special,FALSE
certain,FALSE
environmental,FALSE
different,FALSE
material,TRUE
particular,FALSE
various,FALSE
technical,FALSE
physical,FALSE
report,TRUE
perform,TRUE
conduct,TRUE
make,TRUE
undertake,FALSE
enable,FALSE
provide,TRUE
use,TRUE
allow,TRUE
run,TRUE
attempt,TRUE
apply,TRUE
initiate,FALSE
complete,TRUE
series,TRUE
sequence,TRUE
stream,TRUE
selection,FALSE
list,TRUE
set,TRUE
range,TRUE
collection,TRUE
playback,FALSE
search,FALSE
batch,FALSE
process,TRUE
sample,TRUE
program,TRUE
select,TRUE
suitable,FALSE
several,FALSE
two,FALSE
sample,TRUE
frequency,TRUE
numerical,FALSE
target,FALSE
pulse,TRUE
parameter,TRUE
reference,TRUE
input,TRUE
line,TRUE
image,TRUE
point,TRUE
channel,TRUE
frequency,TRUE
#,FALSE
device,TRUE
equipment,TRUE
track,TRUE
recording,FALSE
tape,FALSE
image,TRUE
sample,TRUE
maximum,FALSE
bit,TRUE
constant,FALSE
rate,TRUE
clock,TRUE
variable,FALSE
current,FALSE
speed,TRUE
depth,FALSE
resolution,FALSE
interval,FALSE
pitch,FALSE
level,TRUE
ratio,TRUE
size,TRUE
aperture,FALSE
display,TRUE
mode,TRUE
analysis,TRUE
transfer,TRUE
selection,TRUE
collection,TRUE
recovery,FALSE
distribution,TRUE
translation,FALSE
transport,TRUE
editing,FALSE
release,TRUE
recording,TRUE
access,TRUE
mining,FALSE
resource,TRUE
file,TRUE
packet,FALSE
value,TRUE
memory,TRUE
command,TRUE
server,TRUE
internet,TRUE
database,TRUE
internet,TRUE
satellite,FALSE
device,TRUE
terminal,TRUE
carry,TRUE
send,TRUE
take,TRUE
work,TRUE
play,TRUE
perform,TRUE
pass,TRUE
read,TRUE
write,TRUE
switch,TRUE
handle,TRUE
make,TRUE
print,TRUE
do,TRUE
filter,TRUE
#,FALSE
screen,FALSE
chip,FALSE
disk,FALSE
premise,FALSE
label,FALSE
camera,FALSE
machine,TRUE
track,TRUE
interfere,TRUE
interference,FALSE
connection,TRUE
contact,FALSE
interaction,TRUE
problem,TRUE
deal,TRUE
problem,TRUE
delay,FALSE
conflict,FALSE
compatibility,FALSE
coordination,TRUE
connect,TRUE
world,FALSE
language,TRUE
life,TRUE
value,TRUE
space,TRUE
case,TRUE
way,TRUE
section,TRUE
article,TRUE
manner,FALSE
context,FALSE
example,TRUE
model,TRUE
form,TRUE
regard,FALSE
scenario,FALSE
detail,TRUE
rule,TRUE
limit,TRUE
statistic,TRUE
instruction,TRUE
condition,TRUE
result,TRUE
parameter,TRUE
relationship,TRUE
relation,TRUE
relationship,TRUE
difference,TRUE
relation,TRUE
connection,TRUE
distance,TRUE
cooperation,TRUE
distance,TRUE
node,TRUE
party,TRUE
entity,TRUE
component,TRUE
machine,TRUE
part,TRUE
terminal,TRUE
user,TRUE
group,TRUE
country,TRUE
unit,TRUE
per,FALSE
sub,FALSE
inter,FALSE
one,FALSE
single,FALSE
pro,FALSE
10,FALSE
class,TRUE
group,TRUE
field,TRUE
zone,TRUE
module,FALSE
sector,FALSE
band,FALSE
standard,TRUE
channel,TRUE
software,TRUE
protocol,TRUE
format,TRUE
company,TRUE
consist,TRUE
consist,TRUE
consist,TRUE
consist,TRUE
number,TRUE
comprise,TRUE
compose,FALSE
coverage,FALSE
dial,TRUE
start,TRUE
build,TRUE
pop,FALSE
back,TRUE
follow,TRUE
step,TRUE
scale,TRUE
back,TRUE
scale,TRUE
hook,FALSE
straight,FALSE
tune,FALSE
case,TRUE
purpose,TRUE
reason,TRUE
computer,TRUE
people,TRUE
task,TRUE
program,TRUE
instance,TRUE
obtain,TRUE
find,TRUE
store,TRUE
retrieve,TRUE
access,TRUE
extract,FALSE
collect,TRUE
gather,TRUE
identify,TRUE
understand,TRUE
include,TRUE
recover,FALSE
everything,FALSE
record,TRUE
document,TRUE
element,TRUE
documentation,FALSE
anything,FALSE
include,TRUE
like,FALSE
especially,FALSE
particularly,FALSE
namely,FALSE
specifically,FALSE
even,FALSE
notably,FALSE
know,TRUE
time,TRUE
history,FALSE
order,TRUE
date,TRUE
sequence,TRUE
location,TRUE
type,TRUE
course,FALSE
record,TRUE
structure,TRUE
diagram,FALSE
map,FALSE
figure,FALSE
matrix,FALSE
complex,TRUE
sculpture,FALSE
surface,FALSE
layer,TRUE
pyramid,FALSE
table,TRUE
contain,TRUE
include,TRUE
show,TRUE
use,TRUE
feature,TRUE
involve,TRUE
describe,TRUE
cover,TRUE
incorporate,FALSE
represent,TRUE
span,FALSE
specie,FALSE
aircraft,FALSE
seat,FALSE
peak,FALSE
vertex,FALSE
village,FALSE
family,FALSE
member,TRUE
color,FALSE
variant,FALSE
show,TRUE
see,TRUE
illustrate,TRUE
depict,FALSE
describe,TRUE
display,TRUE
present,TRUE
define,TRUE
outline,TRUE
indicate,TRUE
demonstrate,FALSE
represent,TRUE
give,TRUE
detail,FALSE
reveal,TRUE
number,TRUE
number,TRUE
list,TRUE
loss,TRUE
hundred,TRUE
range,FALSE
location,TRUE
set,TRUE
any,FALSE
example,TRUE
choice,TRUE
board,FALSE
demand,TRUE
disc,FALSE
call,TRUE
request,FALSE
number,TRUE
output,TRUE
content,TRUE
accuracy,TRUE
average,FALSE
amount,TRUE
offset,FALSE
integer,TRUE
efficiency,TRUE
estimate,FALSE
extent,FALSE
limit,TRUE
value,TRUE
hand,TRUE
manually,FALSE
hard,FALSE
simultaneously,FALSE
copy,FALSE
rubber,FALSE
stamp,FALSE
digitally,FALSE
accurately,FALSE
reverse,FALSE
permanently,FALSE
continuously,FALSE
color,FALSE
#,FALSE
forward,FALSE
#,FALSE
',TRUE
three,FALSE
#,FALSE
preservation,FALSE
this,FALSE
research,TRUE
only,FALSE
protection,TRUE
trust,FALSE
just,FALSE
support,TRUE
sense,TRUE
event,TRUE
knowledge,TRUE
assumption,TRUE
belief,TRUE
understand,TRUE
view,TRUE
hope,TRUE
respect,FALSE
idea,TRUE
concept,TRUE
something,FALSE
word,TRUE
recover,TRUE
store,TRUE
retrieve,TRUE
preserve,TRUE
update,TRUE
save,TRUE
modify,TRUE
collect,TRUE
use,TRUE
destroy,FALSE
process,TRUE
lose,TRUE
alter,FALSE
erase,FALSE
reconstruct,FALSE
delete,FALSE
recycle,FALSE
copy,TRUE
compress,FALSE
discard,FALSE
transfer,TRUE
restore,FALSE
return,TRUE
correct,TRUE
replace,TRUE
necessary,FALSE
unavailable,FALSE
incomplete,FALSE
unnecessary,FALSE
redundant,FALSE
impossible,FALSE
remote,FALSE
available,FALSE
damage,TRUE
isolate,FALSE
small,FALSE
possible,FALSE
accessible,FALSE
difficult,FALSE
irrelevant,FALSE
kind,TRUE
sort,TRUE
degree,FALSE
length,TRUE
nature,TRUE
quality,TRUE
dimension,TRUE
mean,TRUE
text,TRUE
scope,TRUE
term,TRUE
framework,FALSE
spirit,FALSE
name,TRUE
statement,TRUE
description,FALSE
solution,TRUE
development,TRUE
innovation,FALSE
#,FALSE
issue,TRUE
aspect,TRUE
item,TRUE
advance,FALSE
improvement,TRUE
meet,TRUE
satisfy,FALSE
exceed,TRUE
fulfill,TRUE
challenge,FALSE
affect,TRUE
fit,TRUE
violate,FALSE
support,TRUE
match,FALSE
address,TRUE
reach,TRUE
impact,TRUE
achieve,TRUE
objective,TRUE
criterion,TRUE
goal,TRUE
objective,TRUE
purpose,TRUE
aim,FALSE
goal,TRUE
principle,TRUE
task,TRUE
need,TRUE
mission,FALSE
contain,TRUE
specify,TRUE
state,TRUE
mention,FALSE
list,TRUE
identify,TRUE
express,TRUE
provide,TRUE
discuss,TRUE
cover,TRUE
document,TRUE
report,TRUE
contract,FALSE
article,TRUE
Act,FALSE
patent,FALSE
paper,TRUE
draft,TRUE
file,TRUE
classification,FALSE
#,FALSE
for,FALSE
an,FALSE
in,FALSE
the,FALSE
feature,TRUE
element,TRUE
version,FALSE
property,TRUE
part,TRUE
link,TRUE
share,TRUE
include,TRUE
associate,TRUE
consistent,FALSE
change,TRUE
exchange,TRUE
present,FALSE
check,TRUE
correlate,FALSE
confuse,FALSE
integrate,TRUE
transfer,TRUE
subsequent,FALSE
future,FALSE
car,TRUE
student,TRUE
capacity,TRUE
area,TRUE
population,FALSE
portion,FALSE
dimension,FALSE
town,FALSE
rice,FALSE
milk,FALSE
sugar,FALSE
steel,FALSE
food,FALSE
oil,TRUE
iron,FALSE
coal,FALSE
wine,FALSE
electricity,TRUE
wheat,FALSE
charcoal,FALSE
ethanol,FALSE
grain,FALSE
generation,TRUE
production,TRUE
distribution,TRUE
supply,TRUE
#,FALSE
storage,TRUE
produce,TRUE
processing,TRUE
generator,TRUE
facility,TRUE
plant,TRUE
industry,TRUE
machinery,FALSE
page,TRUE
category,TRUE
intend,TRUE
useful,FALSE
design,TRUE
mean,TRUE
important,FALSE
reserve,FALSE
develop,TRUE
need,TRUE
helpful,FALSE
recommend,FALSE
read,TRUE
research,TRUE
reason,TRUE
equipment,TRUE
plant,TRUE
People,TRUE
building,FALSE
part,TRUE
material,TRUE
power,TRUE
person,TRUE
instrument,TRUE
thing,FALSE
property,TRUE
product,TRUE
element,TRUE
material,TRUE
system,TRUE
transport,TRUE
technology,TRUE
navigation,FALSE
transportation,FALSE
water,TRUE
atomic,FALSE
#,FALSE
blow,FALSE
#,FALSE
project,TRUE
standard,TRUE
radio,TRUE
locally,FALSE
#,FALSE
#,FALSE
overview,FALSE
instance,TRUE
explanation,FALSE
implementation,TRUE
application,TRUE
illustration,FALSE
outline,FALSE
interpretation,TRUE
extension,FALSE
expression,FALSE
assessment,TRUE
indication,FALSE
rule,TRUE
approach,TRUE
algorithm,TRUE
procedure,TRUE
situation,TRUE
study,TRUE
decision,TRUE
regard,TRUE
use,TRUE
involve,TRUE
eligibility,FALSE
registration,FALSE
privacy,FALSE
availability,FALSE
search,FALSE
accounting,FALSE
payment,FALSE
disclosure,FALSE
search,FALSE
train,FALSE
vehicle,TRUE
situation,TRUE
follow,TRUE
follow,TRUE
follow,TRUE
follow,TRUE
proposal,TRUE
solution,TRUE
plan,TRUE
scheme,TRUE
bill,FALSE
deliver,TRUE
route,FALSE
transmit,FALSE
place,TRUE
offer,TRUE
base,TRUE
implement,TRUE
telephone,TRUE
phone,FALSE
mobile,FALSE
local,FALSE
call,TRUE
simple,FALSE
sign,FALSE
pick,FALSE
wake,FALSE
top,TRUE
catch,FALSE
connect,TRUE
link,TRUE
similar,FALSE
attach,FALSE
belong,FALSE
relate,TRUE
supply,TRUE
unique,FALSE
interface,TRUE
key,FALSE
transit,FALSE
bus,TRUE
growth,FALSE
medium,TRUE
test,TRUE
feed,TRUE
feed,TRUE
print,TRUE
composite,FALSE
tissue,FALSE
construction,TRUE
work,TRUE
mechanism,TRUE
function,TRUE
#,FALSE
mechanism,TRUE
method,TRUE
#,FALSE
agent,FALSE
chain,FALSE
also,FALSE
therefore,FALSE
always,FALSE
temperature,TRUE
environment,TRUE
depend,TRUE
dependent,FALSE
depend,TRUE
depend,TRUE
depend,TRUE
depend,TRUE
contingent,FALSE
accord,TRUE
condition,TRUE
base,TRUE
rely,TRUE
pH,FALSE
concentration,FALSE
activity,TRUE
strain,FALSE
load,TRUE
place,TRUE
#,FALSE
stage,TRUE
procedure,TRUE
method,TRUE
direction,TRUE
route,FALSE
choice,TRUE
association,TRUE
community,TRUE
meeting,FALSE
country,TRUE
response,TRUE
reaction,TRUE
arrival,FALSE
run,TRUE
travel,FALSE
flight,FALSE
departure,FALSE
execution,TRUE
delivery,FALSE
phase,TRUE
time,TRUE
period,TRUE
velocity,FALSE
duration,TRUE
agent,FALSE
activity,TRUE
appear,TRUE
need,TRUE
seem,TRUE
tend,TRUE
require,TRUE
prove,TRUE
want,TRUE
take,TRUE
assume,TRUE
expect,TRUE
happen,TRUE
get,TRUE
claim,TRUE
fail,TRUE
word,FALSE
minute,FALSE
brain,FALSE
moment,FALSE
frame,FALSE
it,FALSE
they,FALSE
he,FALSE
we,FALSE
one,FALSE
someone,FALSE
she,FALSE
user,TRUE
you,FALSE
team,FALSE
engineer,TRUE
help,TRUE
serve,TRUE
exist,TRUE
require,TRUE
aim,TRUE
create,TRUE
build,TRUE
establish,TRUE
design,TRUE
develop,TRUE
construct,TRUE
operate,TRUE
maintain,TRUE
improve,TRUE
manage,TRUE
organize,TRUE
protect,TRUE
integrate,TRUE
extend,TRUE
update,TRUE
enhance,TRUE
transform,FALSE
repair,FALSE
expand,TRUE
deploy,FALSE
implement,TRUE
neural,FALSE
entire,FALSE
exist,TRUE
whole,FALSE
underlie,FALSE
social,FALSE
sensor,TRUE
download,TRUE
comparison,FALSE
view,TRUE
publication,FALSE
identification,TRUE
exchange,TRUE
every,FALSE
either,FALSE
another,FALSE
database,TRUE
online,FALSE
website,FALSE
pdf,FALSE
optional,FALSE
dvd,FALSE
rom,FALSE
sd,FALSE
property,TRUE
characteristic,TRUE
structure,TRUE
dynamic,FALSE
origin,FALSE
technique,TRUE
equation,TRUE
theorem,FALSE
theory,FALSE
game,FALSE
summarize,FALSE
find,TRUE
explain,TRUE
that,FALSE
here,FALSE
which,FALSE
determine,TRUE
measure,TRUE
exposure,FALSE
recovery,TRUE
real,FALSE
rate,TRUE
path,TRUE
circuit,TRUE
component,TRUE
fault,TRUE
mechanical,FALSE
density,FALSE
#,FALSE
flow,TRUE
effect,TRUE
cost,TRUE
cause,TRUE
failure,TRUE
loss,TRUE
error,TRUE
death,FALSE
termination,FALSE
occurrence,FALSE
failure,TRUE
binary,FALSE
index,FALSE
digit,TRUE
character,TRUE
control,TRUE
interface,TRUE
code,TRUE
product,TRUE
name,TRUE
law,TRUE
law,TRUE
decision,TRUE
legislation,FALSE
agreement,FALSE
determination,FALSE
policy,FALSE
provision,FALSE
concern,TRUE
except,FALSE
right,TRUE
appointment,FALSE
election,FALSE
education,FALSE
admission,FALSE
residence,FALSE
citizenship,FALSE
representation,TRUE
employment,FALSE
vessel,FALSE
patient,FALSE
passenger,FALSE
personnel,FALSE
ship,FALSE
air,TRUE
animal,FALSE
worker,FALSE
person,TRUE
exercise,TRUE
confer,FALSE
impose,FALSE
conduct,TRUE
hold,TRUE
assign,TRUE
undertake,FALSE
regional,FALSE
national,FALSE
communal,FALSE
judicial,FALSE
administrative,FALSE
statistical,FALSE
legal,FALSE
regulatory,FALSE
#,FALSE
institutional,FALSE
educational,FALSE
functional,FALSE
financial,FALSE
thereof,FALSE
basic,FALSE
major,FALSE
primary,FALSE
principal,FALSE
core,TRUE
common,FALSE
central,FALSE
development,TRUE
configuration,TRUE
installation,TRUE
engineering,TRUE
deployment,FALSE
automation,FALSE
capability,TRUE
responsibility,TRUE
may,FALSE
phase,TRUE
step,TRUE
tool,TRUE
involve,TRUE
comprise,TRUE
involve,TRUE
cover,TRUE
gather,TRUE
creation,TRUE
collect,FALSE
store,TRUE
raise,FALSE
add,TRUE
extraction,FALSE
removal,FALSE
handle,TRUE
edit,FALSE
retention,FALSE
manipulation,FALSE
preservation,FALSE
user,TRUE
setting,FALSE
policy,TRUE
location,TRUE
level,TRUE
release,TRUE
separation,FALSE
movement,FALSE
exclusion,FALSE
filter,TRUE
critical,FALSE
performance,TRUE
additional,FALSE
log,FALSE
website,FALSE
role,TRUE
requirement,TRUE
responsibility,TRUE
automate,TRUE
operate,TRUE
center,TRUE
infrastructure,TRUE
centre,FALSE
hub,FALSE
transmit,TRUE
send,TRUE
carry,TRUE
convey,FALSE
relay,TRUE
deliver,TRUE
bring,TRUE
communicate,TRUE
pass,TRUE
receive,FALSE
traffic,FALSE
factory,FALSE
industrial,FALSE
customer,FALSE
laboratory,TRUE
build,TRUE
vehicle,FALSE
city,FALSE
market,FALSE
ground,TRUE
product,TRUE
facilitate,FALSE
monitor,TRUE
measure,TRUE
reduce,TRUE
prevent,FALSE
handle,TRUE
accommodate,FALSE
describe,TRUE
regulate,FALSE
detect,FALSE
good,TRUE
emission,FALSE
heat,TRUE
material,TRUE
gather,TRUE
record,TRUE
analyze,TRUE
generate,TRUE
measure,TRUE
produce,TRUE
obtain,TRUE
region,TRUE
area,TRUE
force,TRUE
mission,FALSE
squadron,FALSE
comprise,TRUE
become,TRUE
encompass,FALSE
aforementione,FALSE
army,FALSE
army,FALSE
airport,FALSE
exist,TRUE
four,FALSE
24,FALSE
eight,FALSE
six,FALSE
logical,FALSE
xml,FALSE
set,TRUE
#,FALSE
definition,TRUE
consider,TRUE
understand,TRUE
keep,TRUE
compare,TRUE
study,TRUE
group,TRUE
maintain,TRUE
object,TRUE
attribute,TRUE
domain,TRUE
array,FALSE
architecture,FALSE
domain,TRUE
factor,TRUE
input,TRUE
encode,FALSE
register,TRUE
enter,TRUE
locate,TRUE
container,FALSE
safe,FALSE
housing,FALSE
buffer,FALSE
medium,TRUE
register,FALSE
change,TRUE
action,FALSE
measurement,TRUE
observation,FALSE
gas,TRUE
steam,TRUE
reactor,FALSE
tidal,FALSE
power,TRUE
propulsion,FALSE
pertain,FALSE
relate,TRUE
submit,FALSE
relevant,FALSE
go,TRUE
allocate,FALSE
motor,FALSE
facility,TRUE
generator,TRUE
publish,TRUE
arrange,TRUE
sort,TRUE
classify,TRUE
reference,TRUE
determine,FALSE
separate,FALSE
individual,FALSE
short,FALSE
full,FALSE
together,FALSE
within,FALSE
sheet,FALSE
point,TRUE
section,TRUE
edition,FALSE
book,TRUE
altitude,FALSE
elevation,FALSE
slope,FALSE
end,TRUE
organisation,FALSE
force,TRUE
control,TRUE
evaluate,FALSE
operate,TRUE
view,TRUE
manage,TRUE
monitor,TRUE
direct,TRUE
angle,FALSE
point,TRUE
state,TRUE
side,TRUE
position,TRUE
rear,FALSE
sight,FALSE
experience,TRUE
origin,FALSE
perspective,TRUE
view,FALSE
view,TRUE
interest,TRUE
expertise,FALSE
observation,FALSE
review,TRUE
mind,TRUE
concern,FALSE
branch,FALSE
topic,FALSE
aspect,TRUE
focus,TRUE
#,FALSE
#,FALSE
#,FALSE
#,FALSE
#,FALSE
project,TRUE
provide,TRUE
contain,TRUE
business,TRUE
robot,FALSE
deal,TRUE
interact,TRUE
connect,TRUE
interfere,FALSE
deal,TRUE
deal,TRUE
engage,TRUE
comply,FALSE
act,TRUE
#,FALSE
#,FALSE
#,FALSE
#,FALSE
#,FALSE
#,FALSE
#,FALSE
#,FALSE
#,FALSE
#,FALSE
#,FALSE
#,FALSE
intervention,FALSE
involvement,TRUE
participation,FALSE
assistance,FALSE
consent,FALSE
presence,TRUE
permission,FALSE
supervision,FALSE
agency,FALSE
administrator,FALSE
each,FALSE
software,TRUE
everything,FALSE
water,TRUE
check,TRUE
test,TRUE
assessment,FALSE
testing,TRUE
ensure,TRUE
assure,FALSE
guarantee,FALSE
indicate,TRUE
ensure,TRUE
verify,TRUE
show,TRUE
mean,TRUE
predict,TRUE
check,TRUE
confirm,FALSE
damage,TRUE
issue,TRUE
infringement,FALSE
consequence,FALSE
alarm,TRUE
warn,FALSE
instrument,FALSE
controller,TRUE
lock,FALSE
remove,FALSE
apply,TRUE
close,FALSE
five,FALSE
many,FALSE
kind,TRUE
piece,FALSE
category,FALSE
class,TRUE
source,TRUE
sort,TRUE
form,TRUE
bit,TRUE
algorithm,FALSE
language,TRUE
game,FALSE
card,TRUE
encryption,FALSE
continue,TRUE
examine,FALSE
compile,FALSE
verify,TRUE
overcome,FALSE
accomplish,FALSE
solve,FALSE
compliance,FALSE
next,FALSE
functionality,TRUE
add,TRUE
introduce,TRUE
essential,FALSE
employ,TRUE
utilize,FALSE
volume,TRUE
edition,FALSE
note,FALSE
source,TRUE
volume,TRUE
page,TRUE
text,FALSE
minute,FALSE
album,FALSE
game,FALSE
series,TRUE
good,FALSE
music,FALSE
show,FALSE
world,TRUE
year,TRUE
certification,FALSE
focus,TRUE
work,TRUE
found,FALSE
center,TRUE
ground,TRUE
active,FALSE
model,TRUE
train,FALSE
construct,TRUE
international,FALSE
iso,TRUE
scientific,FALSE
european,FALSE
global,FALSE
professional,FALSE
UN,FALSE
EU,FALSE
Database,FALSE
these,FALSE
such,FALSE
reference,TRUE
file,TRUE
some,FALSE
language,TRUE
other,FALSE
social,FALSE
#,FALSE
object,TRUE
collection,TRUE
description,TRUE
format,TRUE
field,TRUE
attribute,TRUE
represent,TRUE
incorporate,TRUE
share,TRUE
layer,TRUE
example,TRUE
concept,TRUE
statement,TRUE
simplicity,FALSE
convenience,FALSE
#,FALSE
general,FALSE
behavior,FALSE
shape,FALSE
planning,FALSE
service,TRUE
plan,TRUE
resource,TRUE
program,TRUE
application,TRUE
solution,TRUE
look,TRUE
mix,FALSE
clean,FALSE
set,TRUE
break,TRUE
wrap,FALSE
write,TRUE
default,TRUE
allocation,FALSE
#,FALSE
call,TRUE
list,TRUE
#,FALSE
offer,TRUE
consider,TRUE
specify,TRUE
whether,FALSE
attempt,FALSE
way,TRUE
try,TRUE
attempt,FALSE
ability,TRUE
return,TRUE
restore,TRUE
fetch,FALSE
locate,TRUE
save,TRUE
remove,FALSE
appropriate,FALSE
valid,FALSE
generic,FALSE
symbol,FALSE
variable,TRUE
weight,TRUE
character,FALSE
label,TRUE
vector,FALSE
row,FALSE
address,TRUE
letter,FALSE
argument,FALSE
key,TRUE
differ,TRUE
come,TRUE
arise,FALSE
result,TRUE
derive,TRUE
stem,FALSE
remain,TRUE
originate,FALSE
stray,FALSE
occur,TRUE
originate,FALSE
original,FALSE
actual,FALSE
previous,FALSE
correspond,FALSE
fix,TRUE
initial,FALSE
normal,FALSE
fault,TRUE
defect,FALSE
flaw,FALSE
weakness,FALSE
bug,TRUE
delay,TRUE
mistake,FALSE
defect,FALSE
processor,FALSE
cpu,FALSE
ip,FALSE
CP,FALSE
r,FALSE
pc,FALSE
cr,FALSE
os,FALSE
CA,FALSE
s,FALSE
integrity,TRUE
keep,TRUE
remember,FALSE
replace,TRUE
see,TRUE
count,TRUE
clock,TRUE
period,TRUE
coin,FALSE
event,TRUE
treat,TRUE
count,TRUE
regard,FALSE
know,TRUE
account,FALSE
possibility,TRUE
chemical,FALSE
company,TRUE
organization,TRUE
adapt,TRUE
switch,TRUE
respond,FALSE
move,TRUE
transition,FALSE
react,FALSE
migrate,FALSE
convert,TRUE
relate,TRUE
adjust,FALSE
cool,TRUE
hybrid,FALSE
root,FALSE
irrigation,FALSE
non,FALSE
revenue,FALSE
free,FALSE
drive,TRUE
prone,FALSE
#,FALSE
orient,FALSE
#,FALSE
#,FALSE
limit,TRUE
occasion,FALSE
hiatus,FALSE
#,FALSE
#,FALSE
repeat,TRUE
reference,TRUE
quote,FALSE
sentence,FALSE
comment,FALSE
question,TRUE
fact,TRUE
column,FALSE
entry,FALSE
chapter,FALSE
chart,FALSE
•,FALSE
key,FALSE
message,TRUE
final,FALSE
regular,FALSE
broadcast,TRUE
continuous,FALSE
automatic,FALSE
entry,FALSE
compression,FALSE
submission,FALSE
header,FALSE
#,FALSE
#,FALSE
ID,FALSE
code,FALSE
#,FALSE
#,FALSE
#,FALSE
#,FALSE
name,FALSE
#,FALSE
#,FALSE
zone,FALSE
signature,TRUE
॥,FALSE
secure,FALSE
distribute,TRUE
internal,FALSE
mail,FALSE
net,FALSE
enable,TRUE
package,TRUE
capability,TRUE
add,TRUE
retain,FALSE
possess,FALSE
give,TRUE
acquire,FALSE
direct,TRUE
raw,FALSE
sensitive,FALSE
transaction,FALSE
content,TRUE
server,FALSE
#,FALSE
authority,TRUE
authority,TRUE
government,TRUE
office,FALSE
log,TRUE
auto,FALSE
connectivity,FALSE
cache,FALSE
completion,TRUE
commencement,FALSE
initiation,FALSE
conclusion,FALSE
closure,FALSE
begin,TRUE
graph,FALSE
curve,FALSE
phenomenon,FALSE
universe,FALSE
characterize,TRUE
categorize,TRUE
divide,TRUE
interpret,FALSE
cardinal,FALSE
equation,TRUE
table,TRUE
formula,FALSE
chart,FALSE
season,FALSE
festival,FALSE
day,TRUE
race,FALSE
year,TRUE
tournament,FALSE
competition,FALSE
date,TRUE
episode,FALSE
week,FALSE
weekend,FALSE
combine,TRUE
contrast,FALSE
merge,FALSE
pair,TRUE
mixed,FALSE
work,TRUE
version,FALSE
song,FALSE
instrument,TRUE
sound,FALSE
sound,FALSE
coordinate,FALSE
balance,FALSE
#,FALSE
science,FALSE
#,FALSE
principle,TRUE
state,TRUE
matter,TRUE
opinion,FALSE
vision,FALSE
argue,TRUE
say,TRUE
assume,TRUE
observe,FALSE
conclude,FALSE
expect,TRUE
prove,FALSE
note,TRUE
transmission,TRUE
rely,TRUE
concentrate,FALSE
universal,FALSE
coherent,FALSE
since,FALSE
controller,TRUE
usually,FALSE
typically,FALSE
primarily,FALSE
generally,FALSE
often,FALSE
simply,FALSE
operational,FALSE
command,TRUE
operator,TRUE
employee,TRUE
engineer,FALSE
entity,FALSE
employer,FALSE
executive,FALSE
enterprise,FALSE
teach,TRUE
assign,TRUE
grant,TRUE
tell,TRUE
inform,FALSE
deny,FALSE
lend,FALSE
feedback,TRUE
resource,TRUE
intention,FALSE
intent,TRUE
importance,FALSE
duty,FALSE
essence,FALSE
committee,FALSE
commission,TRUE
body,FALSE
Commission,FALSE
council,FALSE
committee,FALSE
council,FALSE
society,TRUE
ministry,FALSE
define,TRUE
determine,TRUE
guideline,FALSE
norm,FALSE
convention,TRUE
wind,TRUE
wind,TRUE
card,TRUE
item,TRUE
letter,FALSE
mark,TRUE
stamp,FALSE
sign,TRUE
label,TRUE
rank,FALSE
hour,FALSE
destination,FALSE
month,TRUE
price,TRUE
operation,TRUE
program,TRUE
its,FALSE
project,TRUE
operational,FALSE
would,FALSE
encompasse,FALSE
constitute,FALSE
responsible,FALSE
provide,TRUE
hardware,TRUE
governance,FALSE
in,TRUE
ordination,FALSE
order,TRUE
optimization,TRUE
simulation,FALSE
make,TRUE
prepare,TRUE
discuss,FALSE
consider,TRUE
establish,TRUE
determine,TRUE
write,TRUE
publish,TRUE
issue,TRUE
describe,TRUE
propose,FALSE
state,TRUE
present,TRUE
terminology,FALSE
sale,FALSE
purchase,FALSE
manufacture,FALSE
loan,FALSE
packaging,FALSE
sale,FALSE
bid,FALSE
contract,TRUE
contract,TRUE
approval,FALSE
award,FALSE
auction,FALSE
license,FALSE
tender,FALSE
commission,FALSE
discretion,FALSE
job,FALSE
right,TRUE
custom,FALSE
business,TRUE
obligation,FALSE
practice,TRUE
author,TRUE
owner,FALSE
architect,FALSE
applicant,FALSE
investor,FALSE
advocate,FALSE
corporation,FALSE
contractor,FALSE
person,TRUE
union,FALSE
produce,TRUE
prepare,FALSE
publish,FALSE
propose,TRUE
decide,FALSE
advance,FALSE
detail,TRUE
brief,FALSE
parallel,FALSE
summary,FALSE
addition,TRUE
portion,FALSE
half,TRUE
copy,TRUE
provision,TRUE
applicable,FALSE
meet,TRUE
chicken,FALSE
term,TRUE
horse,FALSE
home,TRUE
heart,FALSE
typical,FALSE
tree,FALSE
#,FALSE
#,FALSE
shear,FALSE
potential,FALSE
demand,TRUE
opportunity,TRUE
budget,FALSE
installation,TRUE
increase,TRUE
vary,TRUE
coincide,FALSE
conflict,FALSE
correspond,TRUE
overlap,FALSE
decrease,TRUE
compete,FALSE
combine,FALSE
grow,TRUE
increase,TRUE
increase,TRUE
instal,TRUE
grow,TRUE
overall,FALSE
total,FALSE
capacity,TRUE
lifetime,FALSE
volume,TRUE
laser,FALSE
pilot,FALSE
modular,FALSE
host,TRUE
contrast,FALSE
convention,FALSE
analogy,FALSE
symmetry,FALSE
induction,FALSE
coincidence,FALSE
discrete,FALSE
logic,TRUE
semantic,FALSE
random,FALSE
complexity,FALSE
conceptual,FALSE
finite,FALSE
basis,FALSE
hierarchy,FALSE
block,FALSE
lattice,FALSE
distinct,FALSE
conditional,FALSE
probability,FALSE
use,TRUE
allow,TRUE
also,FALSE
measurement,TRUE
check,TRUE
adjustment,FALSE
detection,FALSE
sensor,TRUE
building,FALSE
monitor,TRUE
surveillance,FALSE
diagnostic,FALSE
automatically,FALSE
help,TRUE
initiate,FALSE
emergency,TRUE
friendly,FALSE
pattern,TRUE
movement,TRUE
effect,TRUE
action,TRUE
incident,FALSE
alteration,FALSE
shift,TRUE
lighting,FALSE
identify,TRUE
report,TRUE
compare,TRUE
trace,FALSE
list,TRUE
analyze,TRUE
scheduling,FALSE
measure,TRUE
count,TRUE
gps,FALSE
spatial,FALSE
temporal,FALSE
Non,FALSE
industry,TRUE
server,TRUE
government,TRUE
computer,TRUE
vendor,FALSE
business,TRUE
standardize,FALSE
create,TRUE
establish,TRUE
mandate,FALSE
license,FALSE
approve,FALSE
manufacturer,FALSE
supplier,FALSE
pre,FALSE
carrier,FALSE
prefer,TRUE
request,TRUE
choose,TRUE
approach,TRUE
route,TRUE
extension,TRUE
become,TRUE
introduce,FALSE
distinguish,TRUE
differentiate,FALSE
denote,FALSE
#,FALSE
#,FALSE
#,FALSE
#,FALSE
#,FALSE
#,FALSE
#,FALSE
#,FALSE
#,FALSE
#,FALSE
#,FALSE
#,FALSE
#,FALSE
usage,FALSE
methodology,FALSE
_,FALSE
word,FALSE
short,FALSE
fast,FALSE
simple,FALSE
quick,FALSE
a,FALSE
automatic,FALSE
#,FALSE
#,FALSE
#,FALSE
loop,FALSE
#,FALSE
point,FALSE
tool,TRUE
unit,FALSE
b,FALSE
c,FALSE
collaboration,FALSE
liaison,FALSE
communicating,FALSE
dialogue,FALSE
consultation,FALSE
interchange,FALSE
coordinate,TRUE
engineer,TRUE
staff,TRUE
operator,TRUE
technician,FALSE
rescue,FALSE
crew,FALSE
team,TRUE
department,TRUE
manager,FALSE
crew,FALSE
#,FALSE
engine,TRUE
department,FALSE
dispatch,FALSE
cycle,TRUE
room,FALSE
tower,TRUE
panel,FALSE
desk,FALSE
occasion,FALSE
subject,TRUE
question,TRUE
red,FALSE
yellow,FALSE
black,FALSE
white,FALSE
blue,FALSE
could,FALSE
might,FALSE
must,FALSE
mark,TRUE
shall,FALSE
mark,TRUE
indicate,TRUE
state,TRUE
say,TRUE
suggest,TRUE
imply,TRUE
indicate,TRUE
denote,FALSE
reveal,TRUE
claim,TRUE
author,TRUE
participant,FALSE
editor,FALSE
recipient,FALSE
writer,FALSE
publisher,FALSE
opinion,FALSE
consensus,FALSE
comment,TRUE
influence,FALSE
say,FALSE
guidance,TRUE
publication,TRUE
paper,TRUE
manuscript,FALSE
book,TRUE
text,TRUE
signature,FALSE
meet,TRUE
support,TRUE
fulfil,FALSE
satisfy,FALSE
implement,TRUE
fit,TRUE
violate,FALSE
serve,TRUE
finding,FALSE
test,TRUE
weigh,FALSE
defend,FALSE
protect,TRUE
hypothesis,FALSE
well,FALSE
fire,TRUE
climate,FALSE
electronic,FALSE
operate,TRUE
Linux,FALSE
API,FALSE
t,FALSE
#,FALSE
patent,FALSE
limitation,TRUE
restriction,FALSE
age,FALSE
status,FALSE
strength,TRUE
aluminum,FALSE
circumstance,FALSE
region,TRUE
scenario,FALSE
place,TRUE
jurisdiction,FALSE
collective,FALSE
animal,FALSE
cooperative,FALSE
parent,FALSE
organic,FALSE
tenant,FALSE
family,FALSE
#,FALSE
participate,TRUE
intervene,FALSE
invest,FALSE
assist,FALSE
stay,FALSE
cooperate,FALSE
formation,FALSE
plan,TRUE
structural,FALSE
soil,FALSE
atmospheric,FALSE
ecological,FALSE
ecosystem,FALSE
dynamic,FALSE
weather,FALSE
integration,TRUE
introduction,FALSE
order,TRUE
ship,FALSE
military,FALSE
manager,FALSE
preparation,FALSE
sms,FALSE
receiver,FALSE
signal,TRUE
provider,FALSE
agree,TRUE
certainty,FALSE
minimum,FALSE
assurance,FALSE
clarity,FALSE
request,TRUE
email,FALSE
response,TRUE
execute,FALSE
dispatch,FALSE
intercept,FALSE
fashion,FALSE
instant,FALSE
stage,FALSE
scale,TRUE
site,TRUE
laboratory,TRUE
institution,FALSE
direction,TRUE
path,TRUE
sort,TRUE
encode,FALSE
modification,FALSE
twin,FALSE
multiple,FALSE
dual,FALSE
vertical,FALSE
farm,TRUE
pair,TRUE
tower,TRUE
double,FALSE
cycle,TRUE
dam,FALSE
blade,TRUE
rotor,FALSE
Francis,FALSE
mill,FALSE
#,FALSE
node,TRUE
calculate,TRUE
quantity,TRUE
weight,TRUE
sum,FALSE
magnitude,FALSE
conversion,FALSE
validity,FALSE
#,FALSE
#,FALSE
facto,FALSE
emission,FALSE
dependence,FALSE
metric,FALSE
#,FALSE
subject,FALSE
accord,TRUE
conform,FALSE
subject,TRUE
refer,TRUE
article,TRUE
free,FALSE
no,FALSE
single,FALSE
air,TRUE
money,FALSE
cash,FALSE
feed,TRUE
window,FALSE
election,FALSE
election,FALSE
member,TRUE
party,TRUE
vote,FALSE
agreement,FALSE
refer,TRUE
2011,FALSE
2012,FALSE
2013,FALSE
2014,FALSE
2015,FALSE
2008,FALSE
2009,FALSE
2007,FALSE
2016,FALSE
2010,FALSE
2017,FALSE
2006,FALSE
2004,FALSE
2005,FALSE
2003,FALSE
assumption,TRUE
theory,TRUE
idea,TRUE
formulate,FALSE
result,TRUE
training,FALSE
topology,FALSE
station,TRUE
result,TRUE
report,TRUE
energy,TRUE
those,FALSE
deposit,FALSE
transmitter,FALSE
pole,FALSE
master,FALSE
stream,TRUE
fly,FALSE
radiate,FALSE
cut,TRUE
poll,FALSE
vote,FALSE
rotation,FALSE
remotely,FALSE
antenna,FALSE
info,FALSE
broadcast,TRUE
stream,TRUE
genome,FALSE
voltage,TRUE
intensity,FALSE
precision,FALSE
#,FALSE
fuel,TRUE
stock,FALSE
complete,TRUE
accomplish,FALSE
scan,FALSE
scan,FALSE
library,FALSE
matrix,FALSE
tag,FALSE
adapt,FALSE
exploit,FALSE
adjust,FALSE
tailor,FALSE
substitute,FALSE
manipulate,FALSE
radar,FALSE
web,FALSE
bank,FALSE
#,FALSE
negative,FALSE
remain,TRUE
load,TRUE
quantity,FALSE
well,FALSE
tank,FALSE
proper,FALSE
prepare,FALSE
due,FALSE
thank,FALSE
owe,FALSE
accordance,FALSE
consideration,FALSE
stop,TRUE
restart,FALSE
halt,FALSE
jump,FALSE
strike,FALSE
trigger,FALSE
activate,FALSE
result,TRUE
occur,TRUE
happen,FALSE
end,TRUE
bring,TRUE
come,TRUE
lead,TRUE
occur,TRUE
engage,FALSE
start,TRUE
begin,TRUE
stop,TRUE
discharge,FALSE
exit,FALSE
stall,FALSE
fire,TRUE
start,TRUE
pressure,TRUE
starter,FALSE
hydraulic,FALSE
drive,TRUE
trigger,FALSE
incident,TRUE
accident,FALSE
cause,TRUE
require,TRUE
produce,TRUE
create,TRUE
generate,TRUE
cause,TRUE
induce,FALSE
interrupt,FALSE
pause,FALSE
backup,FALSE
#,FALSE
#,FALSE
function,TRUE
nervous,FALSE
score,FALSE
employ,FALSE
adopt,TRUE
option,FALSE
exhibit,FALSE
exploit,FALSE
gear,TRUE
partial,FALSE
box,FALSE
display,TRUE
filter,TRUE
AC,FALSE
dry,FALSE
valve,FALSE
liquid,FALSE
#,FALSE
press,FALSE
#,FALSE
vacuum,FALSE
injection,FALSE
cool,FALSE
indicator,FALSE
regulator,FALSE
gauge,FALSE
meter,FALSE
seal,FALSE
cap,FALSE
knob,FALSE
fan,FALSE
detector,FALSE
wear,FALSE
torque,FALSE
ignition,FALSE
clutch,FALSE
gearbox,FALSE
differential,FALSE
driver,FALSE
valve,FALSE
cylinder,FALSE
coil,FALSE
port,FALSE
gear,TRUE
exhaust,FALSE
intake,FALSE
external,FALSE
auxiliary,FALSE
inlet,FALSE
head,FALSE
heating,FALSE
balance,TRUE
collector,FALSE
allow,TRUE
continue,TRUE
access,TRUE
load,TRUE
night,FALSE
interval,FALSE
negotiation,FALSE
authorization,FALSE
declaration,FALSE
translation,FALSE
subscription,FALSE
advertising,FALSE
email,FALSE
fee,FALSE
consider,TRUE
understanding,FALSE
on,FALSE
change,TRUE
change,TRUE
know,TRUE
and,FALSE
consider,TRUE
battery,FALSE
speaker,FALSE
[,FALSE
#,FALSE
administration,FALSE
cloud,FALSE
library,FALSE
archive,FALSE
spread,FALSE
map,TRUE
carry,TRUE
smooth,FALSE
edit,FALSE
confusion,FALSE
figure,TRUE
table,TRUE
chapter,TRUE
part,TRUE
level,TRUE
section,TRUE
note,TRUE
step,TRUE
page,TRUE
version,FALSE
type,TRUE
stage,FALSE
python,FALSE
category,TRUE
3d,FALSE
basic,FALSE
general,FALSE
see,TRUE
primary,FALSE
mathematical,FALSE
justification,FALSE
permit,FALSE
license,FALSE
licence,FALSE
equivalent,FALSE
comparable,FALSE
identical,FALSE
large,FALSE
conventional,FALSE
regulate,FALSE
govern,FALSE
own,TRUE
supervise,FALSE
coordinate,FALSE
support,TRUE
enforce,FALSE
board,FALSE
member,TRUE
authority,FALSE
ltd,FALSE
team,FALSE
platform,TRUE
platform,TRUE
line,TRUE
link,TRUE
commercial,FALSE
exchange,TRUE
transaction,TRUE
transfer,TRUE
take,TRUE
take,TRUE
take,TRUE
take,TRUE
rest,TRUE
enter,TRUE
hold,TRUE
precedence,FALSE
priority,FALSE
structure,TRUE
seven,FALSE
nine,FALSE
ten,FALSE
segment,FALSE
scheme,TRUE
arrangement,FALSE
noise,FALSE
power,TRUE
land,TRUE
role,TRUE
actress,FALSE
actor,FALSE
director,FALSE
scene,FALSE
performer,FALSE
script,FALSE
producer,FALSE
personality,FALSE
designate,FALSE
emphasize,FALSE
sanction,FALSE
presentation,FALSE
review,TRUE
student,TRUE
child,TRUE
commitment,FALSE
contribution,FALSE
shift,TRUE
inspection,FALSE
centre,TRUE
concentrate,FALSE
focus,TRUE
mainly,FALSE
sense,TRUE
ownership,FALSE
lack,TRUE
percentage,FALSE
effort,FALSE
attention,FALSE
accumulate,FALSE
incentive,FALSE
compilation,FALSE
replacement,FALSE
plan,TRUE
various,FALSE
special,FALSE
many,FALSE
multiple,FALSE
both,FALSE
typically,FALSE
additional,FALSE
sometimes,FALSE
several,FALSE
upgrade,FALSE
routine,FALSE
module,FALSE
boot,FALSE
ramp,FALSE
upgrade,FALSE
install,FALSE
sustain,FALSE
modify,TRUE
fix,TRUE
rebuild,FALSE
environment,TRUE
concrete,FALSE
hydrogen,FALSE
groundwater,FALSE
waste,FALSE
op,FALSE
#,FALSE
cell,FALSE
susceptible,FALSE
vulnerable,FALSE
put,FALSE
bring,TRUE
close,FALSE
liable,FALSE
reduce,TRUE
expose,FALSE
lead,TRUE
force,TRUE
stand,FALSE
#,FALSE
#,FALSE
#,FALSE
#,FALSE
hedge,FALSE
#,FALSE
qaeda,FALSE
Hussein,FALSE
arab,FALSE
Sheikh,FALSE
ul,FALSE
al,FALSE
terrorist,FALSE
Abbas,FALSE
Arabia,FALSE
bin,FALSE
Rahman,FALSE
another,FALSE
electrical,FALSE
manual,FALSE
analog,FALSE
autonomous,FALSE
worker,FALSE
technician,FALSE
activate,FALSE
thing,FALSE
circuit,TRUE
cable,TRUE
switch,TRUE
amplifi,FALSE
electronic,TRUE
wire,FALSE
battery,FALSE
cable,FALSE
wire,FALSE
crane,FALSE
printer,FALSE
refrigerator,FALSE
early,FALSE
conclusion,FALSE
alternative,FALSE
proposal,FALSE
amendment,FALSE
explanation,FALSE
candidate,FALSE
cite,FALSE
revise,FALSE
refine,FALSE
review,TRUE
confirm,FALSE
expand,TRUE
broadly,FALSE
subsequently,FALSE
clearly,FALSE
explicitly,FALSE
later,FALSE
fully,FALSE
partially,FALSE
finally,FALSE
ultimately,FALSE
code,TRUE
#,FALSE
ing,FALSE
#,FALSE
give,TRUE
present,TRUE
discuss,FALSE
offer,TRUE
collect,TRUE
note,TRUE
essay,FALSE
chapter,FALSE
discussion,TRUE
discussion,TRUE
commentary,FALSE
purchase,FALSE
economic,FALSE
labor,FALSE
labour,FALSE
corporate,FALSE
marketing,FALSE
topic,FALSE
strategy,FALSE
audit,FALSE
relocation,FALSE
asset,FALSE
property,TRUE
character,TRUE
their,FALSE
index,TRUE
fragment,FALSE
derive,TRUE
anywhere,FALSE
loosely,FALSE
directly,FALSE
correspondence,FALSE
association,TRUE
interaction,TRUE
comparison,TRUE
similarity,FALSE
boundary,FALSE
similarity,FALSE
register,FALSE
shield,FALSE
preserve,FALSE
defend,FALSE
prohibit,FALSE
guard,FALSE
protect,TRUE
protect,TRUE
steal,TRUE
distort,FALSE
leak,FALSE
compromise,FALSE
download,FALSE
capture,TRUE
abuse,FALSE
suppress,FALSE
exclude,FALSE
exempt,FALSE
hide,TRUE
conceal,FALSE
interception,FALSE
promote,TRUE
threaten,FALSE
compromise,FALSE
effectiveness,FALSE
continuity,FALSE
authenticity,FALSE
secrecy,FALSE
personal,FALSE
logic,TRUE
Model,FALSE
performance,TRUE
ad,FALSE
AI,FALSE
cw,FALSE
er,FALSE
stream,TRUE
rpg,FALSE
momentum,FALSE
schedule,FALSE
flag,FALSE
number,TRUE
release,TRUE
16,FALSE
height,FALSE
product,FALSE
technical,FALSE
design,FALSE
draft,FALSE
concept,FALSE
strategic,FALSE
group,FALSE
standard,FALSE
draft,TRUE
adopt,TRUE
endorse,FALSE
joint,FALSE
parliamentary,FALSE
steering,FALSE
working,FALSE
party,TRUE
delegation,FALSE
session,FALSE
#,FALSE
meet,TRUE
representative,TRUE
expert,TRUE
partner,FALSE
specialist,FALSE
leader,FALSE
stakeholder,FALSE
colleague,FALSE
ab,FALSE
Netherlands,FALSE
subsidiary,FALSE
organisation,FALSE
representative,TRUE
representative,FALSE
ambassador,FALSE
representative,FALSE
partner,FALSE
spokesperson,FALSE
employee,TRUE
subsidiary,FALSE
spokesman,FALSE
market,TRUE
SA,FALSE
co,FALSE
representation,TRUE
client,FALSE
shareholder,FALSE
Digital,FALSE
global,FALSE
total,FALSE
International,FALSE
technology,FALSE
nordic,FALSE
medium,FALSE
swedish,FALSE
advanced,FALSE
open,FALSE
interest,TRUE
extract,FALSE
solely,FALSE
fundamental,FALSE
send,TRUE
issue,TRUE
give,TRUE
voice,FALSE
coordinate,FALSE
deliver,TRUE
connect,TRUE
go,TRUE
conditioning,FALSE
branch,FALSE
mean,TRUE
manuscript,FALSE
realm,FALSE
#,FALSE
V8,FALSE
lever,FALSE
developer,FALSE
creator,FALSE
designer,FALSE
advocate,FALSE
supporter,FALSE
reader,FALSE
argue,TRUE
note,TRUE
believe,TRUE
suggest,TRUE
assert,FALSE
acknowledge,FALSE
sufficient,FALSE
adequate,FALSE
correct,FALSE
insufficient,FALSE
change,TRUE
define,TRUE
explain,TRUE
give,TRUE
satisfy,FALSE
express,TRUE
apply,TRUE
significance,FALSE
meaning,TRUE
convert,FALSE
trace,FALSE
attribute,TRUE
upgrade,FALSE
couple,FALSE
tie,FALSE
#,FALSE
#,FALSE
shell,FALSE
rock,FALSE
face,FALSE
stone,FALSE
enable,TRUE
arbitrary,FALSE
easy,FALSE
independent,FALSE
option,FALSE
instruction,TRUE
select,TRUE
click,FALSE
let,TRUE
choose,TRUE
turn,TRUE
without,FALSE
flexibility,TRUE
import,FALSE
replace,TRUE
affect,TRUE
introduce,TRUE
alter,FALSE
require,TRUE
expose,FALSE
remove,TRUE
owner,FALSE
Protocol,FALSE
rfc,FALSE
belong,FALSE
refer,TRUE
contribute,TRUE
bind,TRUE
commit,FALSE
subset,FALSE
emergency,TRUE
fire,TRUE
search,FALSE
call,TRUE
incident,FALSE
disaster,FALSE
safety,TRUE
alert,FALSE
action,TRUE
attack,FALSE
disaster,FALSE
video,FALSE
event,TRUE
log,TRUE
investigation,FALSE
strategy,FALSE
model,TRUE
accept,TRUE
recognize,TRUE
deploy,TRUE
practice,TRUE
variety,FALSE
diversity,FALSE
practical,FALSE
technological,FALSE
computational,FALSE
innovative,FALSE
theoretical,FALSE
creative,FALSE
platform,FALSE
class,TRUE
phase,TRUE
along,FALSE
shift,TRUE
merge,FALSE
evolve,FALSE
continue,TRUE
move,TRUE
increase,TRUE
integrate,TRUE
altitude,FALSE
trend,TRUE
rise,TRUE
motion,FALSE
breeze,FALSE
tide,FALSE
gear,FALSE
mw,FALSE
flow,TRUE
wave,FALSE
imply,FALSE
press,FALSE
official,FALSE
safe,FALSE
library,FALSE
store,FALSE
home,TRUE
hospital,FALSE
permanent,FALSE
recognition,FALSE
expansion,FALSE
center,FALSE
#,FALSE
all,FALSE
film,FALSE
programme,FALSE
episode,FALSE
retain,FALSE
ii,FALSE
net,FALSE
e,FALSE
tran,FALSE
re,FALSE
wire,FALSE
smart,FALSE
cross,FALSE
post,FALSE
transfer,TRUE
link,TRUE
match,FALSE
plane,FALSE
pass,TRUE
transport,TRUE
desire,TRUE
demand,TRUE
public,FALSE
customer,TRUE
want,TRUE
awareness,FALSE
sign,TRUE
evolution,FALSE
behaviour,FALSE
territory,FALSE
district,FALSE
province,FALSE
NGOs,FALSE
state,FALSE
county,FALSE
zone,FALSE
nation,FALSE
apparatus,FALSE
organize,FALSE
organise,FALSE
much,FALSE
v,FALSE
quasi,FALSE
micro,FALSE
super,FALSE
counter,FALSE
meta,FALSE
pseudo,FALSE
multi,FALSE
combine,TRUE
surround,FALSE
adjacent,FALSE
directional,FALSE
rational,FALSE
operative,FALSE
#,FALSE
paragraph,FALSE
suggestion,FALSE
advice,FALSE
fulfil,TRUE
suit,FALSE
current,FALSE
late,FALSE
#,FALSE
#,FALSE
#,FALSE
#,FALSE
#,FALSE
#,FALSE
#,FALSE
#,FALSE
#,FALSE
#,FALSE
map,TRUE
#,FALSE
#,FALSE
vertically,FALSE
#,FALSE
butterfly,FALSE
plant,TRUE
cooperative,FALSE
community,FALSE
food,FALSE
bird,FALSE
dog,FALSE
Sugar,FALSE
tree,FALSE
animal,FALSE
situate,FALSE
post,FALSE
station,TRUE
visible,FALSE
wave,FALSE
offshore,FALSE
kw,FALSE
km,TRUE
meter,FALSE
metre,FALSE
hectare,FALSE
acre,FALSE
kilometer,FALSE
m²,FALSE
utility,FALSE
contractor,FALSE
industry,TRUE
individual,TRUE
interested,FALSE
engage,TRUE
participate,FALSE
instrumental,FALSE
engage,FALSE
investment,FALSE
financing,FALSE
advantage,TRUE
toll,FALSE
edge,FALSE
economy,FALSE
market,TRUE
image,TRUE
file,TRUE
content,TRUE
app,FALSE
hold,TRUE
absolute,FALSE
argument,FALSE
identity,FALSE
x,FALSE
inverse,FALSE
symbol,TRUE
string,FALSE
match,TRUE
#,FALSE
#,FALSE
#,FALSE
#,FALSE
#,FALSE
#,FALSE
#,FALSE
#,FALSE
#,FALSE
#,FALSE
#,FALSE
factor,TRUE
piece,TRUE
combination,TRUE
fragment,FALSE
integer,TRUE
digit,FALSE
expression,TRUE
coefficient,FALSE
dairy,FALSE
mill,FALSE
#,FALSE
#,FALSE
bottom,FALSE
bound,FALSE
channel,FALSE
terminal,FALSE
define,TRUE
port,FALSE
sector,FALSE
Paris,FALSE
former,FALSE
german,FALSE
Brussels,FALSE
Berlin,FALSE
Luxembourg,FALSE
french,FALSE
start,TRUE
go,TRUE
bus,TRUE
travel,FALSE
fly,FALSE
#,FALSE
private,FALSE
spare,FALSE
idle,FALSE
save,TRUE
unlimited,FALSE
#,FALSE
go,TRUE
play,TRUE
watch,FALSE
live,TRUE
eat,FALSE
spend,FALSE
talk,TRUE
image,TRUE
resource,TRUE
video,FALSE
bulk,FALSE
temporary,FALSE
#,FALSE
instead,FALSE
effort,FALSE
order,TRUE
#,FALSE
attain,FALSE
school,FALSE
railway,FALSE
municipal,FALSE
police,FALSE
university,FALSE
federal,FALSE
justice,FALSE
health,FALSE
institution,FALSE
mining,FALSE
§,FALSE
\,FALSE
min,FALSE
p,FALSE
wheel,FALSE
compass,FALSE
armor,FALSE
wheel,TRUE
weapon,FALSE
weapon,FALSE
sail,FALSE
ammunition,FALSE
sure,FALSE
human,FALSE
grant,FALSE
anti,FALSE
command,FALSE
activation,FALSE
bell,FALSE
signal,TRUE
direct,FALSE
visual,FALSE
consumption,FALSE
saving,FALSE
high,FALSE
traditional,FALSE
com,FALSE
x,TRUE
q,FALSE
u,FALSE
apply,TRUE
ask,FALSE
asset,FALSE
robot,FALSE
substance,FALSE
impose,FALSE
put,TRUE
carry,TRUE
stress,FALSE
stress,FALSE
impact,FALSE
emphasis,FALSE
rating,FALSE
manufacture,FALSE
television,FALSE
analogue,FALSE
tv,FALSE
audio,FALSE
z,FALSE
reflect,FALSE
document,TRUE
tech,FALSE
h,FALSE
d,FALSE
try,TRUE
able,FALSE
how,FALSE
inability,FALSE
easy,FALSE
fail,TRUE
execute,TRUE
threshold,FALSE
little,FALSE
minimal,FALSE
minimize,FALSE
lose,FALSE
attack,FALSE
reliance,FALSE
cheat,FALSE
reduction,FALSE
calculation,TRUE
regardless,FALSE
online,FALSE
public,FALSE
capture,FALSE
separate,TRUE
pair,TRUE
#,FALSE
#,FALSE
#,FALSE
#,FALSE
calculation,FALSE
experiment,FALSE
study,TRUE
make,TRUE
render,FALSE
make,TRUE
render,FALSE
prove,TRUE
calculate,TRUE
position,TRUE
turn,TRUE
breakdown,FALSE
photograph,FALSE
calculate,TRUE
old,FALSE
inclusive,FALSE
establishment,FALSE
mapping,FALSE
extend,TRUE
shaft,TRUE
design,TRUE
engine,TRUE
configuration,TRUE
small,FALSE
combustion,FALSE
jet,FALSE
#,FALSE
guide,FALSE
assume,TRUE
guarantee,FALSE
demonstrate,FALSE
prove,FALSE
control,TRUE
co,FALSE
un,FALSE
ill,FALSE
outside,FALSE
regulate,FALSE
Kaplan,FALSE
parson,FALSE
maxwell,FALSE
title,FALSE
date,FALSE
length,FALSE
rank,FALSE
structure,FALSE
name,FALSE
#,FALSE
ground,TRUE
station,TRUE
Personnel,FALSE
#,FALSE
#,FALSE
instrumentation,FALSE
manage,TRUE
officer,FALSE
factory,FALSE
pick,FALSE
phone,FALSE
radio,TRUE
appliance,FALSE
keyboard,FALSE
voice,FALSE
w,FALSE
g,FALSE
n,FALSE
commerce,FALSE
mail,FALSE
Commerce,FALSE
learn,FALSE
learn,FALSE
phone,TRUE
fi,FALSE
office,TRUE
machine,TRUE
test,TRUE
branch,FALSE
manager,FALSE
exchange,FALSE
personal,FALSE
agent,FALSE
maintenance,FALSE
supply,FALSE
design,TRUE
develop,TRUE
assess,TRUE
evaluate,FALSE
study,TRUE
construct,FALSE
create,TRUE
garden,FALSE
bear,FALSE
call,TRUE
take,TRUE
consideration,FALSE
care,FALSE
atmosphere,FALSE
fluid,FALSE
disposal,FALSE
spectrum,FALSE
variation,FALSE
range,TRUE
range,TRUE
nutrient,FALSE
temperature,TRUE
oxygen,FALSE
light,TRUE
moisture,FALSE
humidity,FALSE
precipitation,FALSE
rainfall,FALSE
ventilation,FALSE
pressure,TRUE
vibration,FALSE
nitrogen,FALSE
inadequate,FALSE
headquarter,FALSE
certify,TRUE
visitor,FALSE
citizen,FALSE
researcher,FALSE
resident,FALSE
update,TRUE
contact,FALSE
visit,FALSE
news,FALSE
portal,FALSE
respective,FALSE
farm,TRUE
or,FALSE
not,FALSE
whether,FALSE
behalf,FALSE
hundred,FALSE
basis,TRUE
unknown,FALSE
high,FALSE
high,FALSE
low,FALSE
extra,FALSE
great,FALSE
first,FALSE
low,FALSE
high,FALSE
second,FALSE
Reserve,FALSE
overall,FALSE
carrier,FALSE
omit,FALSE
revoke,FALSE
waive,FALSE
exceed,TRUE
restrict,FALSE
contexts,FALSE
bandwidth,FALSE
survey,FALSE
forecast,FALSE
pulse,FALSE
cd,FALSE
listen,FALSE
cellular,FALSE
progress,FALSE
speed,TRUE
success,FALSE
maximum,FALSE
hour,TRUE
clock,TRUE
improvement,FALSE
once,FALSE
excess,FALSE
#,FALSE
recognize,TRUE
analyze,TRUE
evaluate,FALSE
compare,TRUE
assess,FALSE
III,FALSE
open,FALSE
transparent,FALSE
target,TRUE
thus,FALSE
accordingly,FALSE
affect,TRUE
equip,FALSE
combination,TRUE
virtue,FALSE
promotion,FALSE
advertisement,FALSE
programming,FALSE
app,FALSE
workshop,FALSE
mock,FALSE
up,TRUE
back,TRUE
out,TRUE
off,FALSE
couple,FALSE
lot,FALSE
catalogue,FALSE
try,TRUE
#,FALSE
#,FALSE
#,FALSE
#,FALSE
#,FALSE
#,FALSE
#,FALSE
con,FALSE
problem,TRUE
issue,TRUE
rule,TRUE
question,TRUE
culture,FALSE
mode,TRUE
revision,FALSE
variant,FALSE
proof,FALSE
continuation,FALSE
replica,FALSE
criterion,FALSE
group,TRUE
collection,TRUE
schedule,FALSE
hour,FALSE
rely,TRUE
rely,TRUE
draw,FALSE
compute,FALSE
peripheral,FALSE
duty,TRUE
regard,FALSE
ease,FALSE
aid,FALSE
repair,TRUE
pump,TRUE
motor,FALSE
blade,FALSE
cell,FALSE
park,TRUE
mount,FALSE
away,FALSE
reach,TRUE
#,FALSE
distant,FALSE
enough,FALSE
Institute,FALSE
institute,FALSE
director,FALSE
govern,FALSE
guide,FALSE
thousand,FALSE
corpus,FALSE
name,TRUE
notation,FALSE
number,TRUE
style,FALSE
move,TRUE
household,FALSE
human,FALSE
house,FALSE
lab,FALSE
detect,FALSE
raise,TRUE
FALSE,FALSE
attacker,FALSE
caller,FALSE
receive,FALSE
get,TRUE
return,TRUE
possess,FALSE
en,FALSE
de,FALSE
exception,FALSE
passive,FALSE
indicator,FALSE
ball,FALSE
roller,FALSE
screw,FALSE
automotive,FALSE
bear,FALSE
automobile,FALSE
score,FALSE
prediction,FALSE
column,FALSE
bind,FALSE
comment,TRUE
clear,FALSE
evidence,FALSE
th,FALSE
percent,FALSE
chain,FALSE
relate,TRUE
#,FALSE
#,FALSE
#,FALSE
#,FALSE
lead,TRUE
close,FALSE
lead,TRUE
near,FALSE
boiler,FALSE
renewable,FALSE
agriculture,FALSE
explore,FALSE
abstract,FALSE
formally,FALSE
region,FALSE
constitute,FALSE
supply,TRUE
programme,FALSE
trend,FALSE
challenge,FALSE
generation,TRUE
initiative,FALSE
FCC,FALSE
ieee,FALSE
collaborate,FALSE
estimate,TRUE
experimental,FALSE
price,FALSE
figure,FALSE
analytical,FALSE
consulting,FALSE
visitor,FALSE
conference,FALSE
via,FALSE
contain,TRUE
charge,FALSE
margin,FALSE
manipulate,FALSE
import,FALSE
virtual,FALSE
repeat,TRUE
hazard,FALSE
tornado,FALSE
storm,FALSE
occur,TRUE
evacuation,FALSE
whistle,FALSE
disturbance,FALSE
immediate,FALSE
abrupt,FALSE
early,FALSE
accidental,FALSE
explosion,FALSE
land,FALSE
trouble,FALSE
sound,FALSE
cause,TRUE
active,FALSE
internal,FALSE
mutual,FALSE
universal,FALSE
administrator,TRUE
administrator,FALSE
convince,FALSE
reassure,FALSE
remind,FALSE
persuade,FALSE
#,FALSE
warn,TRUE
client,TRUE
host,TRUE
recipient,FALSE
know,TRUE
believe,FALSE
understand,TRUE
feel,FALSE
maintain,TRUE
realize,FALSE
aware,FALSE
respond,FALSE
think,FALSE
authentic,FALSE
trust,FALSE
host,FALSE
browser,FALSE
begin,TRUE
row,FALSE
door,FALSE
expectation,FALSE
hope,TRUE
gain,FALSE
seek,TRUE
start,TRUE
intelligence,FALSE
hand,TRUE
fit,TRUE
reach,TRUE
#,FALSE
suit,FALSE
speed,TRUE
regime,FALSE
feed,TRUE
administer,FALSE
conductor,FALSE
supervisor,FALSE
amend,FALSE
season,FALSE
book,FALSE
Vol,FALSE
network,TRUE
creation,FALSE
generation,TRUE
disposition,FALSE
composition,FALSE
sentence,FALSE
form,TRUE
#,FALSE
et,FALSE
layout,FALSE
title,FALSE
least,FALSE
proceeding,FALSE
subdivide,FALSE
#,FALSE
generate,TRUE
large,FALSE
width,FALSE
length,TRUE
window,FALSE
gap,FALSE
camera,FALSE
long,FALSE
start,TRUE
begin,TRUE
begin,TRUE
begin,TRUE
open,TRUE
beginning,TRUE
originate,FALSE
second,FALSE
minute,TRUE
metre,FALSE
mile,FALSE
stimulus,FALSE
flash,FALSE
button,FALSE
end,TRUE
finish,FALSE
terminate,FALSE
conclude,FALSE
peaking,FALSE
closing,TRUE
end,TRUE
return,TRUE
culminate,TRUE
complete,TRUE
mind,FALSE
law,TRUE
God,FALSE
letter,FALSE
time,FALSE
holy,FALSE
ancient,FALSE
great,FALSE
wise,FALSE
hindu,FALSE
twelve,FALSE
pad,FALSE
consult,FALSE
address,TRUE
assemble,FALSE
appoint,FALSE
risk,FALSE
veil,FALSE
burden,FALSE
r,FALSE