add,TRUE
apply,TRUE
attach,TRUE
subject,FALSE
submit,FALSE
transfer,TRUE
assign,TRUE
award,TRUE
make,TRUE
return,TRUE
relate,TRUE
applicable,FALSE
equal,FALSE
annex,FALSE
identical,FALSE
original,FALSE
new,FALSE
final,FALSE
correct,FALSE
current,FALSE
right,FALSE
normal,FALSE
previous,FALSE
old,FALSE
main,FALSE
game,TRUE
standard,FALSE
physical,FALSE
exist,TRUE
',FALSE
step,TRUE
stage,FALSE
patient,TRUE
procedure,TRUE
test,TRUE
one,FALSE
therapy,FALSE
session,FALSE
surgery,FALSE
case,TRUE
priority,FALSE
practice,TRUE
time,TRUE
know,TRUE
consider,TRUE
call,TRUE
do,TRUE
give,TRUE
treat,TRUE
designate,FALSE
regard,TRUE
define,TRUE
mark,TRUE
take,TRUE
perform,TRUE
hold,TRUE
count,TRUE
disease,TRUE
cancer,TRUE
problem,TRUE
person,TRUE
child,TRUE
illness,TRUE
condition,TRUE
infection,TRUE
virus,FALSE
wound,FALSE
animal,FALSE
victim,TRUE
available,FALSE
present,FALSE
ready,FALSE
home,FALSE
inform,FALSE
admit,TRUE
invite,FALSE
well,FALSE
interested,FALSE
attend,TRUE
user,TRUE
default,FALSE
application,TRUE
software,TRUE
local,FALSE
free,FALSE
last,FALSE
system,TRUE
also,FALSE
user,TRUE
currently,FALSE
control,TRUE
find,TRUE
use,TRUE
reach,TRUE
access,TRUE
identify,TRUE
support,TRUE
handle,TRUE
change,TRUE
help,TRUE
get,TRUE
manage,TRUE
select,TRUE
read,TRUE
call,TRUE
treatment,TRUE
application,TRUE
IV,FALSE
note,FALSE
test,TRUE
release,TRUE
medicine,FALSE
control,FALSE
production,TRUE
service,TRUE
security,TRUE
unit,TRUE
system,TRUE
general,FALSE
product,TRUE
company,TRUE
project,TRUE
branch,TRUE
technical,FALSE
group,FALSE
Personnel,FALSE
class,TRUE
number,TRUE
code,TRUE
number,FALSE
name,TRUE
code,FALSE
name,FALSE
the,FALSE
a,FALSE
member,TRUE
identification,TRUE
security,TRUE
#,FALSE
service,TRUE
ID,FALSE
project,TRUE
weapon,FALSE
number,TRUE
type,TRUE
program,TRUE
batch,TRUE
type,TRUE
station,FALSE
programme,TRUE
activity,TRUE
program,TRUE
component,TRUE
project,TRUE
objective,TRUE
product,TRUE
task,TRUE
area,TRUE
tool,TRUE
participant,FALSE
course,TRUE
step,TRUE
policy,TRUE
department,TRUE
function,TRUE
initiative,TRUE
facility,TRUE
institution,TRUE
service,TRUE
equipment,TRUE
industry,TRUE
program,TRUE
network,TRUE
model,TRUE
process,TRUE
market,TRUE
business,TRUE
sector,TRUE
family,TRUE
complex,FALSE
portfolio,FALSE
scheme,TRUE
community,TRUE
point,TRUE
card,TRUE
#,FALSE
method,TRUE
#,FALSE
year,TRUE
digit,TRUE
player,FALSE
vote,FALSE
card,TRUE
qualified,FALSE
private,FALSE
independent,FALSE
commercial,FALSE
license,FALSE
professional,FALSE
public,FALSE
mobile,FALSE
internet,FALSE
internet,FALSE
individual,FALSE
person,TRUE
candidate,FALSE
member,TRUE
personnel,TRUE
applicant,FALSE
individual,TRUE
student,TRUE
company,TRUE
team,TRUE
mean,TRUE
candidate,FALSE
organization,TRUE
party,TRUE
people,TRUE
requirement,TRUE
information,TRUE
detail,TRUE
guideline,TRUE
datum,TRUE
rule,TRUE
website,TRUE
database,TRUE
criterion,FALSE
specification,TRUE
need,TRUE
page,TRUE
instruction,TRUE
coordinate,TRUE
status,TRUE
profile,FALSE
contact,FALSE
release,TRUE
diagnosis,TRUE
response,TRUE
testing,TRUE
population,TRUE
image,TRUE
file,TRUE
video,TRUE
video,FALSE
device,TRUE
film,TRUE
sequence,FALSE
picture,FALSE
event,TRUE
screen,TRUE
consistent,FALSE
associate,TRUE
provide,TRUE
use,TRUE
compatible,FALSE
show,TRUE
specify,TRUE
identify,TRUE
follow,TRUE
share,TRUE
describe,TRUE
base,TRUE
indicate,TRUE
datum,TRUE
change,TRUE
transfer,TRUE
rename,FALSE
change,TRUE
letter,FALSE
split,FALSE
transfer,TRUE
transfer,TRUE
move,TRUE
change,TRUE
differ,FALSE
separate,FALSE
government,TRUE
company,TRUE
plan,TRUE
initiative,FALSE
group,TRUE
programme,TRUE
foundation,FALSE
government,FALSE
organization,TRUE
foundation,FALSE
organisation,FALSE
agency,TRUE
institute,FALSE
operate,TRUE
maintain,TRUE
run,TRUE
manage,TRUE
establish,TRUE
develop,TRUE
provide,TRUE
operate,TRUE
support,TRUE
lead,TRUE
oversee,FALSE
create,TRUE
list,TRUE
cluster,FALSE
pool,FALSE
range,TRUE
registry,TRUE
series,TRUE
framework,FALSE
base,TRUE
fleet,FALSE
training,TRUE
healthcare,FALSE
it,FALSE
transport,FALSE
pilot,FALSE
health,TRUE
resource,TRUE
logistic,FALSE
education,TRUE
provider,TRUE
school,TRUE
centre,TRUE
operator,TRUE
partner,TRUE
partnership,FALSE
site,TRUE
agency,TRUE
volunteer,FALSE
center,TRUE
initial,FALSE
plan,TRUE
development,TRUE
early,FALSE
implementation,TRUE
transition,FALSE
operational,FALSE
growth,FALSE
evaluation,TRUE
construction,FALSE
trial,FALSE
period,TRUE
phase,TRUE
stage,TRUE
year,TRUE
season,FALSE
run,TRUE
#,FALSE
#,FALSE
#,FALSE
#,FALSE
#,FALSE
#,FALSE
#,FALSE
#,FALSE
#,FALSE
#,FALSE
defendant,FALSE
applicant,FALSE
plaintiff,FALSE
fraud,FALSE
customer,TRUE
claim,TRUE
entity,FALSE
client,TRUE
player,TRUE
run,TRUE
investigate,FALSE
use,TRUE
perform,TRUE
miss,TRUE
make,TRUE
track,TRUE
handle,TRUE
generate,TRUE
produce,TRUE
create,TRUE
show,TRUE
million,FALSE
thousand,FALSE
different,FALSE
hundred,FALSE
consecutive,FALSE
unique,FALSE
billion,FALSE
dozen,FALSE
distinct,FALSE
possible,FALSE
case,TRUE
#,FALSE
#,FALSE
act,TRUE
incident,FALSE
claim,TRUE
victim,FALSE
charge,FALSE
allegation,FALSE
instance,TRUE
report,TRUE
attempt,FALSE
selection,TRUE
registration,TRUE
creation,FALSE
activation,FALSE
name,TRUE
search,TRUE
discovery,FALSE
vote,FALSE
processing,FALSE
classification,FALSE
execution,TRUE
decision,TRUE
#,FALSE
file,TRUE
#,FALSE
#,FALSE
life,TRUE
history,TRUE
court,TRUE
regulator,FALSE
provider,TRUE
court,TRUE
operator,TRUE
court,FALSE
receiver,TRUE
declare,TRUE
determine,TRUE
report,TRUE
assign,FALSE
verify,TRUE
return,TRUE
recognize,TRUE
check,TRUE
register,TRUE
calculate,FALSE
announce,TRUE
confirm,FALSE
value,TRUE
identity,TRUE
result,TRUE
amount,TRUE
title,TRUE
account,TRUE
spelling,FALSE
result,TRUE
position,TRUE
name,TRUE
outcome,TRUE
state,TRUE
source,TRUE
form,TRUE
category,TRUE
person,TRUE
accord,TRUE
due,FALSE
similar,FALSE
compare,TRUE
similarly,FALSE
as,FALSE
prior,FALSE
next,FALSE
accord,TRUE
depend,TRUE
refer,TRUE
set,TRUE
different,FALSE
up,FALSE
donor,FALSE
host,TRUE
owner,TRUE
physician,TRUE
participant,FALSE
consumer,TRUE
location,TRUE
date,TRUE
#,FALSE
#,FALSE
#,FALSE
#,FALSE
#,FALSE
#,FALSE
#,FALSE
preference,FALSE
need,TRUE
experience,TRUE
background,FALSE
size,TRUE
choice,TRUE
relationship,FALSE
type,TRUE
partner,TRUE
spouse,FALSE
friend,FALSE
parent,TRUE
husband,FALSE
guest,FALSE
wife,FALSE
doctor,TRUE
boyfriend,FALSE
employee,TRUE
server,FALSE
visitor,FALSE
resident,FALSE
consultant,FALSE
dependent,FALSE
associate,TRUE
recipient,TRUE
therapist,FALSE
staff,TRUE
well,FALSE
#,FALSE
level,TRUE
entry,FALSE
part,TRUE
table,FALSE
version,FALSE
step,TRUE
level,TRUE
exit,FALSE
section,TRUE
version,TRUE
page,FALSE
free,FALSE
any,FALSE
each,FALSE
medical,FALSE
all,FALSE
this,FALSE
special,FALSE
one,FALSE
additional,FALSE
no,FALSE
complete,FALSE
integrate,FALSE
every,FALSE
treatment,TRUE
medication,TRUE
treatment,TRUE
management,TRUE
care,TRUE
assessment,TRUE
relief,FALSE
screen,FALSE
similar,FALSE
due,FALSE
tailor,FALSE
allocate,FALSE
adapt,FALSE
thank,FALSE
agree,FALSE
link,TRUE
design,TRUE
adopt,TRUE
devise,FALSE
specifically,FALSE
implement,TRUE
approve,FALSE
protocol,FALSE
scheme,TRUE
scheme,FALSE
include,TRUE
see,TRUE
two,FALSE
compare,TRUE
combine,FALSE
alternative,FALSE
prescribe,FALSE
choose,TRUE
HIV,FALSE
medical,FALSE
ST,FALSE
specific,FALSE
include,TRUE
patient,TRUE
find,TRUE
present,TRUE
contain,TRUE
region,TRUE
area,TRUE
gene,FALSE
offer,TRUE
distribute,FALSE
accessible,FALSE
open,FALSE
supply,TRUE
sell,TRUE
deliver,TRUE
send,TRUE
release,TRUE
child,TRUE
doctor,TRUE
hospital,TRUE
parent,TRUE
adult,FALSE
researcher,FALSE
family,TRUE
woman,FALSE
citizen,FALSE
physician,TRUE
duration,FALSE
purpose,TRUE
sake,TRUE
benefit,TRUE
purpose,TRUE
cost,TRUE
lifetime,FALSE
majority,TRUE
enjoyment,FALSE
entirety,FALSE
remainder,FALSE
whole,TRUE
check,TRUE
documentation,TRUE
payment,TRUE
test,TRUE
application,TRUE
request,TRUE
procedure,TRUE
coverage,TRUE
FALSE,FALSE
incomplete,FALSE
unavailable,FALSE
incorrect,FALSE
destroy,FALSE
lose,TRUE
wrong,FALSE
leak,FALSE
lack,TRUE
insufficient,FALSE
discover,FALSE
inadequate,FALSE
evidence,TRUE
record,TRUE
document,TRUE
news,FALSE
testimony,FALSE
alarm,FALSE
reveal,FALSE
miss,TRUE
publish,TRUE
disclose,FALSE
obtain,TRUE
post,FALSE
immigration,FALSE
field,TRUE
central,FALSE
district,TRUE
tax,TRUE
patent,TRUE
head,TRUE
national,FALSE
state,TRUE
office,TRUE
agent,TRUE
manager,TRUE
administrator,TRUE
agent,TRUE
station,TRUE
team,TRUE
commander,FALSE
authority,TRUE
inspector,FALSE
send,TRUE
trace,TRUE
take,TRUE
give,TRUE
pay,TRUE
refer,TRUE
bring,TRUE
move,TRUE
file,TRUE
hand,TRUE
turn,TRUE
request,TRUE
complaint,TRUE
charge,TRUE
complaint,FALSE
military,FALSE
army,FALSE
FBI,FALSE
department,TRUE
hospital,TRUE
police,FALSE
country,TRUE
unit,TRUE
place,TRUE
put,TRUE
keep,TRUE
leave,TRUE
hold,TRUE
settle,FALSE
dump,FALSE
treat,TRUE
drop,TRUE
land,TRUE
include,TRUE
accept,TRUE
animal,FALSE
item,TRUE
prisoner,FALSE
responsible,FALSE
document,TRUE
record,TRUE
aircraft,FALSE
safe,FALSE
protect,FALSE
secure,FALSE
certain,FALSE
remote,FALSE
restrict,FALSE
single,FALSE
geographic,FALSE
control,TRUE
small,FALSE
•,FALSE
every,FALSE
text,TRUE
Wikipedia,FALSE
journal,FALSE
meeting,FALSE
process,TRUE
time,TRUE
session,FALSE
period,TRUE
paragraph,FALSE
clause,FALSE
threshold,FALSE
rule,TRUE
option,TRUE
requirement,TRUE
entry,TRUE
letter,TRUE
receive,TRUE
become,TRUE
be,FALSE
gain,TRUE
follow,TRUE
pay,TRUE
buy,TRUE
master,FALSE
manager,FALSE
management,FALSE
Bureau,FALSE
price,FALSE
agent,FALSE
bank,FALSE
board,FALSE
point,FALSE
#,FALSE
price,TRUE
payment,TRUE
value,FALSE
profit,TRUE
purchase,TRUE
sale,TRUE
provide,TRUE
include,TRUE
offer,TRUE
include,TRUE
essential,FALSE
provide,TRUE
basic,FALSE
primary,FALSE
health,FALSE
clinical,FALSE
day,TRUE
#,FALSE
critical,FALSE
special,FALSE
insurance,TRUE
advisory,FALSE
promotion,FALSE
assurance,FALSE
delivery,TRUE
system,TRUE
standard,TRUE
quality,TRUE
plan,TRUE
provision,FALSE
practice,TRUE
policy,TRUE
diabete,FALSE
emergency,FALSE
acute,FALSE
chronic,FALSE
advance,FALSE
tuberculosis,FALSE
#,FALSE
resident,FALSE
#,FALSE
survivor,FALSE
injury,FALSE
fever,FALSE
pain,FALSE
tumor,FALSE
infect,FALSE
healthy,FALSE
sick,FALSE
cure,TRUE
immune,FALSE
conscious,FALSE
hospital,FALSE
authority,TRUE
nurse,TRUE
clinic,FALSE
surgeon,FALSE
gp,FALSE
admit,FALSE
ship,FALSE
go,TRUE
direct,TRUE
body,TRUE
matter,TRUE
institution,TRUE
facility,TRUE
cause,TRUE
reason,TRUE
latter,FALSE
follow,TRUE
table,TRUE
winner,FALSE
article,TRUE
section,TRUE
section,TRUE
conclusion,FALSE
conclusion,FALSE
if,FALSE
when,FALSE
where,FALSE
since,FALSE
once,FALSE
because,FALSE
unless,FALSE
whenever,FALSE
while,FALSE
product,TRUE
manufacturer,TRUE
brand,TRUE
vendor,FALSE
seller,TRUE
salesman,TRUE
supplier,TRUE
distributor,TRUE
retailer,TRUE
domain,FALSE
trade,FALSE
producer,TRUE
role,TRUE
key,TRUE
detail,TRUE
store,TRUE
computer,TRUE
directory,TRUE
app,TRUE
screen,TRUE
machine,TRUE
device,TRUE
pc,FALSE
way,TRUE
chance,TRUE
tendency,FALSE
possibility,FALSE
mechanism,TRUE
responsibility,FALSE
ability,TRUE
mandate,FALSE
connect,FALSE
switch,FALSE
walk,FALSE
travel,TRUE
respond,FALSE
proceed,TRUE
next,FALSE
destination,FALSE
front,FALSE
full,FALSE
future,FALSE
address,TRUE
enter,TRUE
display,TRUE
view,TRUE
reveal,FALSE
add,TRUE
retrieve,FALSE
logo,FALSE
directory,FALSE
enter,TRUE
leave,TRUE
check,TRUE
touch,TRUE
reach,TRUE
see,TRUE
change,TRUE
scan,FALSE
affect,FALSE
disturb,FALSE
visit,TRUE
search,TRUE
hit,TRUE
open,TRUE
derive,FALSE
omit,FALSE
delete,FALSE
learn,TRUE
remove,TRUE
retrieve,FALSE
distinguish,FALSE
translate,FALSE
expect,TRUE
error,TRUE
note,TRUE
info,FALSE
manual,FALSE
comment,FALSE
item,TRUE
drug,TRUE
bottle,FALSE
medicine,TRUE
good,TRUE
wine,FALSE
drug,TRUE
drink,FALSE
food,TRUE
medicine,TRUE
intend,FALSE
issue,TRUE
useful,FALSE
appropriate,FALSE
utilize,FALSE
mean,TRUE
reason,TRUE
consumption,FALSE
protection,TRUE
usage,TRUE
safety,FALSE
convenience,FALSE
satisfaction,FALSE
consent,FALSE
pleasure,FALSE
approval,FALSE
welfare,FALSE
interest,TRUE
elderly,FALSE
decease,FALSE
injure,FALSE
marketing,TRUE
production,TRUE
distribution,TRUE
acquisition,FALSE
manufacture,TRUE
sale,TRUE
advertising,TRUE
buy,TRUE
inventory,FALSE
branding,FALSE
pr,FALSE
research,TRUE
communication,FALSE
consulting,FALSE
finance,FALSE
module,TRUE
element,TRUE
component,TRUE
tier,FALSE
layer,FALSE
generation,TRUE
part,TRUE
direction,TRUE
thing,FALSE
investment,FALSE
activity,TRUE
shift,FALSE
economy,TRUE
strategy,FALSE
film,TRUE
site,TRUE
study,TRUE
documentary,FALSE
book,FALSE
share,TRUE
communicate,FALSE
coordinate,TRUE
exchange,TRUE
relay,FALSE
distribute,FALSE
pass,TRUE
convey,FALSE
link,TRUE
transmit,FALSE
balance,FALSE
flow,TRUE
importance,FALSE
impact,FALSE
bulk,FALSE
volume,TRUE
momentum,FALSE
potential,TRUE
attention,TRUE
transaction,TRUE
agreement,TRUE
relationship,FALSE
deal,TRUE
transaction,TRUE
contract,FALSE
agreement,TRUE
arrangement,FALSE
negotiation,FALSE
exchange,FALSE
operation,TRUE
#,FALSE
#,FALSE
#,FALSE
audit,FALSE
#,FALSE
#,FALSE
#,FALSE
#,FALSE
manager,TRUE
#,FALSE
#,FALSE
representative,FALSE
office,TRUE
#,FALSE
employee,TRUE
customer,TRUE
other,TRUE
IBM,FALSE
claim,TRUE
claim,TRUE
dispute,FALSE
demand,FALSE
gross,FALSE
deposit,FALSE
fee,TRUE
expense,FALSE
collection,TRUE
collect,TRUE
collector,FALSE
collect,TRUE
collect,TRUE
collection,TRUE
collector,FALSE
collection,FALSE
gather,FALSE
collector,FALSE
pay,TRUE
#,FALSE
#,FALSE
#,FALSE
bill,TRUE
water,TRUE
#,FALSE
bill,TRUE
money,TRUE
account,TRUE
#,FALSE
pay,TRUE
file,TRUE
settle,FALSE
discharge,FALSE
receive,TRUE
grant,TRUE
bring,TRUE
#,FALSE
compensation,FALSE
penalty,FALSE
reservation,TRUE
notice,FALSE
#,FALSE
consideration,FALSE
#,FALSE
loss,TRUE
removal,FALSE
reduction,FALSE
paper,TRUE
property,TRUE
land,TRUE
expense,FALSE
employment,FALSE
income,FALSE
deposit,FALSE
none,TRUE
revenue,TRUE
fund,TRUE
fee,TRUE
require,TRUE
meet,TRUE
#,FALSE
care,FALSE
#,FALSE
cancer,FALSE
#,FALSE
#,FALSE
#,FALSE
#,FALSE
#,FALSE
performance,TRUE
speed,TRUE
precision,FALSE
temperature,FALSE
voltage,FALSE
tech,FALSE
pressure,FALSE
resolution,FALSE
risk,TRUE
frequency,FALSE
mechanism,TRUE
detection,TRUE
measure,TRUE
barrier,FALSE
control,TRUE
monitor,TRUE
prevention,FALSE
effect,TRUE
#,FALSE
place,TRUE
operation,TRUE
#,FALSE
#,FALSE
force,TRUE
play,TRUE
place,TRUE
environment,TRUE
browser,FALSE
hardware,FALSE
library,FALSE
installation,FALSE
driver,FALSE
development,TRUE
goal,TRUE
goal,TRUE
mission,TRUE
another,FALSE
work,TRUE
funding,FALSE
role,TRUE
much,FALSE
most,FALSE
ensure,TRUE
set,TRUE
leg,FALSE
week,FALSE
dance,FALSE
man,FALSE
runner,FALSE
runner,FALSE
runner,FALSE
line,TRUE
match,TRUE
tie,FALSE
runner,FALSE
suit,FALSE
develop,TRUE
acquire,TRUE
gather,FALSE
utilize,FALSE
increase,TRUE
create,TRUE
obtain,TRUE
organize,TRUE
intervention,FALSE
effort,TRUE
community,TRUE
resource,TRUE
tackle,FALSE
solve,TRUE
combat,FALSE
prevent,FALSE
resolve,FALSE
meet,TRUE
avoid,FALSE
fight,FALSE
reduce,TRUE
alleviate,FALSE
human,FALSE
mental,FALSE
various,FALSE
personal,FALSE
basic,FALSE
global,FALSE
many,FALSE
social,FALSE
environmental,FALSE
economic,FALSE
technical,FALSE
optimization,FALSE
behavioral,FALSE
issue,TRUE
problem,TRUE
concern,TRUE
challenge,FALSE
risk,TRUE
outcome,TRUE
condition,TRUE
impact,TRUE
hazard,FALSE
topic,FALSE
threat,FALSE
question,TRUE
situation,FALSE
these,FALSE
those,FALSE
both,FALSE
some,FALSE
many,FALSE
other,FALSE
certain,FALSE
level,TRUE
select,TRUE
develop,TRUE
introduce,TRUE
become,TRUE
instal,FALSE
acquire,TRUE
choose,TRUE
build,TRUE
hire,TRUE
add,TRUE
establish,TRUE
for,FALSE
upon,FALSE
cover,TRUE
mention,FALSE
state,TRUE
list,TRUE
cite,FALSE
register,TRUE
record,TRUE
write,TRUE
print,TRUE
order,TRUE
circulation,FALSE
none,TRUE
consider,TRUE
three,FALSE
city,TRUE
country,TRUE
city,TRUE
village,FALSE
date,TRUE
time,TRUE
age,TRUE
year,TRUE
place,TRUE
period,TRUE
order,TRUE
day,TRUE
site,TRUE
method,FALSE
process,TRUE
election,FALSE
birth,TRUE
issue,TRUE
publication,TRUE
death,FALSE
adoption,FALSE
sign,TRUE
appointment,FALSE
award,FALSE
competition,TRUE
nomination,FALSE
contest,FALSE
article,TRUE
content,TRUE
publication,TRUE
book,FALSE
material,TRUE
message,TRUE
copy,FALSE
spell,FALSE
write,TRUE
carry,TRUE
lay,FALSE
print,TRUE
roll,FALSE
work,TRUE
fill,TRUE
cut,TRUE
sort,FALSE
spread,FALSE
language,TRUE
format,TRUE
style,TRUE
manner,FALSE
key,FALSE
page,TRUE
context,TRUE
word,TRUE
[,FALSE
apply,TRUE
qualify,FALSE
ask,TRUE
vote,TRUE
count,TRUE
wait,TRUE
substitute,FALSE
choose,TRUE
arrange,FALSE
lead,TRUE
follow,FALSE
make,TRUE
mark,TRUE
pick,TRUE
back,FALSE
sign,TRUE
sort,TRUE
kind,TRUE
variety,TRUE
point,TRUE
variation,FALSE
variant,FALSE
perspective,FALSE
paradigm,FALSE
approach,TRUE
focus,TRUE
concept,TRUE
attitude,FALSE
course,FALSE
#,FALSE
#,FALSE
#,FALSE
promote,TRUE
introduce,TRUE
create,TRUE
promote,TRUE
advocate,FALSE
produce,FALSE
use,TRUE
define,TRUE
represent,FALSE
price,TRUE
input,TRUE
value,TRUE
cost,TRUE
decision,TRUE
term,TRUE
determine,FALSE
plan,TRUE
measure,TRUE
calculate,FALSE
select,TRUE
negotiate,FALSE
program,TRUE
output,FALSE
input,TRUE
factor,TRUE
parameter,FALSE
target,FALSE
variable,FALSE
quantity,TRUE
offer,TRUE
issue,TRUE
sell,TRUE
award,TRUE
present,TRUE
distribute,FALSE
give,TRUE
grant,TRUE
apply,TRUE
subsidy,FALSE
advertisement,FALSE
license,TRUE
essential,FALSE
financial,FALSE
reasonable,FALSE
affordable,FALSE
fix,TRUE
reduce,TRUE
low,FALSE
low,FALSE
high,FALSE
high,FALSE
competitive,FALSE
bargain,FALSE
discount,TRUE
cheap,FALSE
rate,TRUE
interval,FALSE
rate,TRUE
amount,TRUE
margin,FALSE
consumer,TRUE
client,FALSE
#,FALSE
km,FALSE
segment,FALSE
mw,FALSE
copy,TRUE
piece,FALSE
percent,FALSE
world,TRUE
album,FALSE
director,FALSE
artist,FALSE
producer,FALSE
author,FALSE
publisher,FALSE
President,FALSE
partner,FALSE
business,FALSE
source,TRUE
copy,TRUE
apart,FALSE
extract,FALSE
quote,FALSE
annual,FALSE
monthly,FALSE
weekly,FALSE
review,TRUE
report,TRUE
list,TRUE
summary,FALSE
#,FALSE
se,FALSE
#,FALSE
#,FALSE
chapter,FALSE
#,FALSE
month,FALSE
#,FALSE
across,FALSE
among,FALSE
per,FALSE
almost,FALSE
algorithm,TRUE
reader,FALSE
author,FALSE
developer,TRUE
researcher,FALSE
consider,TRUE
make,TRUE
compare,TRUE
identify,TRUE
reduce,TRUE
take,TRUE
list,TRUE
determine,TRUE
recognize,FALSE
match,TRUE
require,TRUE
total,FALSE
maximum,FALSE
average,FALSE
actual,FALSE
positive,FALSE
space,FALSE
art,FALSE
sample,FALSE
instance,TRUE
#,FALSE
center,TRUE
allow,TRUE
aim,TRUE
try,TRUE
proceed,TRUE
seek,TRUE
continue,TRUE
ask,TRUE
enable,TRUE
intend,TRUE
replace,TRUE
update,TRUE
fill,TRUE
cover,TRUE
supply,TRUE
platform,TRUE
interface,TRUE
API,FALSE
dynamic,FALSE
memory,FALSE
menu,FALSE
slot,FALSE
password,FALSE
width,FALSE
size,TRUE
length,TRUE
capacity,TRUE
depth,FALSE
layout,FALSE
availability,FALSE
four,FALSE
16,FALSE
32,FALSE
table,TRUE
option,TRUE
path,FALSE
window,FALSE
setting,FALSE
server,FALSE
register,FALSE
mode,FALSE
space,TRUE
top,FALSE
scale,TRUE
upside,FALSE
pull,TRUE
face,TRUE
slow,FALSE
write,TRUE
close,TRUE
strip,FALSE
window,TRUE
bar,TRUE
capability,TRUE
capability,TRUE
algorithm,TRUE
feature,TRUE
function,TRUE
filter,FALSE
minimize,FALSE
eliminate,FALSE
detect,FALSE
remove,TRUE
save,TRUE
limit,TRUE
fix,TRUE
multiple,FALSE
storage,FALSE
retention,FALSE
integrity,FALSE
mining,FALSE
but,FALSE
and,FALSE
so,FALSE
thus,FALSE
to,FALSE
also,FALSE
not,FALSE
how,FALSE
first,FALSE
Act,FALSE
re,FALSE
reason,FALSE
form,TRUE
justification,FALSE
evidence,TRUE
law,FALSE
cause,FALSE
case,TRUE
question,FALSE
basis,FALSE
exclude,FALSE
separate,TRUE
draw,FALSE
differentiate,TRUE
come,TRUE
center,FALSE
list,TRUE
thousand,FALSE
hundred,FALSE
#,FALSE
master,FALSE
#,FALSE
select,FALSE
after,FALSE
should,FALSE
question,TRUE
situation,FALSE
variable,FALSE
answer,FALSE
certificate,TRUE
contain,TRUE
carry,TRUE
bear,FALSE
show,TRUE
postal,FALSE
credit,TRUE
identify,TRUE
#,FALSE
#,FALSE
#,FALSE
#,FALSE
code,TRUE
#,FALSE
label,TRUE
#,FALSE
side,TRUE
portion,FALSE
bar,TRUE
label,TRUE
letter,TRUE
part,TRUE
key,TRUE
tag,FALSE
student,TRUE
law,TRUE
Tribunal,FALSE
measure,TRUE
len,FALSE
tool,TRUE
feature,TRUE
scope,FALSE
sense,FALSE
picture,FALSE
explain,FALSE
specify,TRUE
justify,FALSE
understand,TRUE
describe,TRUE
establish,TRUE
express,TRUE
know,TRUE
even,FALSE
immediately,FALSE
behind,FALSE
target,TRUE
threat,FALSE
legal,FALSE
relevant,FALSE
particular,FALSE
desire,FALSE
#,FALSE
exist,TRUE
battery,FALSE
command,TRUE
mission,FALSE
activate,FALSE
replace,FALSE
terminate,FALSE
renew,FALSE
purchase,TRUE
alter,FALSE
acquire,TRUE
retain,FALSE
buy,TRUE
modify,TRUE
disable,FALSE
inactive,FALSE
inactivate,FALSE
damage,TRUE
block,TRUE
signal,FALSE
signal,FALSE
message,TRUE
sensor,FALSE
object,FALSE
source,TRUE
bank,TRUE
week,TRUE
second,FALSE
set,TRUE
minute,FALSE
hour,TRUE
day,TRUE
round,TRUE
month,TRUE
cycle,FALSE
line,TRUE
occur,TRUE
occur,TRUE
occur,TRUE
fail,TRUE
appear,TRUE
happen,FALSE
controller,TRUE
deliver,TRUE
broadcast,FALSE
generate,TRUE
execute,TRUE
valid,FALSE
clear,FALSE
reply,FALSE
alert,FALSE
warn,FALSE
sequence,FALSE
event,TRUE
automatically,FALSE
auto,TRUE
pre,FALSE
hit,FALSE
click,FALSE
de,TRUE
advantage,TRUE
criticism,FALSE
characteristic,FALSE
flaw,FALSE
benefit,TRUE
weakness,FALSE
difference,FALSE
limitation,FALSE
strength,FALSE
consequence,FALSE
design,TRUE
approach,TRUE
yield,TRUE
reaction,FALSE
physical,FALSE
form,TRUE
description,TRUE
#,FALSE
#,FALSE
#,FALSE
model,TRUE
structure,TRUE
engine,FALSE
ship,FALSE
vehicle,TRUE
unit,TRUE
design,TRUE
machine,TRUE
vessel,FALSE
instrument,FALSE
hear,TRUE
see,TRUE
view,TRUE
review,TRUE
update,TRUE
buyer,TRUE
buyer,TRUE
firm,FALSE
submit,TRUE
email,FALSE
order,TRUE
contract,FALSE
package,TRUE
publisher,FALSE
director,FALSE
methodology,FALSE
structure,TRUE
philosophy,FALSE
definition,FALSE
analysis,TRUE
constitution,FALSE
focus,TRUE
depend,TRUE
depend,TRUE
contingent,FALSE
found,FALSE
center,TRUE
model,TRUE
rely,TRUE
concentrate,FALSE
depend,TRUE
build,TRUE
centre,TRUE
rely,FALSE
official,FALSE
necessary,FALSE
scientific,FALSE
principle,TRUE
fact,FALSE
forward,FALSE
extend,TRUE
entry,TRUE
paper,TRUE
administrative,FALSE
head,FALSE
regional,FALSE
officer,TRUE
official,TRUE
incorporate,TRUE
fit,TRUE
integrate,FALSE
load,TRUE
insert,FALSE
university,FALSE
association,FALSE
school,TRUE
send,TRUE
transfer,TRUE
relate,TRUE
compare,TRUE
deliver,TRUE
pass,TRUE
transmit,FALSE
link,TRUE
connect,TRUE
Commission,FALSE
secretary,FALSE
department,FALSE
opportunity,FALSE
power,TRUE
flexibility,FALSE
publish,TRUE
exact,FALSE
review,TRUE
receive,TRUE
return,TRUE
examine,FALSE
find,TRUE
count,TRUE
accept,TRUE
steal,FALSE
auction,FALSE
online,FALSE
broker,FALSE
clerk,FALSE
still,FALSE
often,FALSE
always,FALSE
sometimes,FALSE
never,FALSE
usually,FALSE
normally,FALSE
whether,FALSE
whether,FALSE
either,FALSE
unless,FALSE
stock,FALSE
vehicle,TRUE
ticket,FALSE
car,TRUE
asset,TRUE
donate,FALSE
trace,FALSE
ship,FALSE
rank,TRUE
title,TRUE
character,TRUE
doctor,FALSE
episode,FALSE
doctor,TRUE
appoint,FALSE
recommend,FALSE
recruit,FALSE
test,TRUE
aid,TRUE
diagnostic,FALSE
genetic,FALSE
pharmaceutical,FALSE
laboratory,TRUE
dental,FALSE
nutrition,FALSE
psychological,FALSE
technician,TRUE
science,FALSE
work,TRUE
knowledge,FALSE
skill,FALSE
investigation,FALSE
maintenance,TRUE
supervision,FALSE
bag,FALSE
box,TRUE
premise,FALSE
security,FALSE
asset,TRUE
package,FALSE
object,FALSE
divide,TRUE
arrange,FALSE
break,FALSE
number,TRUE
form,TRUE
group,TRUE
subdivide,FALSE
organize,TRUE
reserve,TRUE
address,TRUE
stand,TRUE
note,TRUE
holder,FALSE
sponsor,FALSE
patron,FALSE
proprietor,FALSE
landlord,FALSE
middle,FALSE
end,TRUE
box,TRUE
centre,FALSE
column,FALSE
room,FALSE
category,TRUE
row,FALSE
employer,FALSE
partnership,FALSE
sign,TRUE
line,FALSE
Fed,FALSE
mix,FALSE
pick,TRUE
stand,TRUE
look,TRUE
beat,FALSE
camera,FALSE
footage,FALSE
camera,FALSE
monitor,TRUE
track,TRUE
image,TRUE
essence,FALSE
personality,FALSE
voice,FALSE
allow,TRUE
enable,TRUE
require,TRUE
assist,TRUE
permit,FALSE
encourage,TRUE
allow,TRUE
sale,FALSE
marketing,FALSE
operation,FALSE
research,FALSE
effort,TRUE
assess,TRUE
predict,FALSE
improve,TRUE
evaluate,TRUE
analyze,TRUE
capture,FALSE
dynamic,TRUE
responsibility,TRUE
action,TRUE
team,FALSE
division,FALSE
office,TRUE
editor,FALSE
specification,TRUE
represent,TRUE
reference,TRUE
define,TRUE
aspect,FALSE
bit,TRUE
branch,TRUE
web,FALSE
character,TRUE
programming,FALSE
parallel,FALSE
#,FALSE
block,TRUE
language,TRUE
tree,FALSE
generator,FALSE
module,FALSE
color,FALSE
color,FALSE
c,FALSE
colour,FALSE
colour,FALSE
auto,TRUE
e,FALSE
b,FALSE
v,FALSE
x,FALSE
d,FALSE
purchase,TRUE
accounting,FALSE
statistic,FALSE
net,FALSE
cash,TRUE
immediate,FALSE
#,FALSE
youth,FALSE
man,FALSE
inhabitant,FALSE
girl,FALSE
youth,FALSE
male,FALSE
female,FALSE
district,FALSE
region,FALSE
valley,FALSE
mountain,FALSE
river,FALSE
forest,FALSE
province,FALSE
valley,FALSE
tribe,FALSE
campaign,FALSE
fund,TRUE
arrangement,FALSE
far,FALSE
various,FALSE
several,FALSE
blood,FALSE
regular,FALSE
#,FALSE
#,FALSE
extraction,FALSE
density,FALSE
share,TRUE
basis,FALSE
log,TRUE
#,FALSE
#,FALSE
#,FALSE
#,FALSE
#,FALSE
#,FALSE
#,FALSE
study,TRUE
there,FALSE
they,FALSE
it,FALSE
here,FALSE
below,FALSE
daily,FALSE
10,FALSE
#,FALSE
#,FALSE
#,FALSE
#,FALSE
#,FALSE
#,FALSE
amendment,FALSE
round,FALSE
choice,FALSE
assessment,FALSE
aid,TRUE
party,FALSE
alternative,FALSE
grade,FALSE
degree,TRUE
chance,FALSE
window,FALSE
party,TRUE
download,FALSE
edit,FALSE
modify,FALSE
import,FALSE
print,FALSE
store,FALSE
access,TRUE
save,TRUE
find,TRUE
read,TRUE
view,TRUE
use,TRUE
review,TRUE
search,TRUE
check,TRUE
#,FALSE
#,FALSE
#,FALSE
via,FALSE
license,FALSE
need,TRUE
quality,TRUE
joy,FALSE
introduction,FALSE
fear,FALSE
call,TRUE
help,TRUE
promise,FALSE
freedom,FALSE
want,TRUE
experience,TRUE
result,TRUE
therapy,FALSE
life,FALSE
recovery,FALSE
cure,FALSE
request,TRUE
evaluate,TRUE
suggestion,FALSE
heart,FALSE
People,FALSE
heart,FALSE
grade,TRUE
edition,FALSE
yourself,FALSE
find,TRUE
file,TRUE
#,FALSE
build,TRUE
forget,FALSE
only,FALSE
know,TRUE
play,TRUE
nominated,FALSE
home,TRUE
alone,FALSE
hear,TRUE
hide,FALSE
#,FALSE
enough,FALSE
winner,FALSE
get,TRUE
nothing,FALSE
never,FALSE
word,FALSE
post,FALSE
make,TRUE
press,FALSE
#,FALSE
#,FALSE
#,FALSE
#,FALSE
#,FALSE
want,FALSE
miss,TRUE
ready,FALSE
bless,FALSE
lose,TRUE
Non,FALSE
Un,FALSE
live,TRUE
out,FALSE
#,FALSE
#,FALSE
feature,TRUE
#,FALSE
limit,FALSE
minimum,FALSE
short,FALSE
preliminary,FALSE
term,TRUE
licence,FALSE
degree,TRUE
validity,FALSE
understand,TRUE
descriptive,FALSE
measurement,FALSE
accuracy,FALSE
efficiency,FALSE
method,TRUE
emphasis,FALSE
suffix,FALSE
word,TRUE
accent,FALSE
mean,TRUE
prefix,FALSE
ground,FALSE
compiler,FALSE
#,FALSE
representation,FALSE
motion,FALSE
movement,FALSE
mode,FALSE
launch,FALSE
introduction,TRUE
completion,FALSE
2017,FALSE
unknown,FALSE
2018,FALSE
2016,FALSE
2013,FALSE
2015,FALSE
2014,FALSE
approximate,FALSE
2011,FALSE
2010,FALSE
2009,FALSE
2019,FALSE
2012,FALSE
2006,FALSE
2007,FALSE
material,TRUE
account,TRUE
search,TRUE
ask,TRUE
care,TRUE
trade,FALSE
look,TRUE
seek,FALSE
check,TRUE
communication,FALSE
deal,TRUE
communicating,FALSE
interaction,FALSE
comparison,TRUE
consultation,FALSE
connection,FALSE
compliance,FALSE
coordination,FALSE
assistance,FALSE
integration,FALSE
interact,FALSE
late,FALSE
operate,TRUE
able,FALSE
suppose,FALSE
aim,TRUE
aim,TRUE
adjust,TRUE
facilitate,TRUE
enhance,TRUE
perform,TRUE
effectiveness,TRUE
implement,TRUE
complete,TRUE
labor,FALSE
labour,FALSE
burden,FALSE
task,TRUE
maintain,TRUE
raise,FALSE
assure,FALSE
productivity,FALSE
complexity,FALSE
success,TRUE
solution,FALSE
accelerate,FALSE
efficient,FALSE
practical,FALSE
effective,FALSE
objective,TRUE
progress,TRUE
real,FALSE
#,FALSE
#,FALSE
#,FALSE
#,FALSE
#,FALSE
#,FALSE
#,FALSE
#,FALSE
#,FALSE
#,FALSE
#,FALSE
#,FALSE
action,TRUE
committee,FALSE
authority,FALSE
prepare,FALSE
aim,TRUE
push,TRUE
adapt,FALSE
hope,TRUE
improvement,FALSE
improvement,FALSE
guarantee,FALSE
protect,TRUE
preserve,FALSE
promote,TRUE
reliability,TRUE
sea,FALSE
class,TRUE
#,FALSE
class,TRUE
qualification,FALSE
position,TRUE
assignment,FALSE
contact,TRUE
admission,FALSE
acceptance,FALSE
declaration,FALSE
initiation,FALSE
administration,FALSE
injection,FALSE
foreigner,FALSE
software,FALSE
entire,FALSE
engineering,TRUE
architecture,TRUE
committee,TRUE
division,TRUE
lab,FALSE
devote,FALSE
concentrate,FALSE
contribute,FALSE
lend,FALSE
energy,FALSE
energy,FALSE
expertise,FALSE
involvement,FALSE
implement,TRUE
design,TRUE
improve,TRUE
define,TRUE
execute,FALSE
solve,TRUE
manage,TRUE
construct,FALSE
prepare,TRUE
map,FALSE
board,TRUE
chart,FALSE
console,FALSE
stack,FALSE
graph,FALSE
functional,FALSE
operate,TRUE
usable,FALSE
work,TRUE
function,TRUE
wake,FALSE
start,TRUE
break,FALSE
interview,FALSE
surgery,FALSE
performance,TRUE
investigation,FALSE
stimulate,FALSE
strengthen,FALSE
foster,FALSE
expand,FALSE
advance,TRUE
allocation,FALSE
extension,FALSE
export,FALSE
electricity,FALSE
job,TRUE
sector,TRUE
segment,FALSE
group,TRUE
region,TRUE
aspect,FALSE
population,TRUE
nation,TRUE
society,TRUE
UK,FALSE
EU,FALSE
continent,FALSE
planet,FALSE
achieve,TRUE
enterprise,FALSE
sector,FALSE
participation,FALSE
ownership,FALSE
penetration,FALSE
continue,TRUE
try,TRUE
want,TRUE
attempt,TRUE
begin,TRUE
inform,TRUE
consult,FALSE
tell,TRUE
guide,TRUE
five,FALSE
six,FALSE
ten,FALSE
additional,FALSE
command,TRUE
direction,TRUE
#,FALSE
#,FALSE
#,FALSE
#,FALSE
#,FALSE
#,FALSE
#,FALSE
#,FALSE
rating,TRUE
gender,FALSE
specie,FALSE
gender,FALSE
subspecie,FALSE
competitor,FALSE
role,FALSE
Model,FALSE
design,FALSE
directorate,FALSE
feature,FALSE
dynamic,FALSE
direction,FALSE
plan,FALSE
club,FALSE
round,FALSE
contestant,FALSE
coach,FALSE
corner,FALSE
squad,FALSE
॥,FALSE
#,FALSE
#,FALSE
#,FALSE
#,FALSE
#,FALSE
#,FALSE
service,FALSE
roster,FALSE
stadium,FALSE
league,FALSE
subsequent,FALSE
successive,FALSE
leader,FALSE
strength,FALSE
score,FALSE
quota,FALSE
complement,FALSE
weight,FALSE
#,FALSE
lab,FALSE
beta,FALSE
prize,FALSE
stage,FALSE
figure,FALSE
support,TRUE
nature,FALSE
meet,TRUE
officer,FALSE
staff,FALSE
coordinator,FALSE
seek,FALSE
extract,FALSE
hear,TRUE
good,FALSE
expert,FALSE
quick,FALSE
helpful,FALSE
statement,FALSE
email,FALSE
credential,FALSE
stakeholder,FALSE
expert,FALSE
professional,TRUE
send,TRUE
directly,FALSE
feedback,FALSE
response,FALSE
another,FALSE
station,TRUE
engineer,TRUE
convert,TRUE
birth,FALSE
unknown,FALSE
file,FALSE
contact,FALSE
death,FALSE
last,FALSE
official,FALSE
current,FALSE
issue,TRUE
vary,TRUE
element,TRUE
bridge,FALSE
tower,FALSE
tunnel,FALSE
dam,FALSE
building,FALSE
house,TRUE
comparison,FALSE
constraint,FALSE
database,TRUE
compatibility,FALSE
connectivity,FALSE
graphical,FALSE
graphic,TRUE
limit,TRUE
clearance,FALSE
right,TRUE
easy,FALSE
general,FALSE
external,FALSE
get,TRUE
connect,TRUE
interface,TRUE
know,TRUE
come,TRUE
visit,TRUE
belong,FALSE
go,TRUE
relate,TRUE
keyboard,TRUE
desktop,FALSE
protect,TRUE
cover,TRUE
within,FALSE
inside,FALSE
control,TRUE
button,FALSE
panel,FALSE
sub,TRUE
mini,FALSE
micro,FALSE
non,TRUE
anti,FALSE
t,FALSE
meta,FALSE
g,FALSE
board,TRUE
assembly,FALSE
low,FALSE
high,FALSE
upper,FALSE
opposite,FALSE
result,TRUE
#,FALSE
judge,FALSE
impose,FALSE
mistake,FALSE
stop,FALSE
judgment,FALSE
status,FALSE
in,FALSE
its,FALSE
proof,FALSE
statement,TRUE
assertion,FALSE
#,FALSE
#,FALSE
#,FALSE
#,FALSE
#,FALSE
#,FALSE
accusation,FALSE
assert,FALSE
allege,FALSE
worth,FALSE
remain,TRUE
exist,TRUE
return,TRUE
lie,FALSE
decline,FALSE
locate,TRUE
keep,TRUE
leave,TRUE
store,TRUE
situate,FALSE
lodge,FALSE
container,FALSE
container,FALSE
locate,FALSE
relocate,FALSE
Judge,FALSE
yes,FALSE
negative,FALSE
yes,FALSE
invalid,FALSE
acceptable,FALSE
TRUE,FALSE
zero,FALSE
legislation,FALSE
freedom,FALSE
intention,FALSE
employ,TRUE
involve,TRUE
combination,FALSE
app,TRUE
website,TRUE
age,TRUE
geographical,FALSE
#,FALSE
hour,TRUE
#,FALSE
leaf,FALSE
sound,FALSE
noun,FALSE
engine,FALSE
song,FALSE
accept,TRUE
publish,TRUE
apply,TRUE
hold,TRUE
settlement,FALSE
hence,FALSE
through,FALSE
with,FALSE
consider,TRUE
use,TRUE
#,FALSE
combination,TRUE
#,FALSE
library,FALSE
#,FALSE
chain,FALSE
need,TRUE
allow,TRUE
accurate,FALSE
fast,FALSE
reliable,FALSE
automatic,FALSE
distance,FALSE
overall,FALSE
binary,FALSE
simple,FALSE
code,TRUE
symbol,FALSE
generate,TRUE
enter,TRUE
transmit,FALSE
produce,TRUE
he,FALSE
we,FALSE
you,FALSE
she,FALSE
printer,FALSE
satisfy,FALSE
digital,FALSE
#,FALSE
concept,TRUE
technique,TRUE
international,FALSE
mortgage,FALSE
pension,FALSE
#,FALSE
#,FALSE
#,FALSE
#,FALSE
retail,FALSE
wholesale,FALSE
start,TRUE
set,TRUE
#,FALSE
master,FALSE
#,FALSE
#,FALSE
loan,TRUE
debt,TRUE
profit,TRUE
debt,TRUE
#,FALSE
loan,TRUE
process,TRUE
withdraw,FALSE
handle,TRUE
capital,FALSE
#,FALSE
#,FALSE
#,FALSE
#,FALSE
#,FALSE
large,FALSE
#,FALSE
index,FALSE
yield,TRUE
comprise,TRUE
social,FALSE
content,FALSE
network,FALSE
community,FALSE
Google,FALSE
Geographic,FALSE
resource,FALSE
example,TRUE
example,TRUE
barrel,FALSE
locomotive,FALSE
accept,TRUE
instal,TRUE
open,TRUE
least,FALSE
bit,FALSE
piece,FALSE
version,TRUE
address,TRUE
classify,FALSE
audio,FALSE
investor,FALSE
ceo,FALSE
hire,TRUE
prefer,FALSE
optimal,FALSE
serve,TRUE
bid,FALSE
decide,TRUE
tv,FALSE
view,TRUE
concern,TRUE
involve,TRUE
typically,FALSE
#,FALSE
button,FALSE
report,FALSE
Chart,FALSE
schedule,FALSE
guide,FALSE
report,FALSE
channel,FALSE
movie,FALSE
brief,FALSE
detail,FALSE
source,TRUE
presence,FALSE
prescription,FALSE
alcohol,FALSE
substance,FALSE
FDA,FALSE
sufficient,FALSE
incur,FALSE
estimate,FALSE
combine,TRUE
assume,TRUE
earn,FALSE
render,FALSE
afford,FALSE
strategic,FALSE
commission,FALSE
deadline,FALSE
invite,FALSE
venue,FALSE
artist,FALSE
photographer,FALSE
journalist,FALSE
dvd,FALSE
conjunction,FALSE
accordance,FALSE
cooperation,FALSE
keep,TRUE
collaboration,FALSE
route,FALSE
expansion,FALSE
proposal,FALSE
own,TRUE
develop,TRUE
establish,TRUE
organize,TRUE
implement,TRUE
direct,TRUE
funding,FALSE
lottery,FALSE
reward,FALSE
comprehensive,FALSE
intent,TRUE
goal,FALSE
sell,TRUE
offer,TRUE
administer,FALSE
feed,FALSE
remain,TRUE
vaccine,FALSE
spectrum,FALSE
couple,FALSE
rate,TRUE
rank,TRUE
report,TRUE
say,TRUE
provision,FALSE
regulation,FALSE
#,FALSE
#,FALSE
#,FALSE
#,FALSE
#,FALSE
archive,FALSE
follow,TRUE
advise,FALSE
testing,TRUE
panel,FALSE
system,FALSE
Manual,FALSE
approve,TRUE
preparation,FALSE
functionality,FALSE
solution,FALSE
technology,TRUE
confidence,TRUE
guidance,FALSE
recommendation,FALSE
influence,FALSE
advice,FALSE
decide,TRUE
block,TRUE
ignore,FALSE
skip,FALSE
saving,FALSE
update,FALSE
revenue,TRUE
save,TRUE
call,TRUE
job,TRUE
crew,FALSE
one,TRUE
worker,FALSE
expect,TRUE
build,TRUE
join,FALSE
challenge,FALSE
integrate,FALSE
engineer,TRUE
architect,FALSE
realize,TRUE
behavior,FALSE
vision,FALSE
goal,FALSE
robot,FALSE
processor,FALSE
discover,FALSE
infrastructure,FALSE
fulfill,FALSE
accomplish,FALSE
accommodate,FALSE
criterion,FALSE
end,TRUE
port,FALSE
maintenance,FALSE
simulation,FALSE
flight,FALSE
viewer,FALSE
learn,TRUE
spatial,FALSE
important,FALSE
particle,FALSE
more,FALSE
easy,FALSE
less,FALSE
very,FALSE
originate,FALSE
derive,FALSE
stem,FALSE
depart,FALSE
inherit,FALSE
regard,TRUE
finding,FALSE
get,FALSE
sample,FALSE
symptom,FALSE
severity,FALSE
prevalence,FALSE
assess,TRUE
well,FALSE
terminology,FALSE
drug,TRUE
initial,FALSE
total,FALSE
single,FALSE
#,FALSE
#,FALSE
#,FALSE
#,FALSE
#,FALSE
#,FALSE
#,FALSE
#,FALSE
#,FALSE
#,FALSE
scale,FALSE
base,TRUE
list,TRUE
now,FALSE
（,FALSE
strike,FALSE
trading,FALSE
percentage,FALSE
#,FALSE
play,TRUE
visual,FALSE
red,FALSE
3d,FALSE
grid,FALSE
display,TRUE
indicate,TRUE
denote,FALSE
reflect,FALSE
location,TRUE
boundary,FALSE
locality,FALSE
city,FALSE
street,FALSE
town,FALSE
street,FALSE
road,FALSE
county,FALSE
township,FALSE
village,FALSE
area,FALSE
neighborhood,FALSE
town,FALSE
print,FALSE
mapping,FALSE
interact,TRUE
compete,FALSE
interfere,FALSE
combine,TRUE
cooperate,FALSE
bio,FALSE
electronic,FALSE
self,TRUE
#,FALSE
drive,FALSE
size,FALSE
pin,FALSE
press,FALSE
pad,FALSE
#,FALSE
see,TRUE
nail,FALSE
lock,FALSE
cap,FALSE
technique,FALSE
previously,FALSE
already,FALSE
commonly,FALSE
formerly,FALSE
verify,TRUE
sign,TRUE
ranking,FALSE
chart,FALSE
equation,FALSE
depend,TRUE
hand,TRUE
slightly,FALSE
later,FALSE
perspective,FALSE
significantly,FALSE
rank,TRUE
conference,FALSE
present,FALSE
air,FALSE
happen,FALSE
appear,TRUE
hold,TRUE
maintain,TRUE
carry,TRUE
retain,FALSE
#,FALSE
#,FALSE
must,FALSE
store,TRUE
company,TRUE
must,FALSE
always,FALSE
shall,FALSE
produce,FALSE
wait,FALSE
partial,FALSE
schedule,TRUE
calendar,FALSE
sheet,FALSE
contain,TRUE
feature,TRUE
origin,FALSE
manufacture,TRUE
occupation,FALSE
residence,FALSE
may,FALSE
can,FALSE
injury,FALSE
warrant,FALSE
require,TRUE
close,FALSE
relative,FALSE
prior,FALSE
close,FALSE
replacement,FALSE
descend,FALSE
evolve,FALSE
grow,FALSE
cricket,FALSE
that,FALSE
chess,FALSE
under,FALSE
by,FALSE
meet,TRUE
pattern,FALSE
principle,TRUE
convention,FALSE
formula,FALSE
assumption,FALSE
volume,TRUE
property,TRUE
quantity,FALSE
attribute,FALSE
accession,FALSE
termination,FALSE
revoke,FALSE
adjust,TRUE
maintain,TRUE
revise,FALSE
extend,TRUE
amend,TRUE
confirm,FALSE
correct,TRUE
cancel,FALSE
suspend,FALSE
federal,FALSE
statutory,FALSE
headquarter,FALSE
kind,TRUE
configuration,FALSE
periodic,FALSE
mind,FALSE
addition,TRUE
behave,FALSE
decade,TRUE
past,TRUE
season,TRUE
1990s,FALSE
decade,TRUE
demonstration,FALSE
tournament,FALSE
propose,FALSE
initiate,FALSE
start,TRUE
launch,TRUE
begin,TRUE
undertake,FALSE
announce,FALSE
successful,FALSE
active,FALSE
organise,FALSE
engage,FALSE
UN,FALSE
educational,FALSE
domestic,FALSE
#,FALSE
#,FALSE
#,FALSE
#,FALSE
#,FALSE
contractor,FALSE
sponsor,FALSE
supplier,FALSE
investor,FALSE
producer,FALSE
senior,FALSE
primary,FALSE
secondary,FALSE
corporate,FALSE
institutional,FALSE
dealer,FALSE
technician,FALSE
investigator,FALSE
photo,FALSE
caller,FALSE
athlete,FALSE
captain,FALSE
ministry,FALSE
Minister,FALSE
location,FALSE
housing,FALSE
ward,FALSE
administration,FALSE
country,FALSE
zone,FALSE
length,FALSE
rank,FALSE
institution,FALSE
prison,FALSE
settlement,FALSE
residence,FALSE
property,FALSE
municipality,FALSE
compile,FALSE
prepare,FALSE
gather,FALSE
town,TRUE
district,FALSE
population,TRUE
support,TRUE
host,TRUE
manufacture,TRUE
deploy,FALSE
#,FALSE
2d,FALSE
lead,TRUE
transparent,FALSE
improve,TRUE
paint,FALSE
interactive,FALSE
#,FALSE
render,FALSE
recognition,FALSE
pop,FALSE
clean,FALSE
patch,FALSE
head,TRUE
interview,FALSE
exam,FALSE
today,FALSE
governor,FALSE
voter,FALSE
trustee,FALSE
invitation,FALSE
suitable,FALSE
restaurant,FALSE
dinner,FALSE
trust,FALSE
trust,FALSE
surveillance,FALSE
specialist,FALSE
enable,TRUE
hook,FALSE
catch,FALSE
stand,TRUE
tune,FALSE
sit,FALSE
sensor,FALSE
demonstrate,FALSE
behaviour,FALSE
disposal,FALSE
placement,FALSE
programmer,FALSE
plug,FALSE
translate,FALSE
recommendation,FALSE
ward,FALSE
idea,TRUE
act,TRUE
notion,FALSE
difficulty,FALSE
prospect,FALSE
habit,FALSE
lend,FALSE
supply,TRUE
charity,FALSE
neighbor,FALSE
supermarket,FALSE
hotel,FALSE
disadvantage,FALSE
fair,FALSE
premium,FALSE
leave,TRUE
involve,TRUE
present,TRUE
contain,TRUE
penalty,FALSE
opportunity,FALSE
possibility,TRUE
obstacle,FALSE
ground,FALSE
hurdle,FALSE
theory,FALSE
demonstrate,FALSE
repeat,FALSE
study,TRUE
patent,TRUE
employ,FALSE
1960,TRUE
mid,FALSE
60,FALSE
1950,FALSE
1970s,FALSE
nineteen,FALSE
twenty,FALSE
six,FALSE
forty,FALSE
1980s,FALSE
1940,FALSE
1965,FALSE
1975,FALSE
90,TRUE
80,FALSE
70,FALSE
2000,FALSE
era,FALSE
2000,FALSE
tear,TRUE
rip,FALSE
tear,TRUE
rip,FALSE
fall,TRUE
tear,TRUE
fold,FALSE
fall,TRUE
tear,TRUE
roll,FALSE
end,TRUE
half,TRUE
strip,FALSE
side,TRUE
par,FALSE
large,FALSE
kick,FALSE
knock,FALSE
diver,FALSE
entrance,FALSE
float,FALSE
attacker,FALSE
save,TRUE
encryption,FALSE
#,FALSE
correspond,FALSE
index,TRUE
attribute,FALSE
information,TRUE
parameter,FALSE
definition,FALSE
pair,FALSE
format,FALSE
eight,FALSE
symbol,FALSE
map,TRUE
cross,FALSE
shape,TRUE
pattern,FALSE
array,FALSE
pseudo,FALSE
zip,FALSE
dot,FALSE
op,FALSE
q,FALSE
u,FALSE
dot,FALSE
graph,FALSE
plate,FALSE
sign,TRUE
accompany,FALSE
cancel,FALSE
border,TRUE
supplement,FALSE
monetary,FALSE
bonus,TRUE
convince,FALSE
remember,FALSE
budget,TRUE
fairly,FALSE
relatively,FALSE
rather,FALSE
quite,FALSE
help,TRUE
contribution,FALSE
India,FALSE
#,FALSE
lack,TRUE
#,FALSE
#,FALSE
#,FALSE
diagnose,FALSE
document,TRUE
name,TRUE
label,TRUE
cause,TRUE
disease,TRUE
error,TRUE
trial,TRUE
infection,TRUE
circumstance,FALSE
description,TRUE
categorize,FALSE
contrary,FALSE
similarly,FALSE
compare,TRUE
inappropriate,FALSE
significant,FALSE
severe,FALSE
abnormal,FALSE
adverse,FALSE
fail,TRUE
structural,FALSE
systematic,FALSE
statistical,FALSE
dna,FALSE
bias,FALSE
code,TRUE
correction,FALSE
experimental,FALSE
etc,FALSE
#,FALSE
#,FALSE
default,FALSE
Walkover,FALSE
retirement,FALSE
incumbent,FALSE
marriage,FALSE
they,FALSE
we,FALSE
Us,FALSE
manage,TRUE
administer,FALSE
fund,TRUE
coordinate,TRUE
supervise,FALSE
conceive,FALSE
formulate,FALSE
monitor,TRUE
assess,TRUE
direct,TRUE
chapter,FALSE
Vol,FALSE
volume,FALSE
come,TRUE
what,FALSE
talk,FALSE
note,TRUE
talk,FALSE
degree,TRUE
#,FALSE
centre,FALSE
source,TRUE
#,FALSE
developer,FALSE
merge,FALSE
technology,TRUE
record,FALSE
year,FALSE
album,FALSE
EP,FALSE
song,FALSE
yet,FALSE
yet,FALSE
multi,FALSE
p,FALSE
cross,FALSE
co,FALSE
counter,FALSE
plot,FALSE
power,TRUE
field,TRUE
sort,TRUE
shorten,FALSE
translation,FALSE
abbreviation,FALSE
descend,FALSE
abbreviate,FALSE
translate,FALSE
borrow,FALSE
#,FALSE
farmer,FALSE
retailer,TRUE
organization,TRUE
organizational,FALSE
professional,FALSE
National,FALSE
administrative,FALSE
individual,FALSE
personal,FALSE
Industrial,FALSE
#,FALSE
#,FALSE
#,FALSE
#,FALSE
#,FALSE
activate,FALSE
wear,TRUE
read,TRUE
name,FALSE
who,FALSE
nhs,FALSE
iso,FALSE
describe,TRUE
cover,TRUE
custody,FALSE
liability,FALSE
kit,FALSE
hear,TRUE
member,TRUE
waste,FALSE
cloud,FALSE
underground,FALSE
#,FALSE
internal,FALSE
grain,FALSE
efficiently,FALSE
effectively,FALSE
quickly,FALSE
easily,FALSE
completely,FALSE
properly,FALSE
fully,FALSE
continuously,FALSE
access,TRUE
net,FALSE
operate,TRUE
date,TRUE
market,TRUE
organisation,FALSE
handbook,FALSE
association,FALSE
Journal,FALSE
Encyclopedia,FALSE
economic,FALSE
principle,FALSE
evolution,FALSE
Institute,FALSE
computer,FALSE
online,FALSE
land,FALSE
action,FALSE
ocean,FALSE
operation,FALSE
Spirit,FALSE
Band,FALSE
hear,TRUE
direct,FALSE
audio,FALSE
analysis,FALSE
direct,FALSE
ion,FALSE
second,FALSE
sound,FALSE
AI,FALSE
compute,FALSE
application,FALSE
architecture,FALSE
automation,FALSE
mba,FALSE
computing,FALSE
learn,FALSE
accounting,FALSE