access,TRUE
link,TRUE
access,TRUE
connection,TRUE
connection,TRUE
exposure,FALSE
tie,FALSE
connectivity,TRUE
right,TRUE
entry,TRUE
input,TRUE
proximity,FALSE
link,TRUE
relationship,TRUE
attachment,FALSE
weather,TRUE
datum,TRUE
weather,FALSE
information,TRUE
database,TRUE
forecast,TRUE
cloud,TRUE
datum,FALSE
news,TRUE
web,TRUE
news,FALSE
internet,TRUE
',FALSE
report,TRUE
climate,TRUE
may,FALSE
also,FALSE
often,FALSE
could,FALSE
typically,FALSE
would,FALSE
might,FALSE
service,TRUE
source,TRUE
must,FALSE
available,FALSE
include,TRUE
include,TRUE
include,TRUE
include,TRUE
involve,TRUE
government,TRUE
governmental,FALSE
local,FALSE
commercial,FALSE
federal,FALSE
private,FALSE
public,FALSE
corporate,FALSE
various,FALSE
member,TRUE
business,TRUE
national,FALSE
institutes,FALSE
institution,TRUE
organization,TRUE
group,TRUE
laboratory,TRUE
center,TRUE
agency,TRUE
team,TRUE
facility,TRUE
firm,TRUE
company,TRUE
university,TRUE
labs,FALSE
project,TRUE
partner,TRUE
entity,TRUE
user,TRUE
body,TRUE
sponsor,FALSE
contributor,FALSE
database,TRUE
vendor,TRUE
library,TRUE
seek,TRUE
attempt,TRUE
wish,TRUE
choose,TRUE
want,TRUE
continue,TRUE
request,TRUE
need,TRUE
try,TRUE
help,TRUE
offer,TRUE
apply,TRUE
plan,TRUE
work,TRUE
use,TRUE
share,TRUE
provide,TRUE
utilize,TRUE
collect,TRUE
receive,TRUE
obtain,TRUE
store,TRUE
handle,TRUE
manage,TRUE
borrow,FALSE
file,TRUE
record,TRUE
report,TRUE
imagery,TRUE
document,TRUE
image,TRUE
content,TRUE
resource,TRUE
feed,TRUE
statistic,TRUE
internet,TRUE
online,FALSE
software,TRUE
it,FALSE
research,TRUE
technology,TRUE
support,TRUE
independent,FALSE
additional,FALSE
service,TRUE
resource,TRUE
system,TRUE
management,TRUE
coverage,TRUE
report,TRUE
monitor,TRUE
provider,TRUE
program,TRUE
unit,TRUE
observatory,FALSE
Commission,FALSE
center,FALSE
facility,TRUE
corporation,FALSE
Institute,FALSE
program,FALSE
laboratory,FALSE
station,TRUE
system,FALSE
mission,FALSE
gps,FALSE
program,TRUE
team,TRUE
specify,TRUE
combine,TRUE
assign,TRUE
set,TRUE
calculate,TRUE
take,TRUE
convert,TRUE
determine,TRUE
define,TRUE
latitude,TRUE
north,TRUE
land,TRUE
spatial,FALSE
compass,FALSE
location,TRUE
read,TRUE
geographic,FALSE
city,TRUE
distance,TRUE
time,TRUE
geographical,FALSE
height,TRUE
northern,FALSE
reference,TRUE
longitude,TRUE
south,TRUE
vertical,FALSE
position,TRUE
sea,FALSE
angle,FALSE
humidity,FALSE
width,TRUE
altitude,TRUE
elevation,TRUE
tide,FALSE
speed,TRUE
mile,TRUE
date,TRUE
depth,TRUE
plane,FALSE
horizontal,FALSE
coordinate,TRUE
parameter,TRUE
measurement,TRUE
method,TRUE
system,TRUE
device,TRUE
map,TRUE
technique,TRUE
calculation,TRUE
change,TRUE
locate,TRUE
move,TRUE
identify,TRUE
transfer,TRUE
map,TRUE
shift,TRUE
give,TRUE
find,TRUE
get,TRUE
track,TRUE
indicate,TRUE
distance,TRUE
elevation,TRUE
location,TRUE
altitude,FALSE
direction,TRUE
mile,TRUE
move,TRUE
route,TRUE
height,TRUE
million,FALSE
people,TRUE
point,TRUE
time,TRUE
example,TRUE
some,FALSE
source,TRUE
part,TRUE
example,TRUE
one,FALSE
most,FALSE
area,TRUE
many,FALSE
common,FALSE
typical,FALSE
important,FALSE
two,FALSE
other,TRUE
technical,FALSE
common,FALSE
security,TRUE
functional,FALSE
design,TRUE
performance,TRUE
practical,FALSE
engineering,TRUE
key,FALSE
regulatory,FALSE
requirement,TRUE
standard,TRUE
constraint,TRUE
criterion,TRUE
specification,TRUE
factor,TRUE
goal,TRUE
consideration,TRUE
guideline,TRUE
need,TRUE
principle,TRUE
concern,TRUE
issue,TRUE
challenge,TRUE
limitation,TRUE
industry,TRUE
hardware,TRUE
manufacture,FALSE
development,TRUE
standard,FALSE
computer,TRUE
safety,TRUE
minimum,FALSE
cost,TRUE
protocol,TRUE
limit,TRUE
restriction,TRUE
capability,TRUE
barrier,FALSE
complexity,TRUE
problem,TRUE
demand,TRUE
require,TRUE
rule,TRUE
requirement,TRUE
code,TRUE
definition,TRUE
tool,TRUE
equipment,TRUE
component,TRUE
part,TRUE
material,TRUE
instrument,TRUE
product,TRUE
architecture,TRUE
application,TRUE
process,TRUE
interface,TRUE
condition,TRUE
cost,TRUE
size,TRUE
#,FALSE
level,TRUE
product,TRUE
device,TRUE
project,TRUE
process,TRUE
solution,TRUE
component,TRUE
network,TRUE
machine,TRUE
build,TRUE
league,FALSE
division,TRUE
division,FALSE
region,TRUE
island,FALSE
region,FALSE
group,FALSE
bank,FALSE
district,FALSE
plan,FALSE
maximum,TRUE
total,TRUE
strength,TRUE
length,TRUE
membership,FALSE
definition,TRUE
power,TRUE
complement,FALSE
structure,TRUE
hierarchy,FALSE
population,TRUE
limit,TRUE
chief,FALSE
resident,FALSE
district,TRUE
general,FALSE
regional,FALSE
central,FALSE
state,TRUE
qualified,FALSE
level,TRUE
student,TRUE
appoint,FALSE
senior,FALSE
single,FALSE
project,FALSE
unit,FALSE
authority,FALSE
foundation,FALSE
analyze,TRUE
monitor,TRUE
control,TRUE
record,TRUE
assess,TRUE
generate,TRUE
detect,TRUE
verify,TRUE
organize,TRUE
effectively,FALSE
accurately,FALSE
automatically,FALSE
remotely,FALSE
independently,FALSE
digitally,FALSE
easily,FALSE
properly,FALSE
exercise,FALSE
quality,TRUE
efficiently,FALSE
produce,TRUE
#,FALSE
prepare,FALSE
interpret,TRUE
publish,TRUE
review,TRUE
distribute,TRUE
transmit,TRUE
knowledge,TRUE
sample,TRUE
evidence,TRUE
value,TRUE
study,TRUE
website,TRUE
consortium,FALSE
service,FALSE
release,TRUE
send,TRUE
retrieve,TRUE
update,TRUE
display,TRUE
gather,TRUE
exchange,TRUE
message,TRUE
result,TRUE
text,TRUE
intelligence,TRUE
material,TRUE
response,TRUE
accordance,FALSE
relation,TRUE
addition,TRUE
proportion,TRUE
order,TRUE
parallel,TRUE
advance,TRUE
accord,TRUE
sequence,TRUE
line,TRUE
reply,TRUE
preference,FALSE
user,TRUE
specific,FALSE
give,TRUE
customer,TRUE
particular,FALSE
consumer,TRUE
request,TRUE
certain,FALSE
client,TRUE
emergency,TRUE
event,TRUE
basic,FALSE
main,FALSE
primary,FALSE
fundamental,FALSE
principal,FALSE
underlie,FALSE
major,FALSE
core,TRUE
prevail,FALSE
#,FALSE
point,TRUE
concept,TRUE
assumption,TRUE
condition,TRUE
advantage,TRUE
issue,TRUE
principle,TRUE
factor,TRUE
feature,TRUE
goal,TRUE
premise,FALSE
#,FALSE
statement,TRUE
behind,FALSE
among,FALSE
within,FALSE
regard,TRUE
storage,TRUE
processing,TRUE
analysis,TRUE
configuration,TRUE
recovery,FALSE
search,TRUE
type,TRUE
appropriate,FALSE
result,TRUE
new,FALSE
relevant,FALSE
distribute,TRUE
exist,TRUE
application,TRUE
associate,FALSE
internal,FALSE
enterprise,TRUE
typical,FALSE
file,TRUE
document,TRUE
image,TRUE
memory,TRUE
digital,FALSE
mining,TRUE
collection,TRUE
extraction,TRUE
acquisition,TRUE
integration,TRUE
handle,TRUE
protection,TRUE
environment,TRUE
tool,TRUE
module,TRUE
infrastructure,TRUE
platform,TRUE
technology,TRUE
model,TRUE
require,TRUE
incorporate,TRUE
contain,TRUE
implement,TRUE
supply,TRUE
programming,TRUE
graphical,FALSE
language,TRUE
language,TRUE
feature,TRUE
model,TRUE
interface,TRUE
code,TRUE
environment,TRUE
automation,FALSE
analytical,FALSE
function,TRUE
tree,FALSE
logic,FALSE
mechanism,TRUE
procedure,TRUE
functionality,TRUE
documentation,TRUE
evaluation,TRUE
optimization,FALSE
testing,TRUE
comparison,TRUE
maintenance,TRUE
scheduling,FALSE
weapon,FALSE
guide,TRUE
command,TRUE
basis,TRUE
driver,TRUE
substitute,FALSE
template,FALSE
whole,TRUE
nature,TRUE
accuracy,TRUE
number,TRUE
form,TRUE
choice,TRUE
arrangement,TRUE
existence,TRUE
shape,TRUE
availability,TRUE
precision,TRUE
reliability,TRUE
simplicity,TRUE
sensitivity,FALSE
range,TRUE
flexibility,TRUE
efficiency,TRUE
distribution,TRUE
usage,TRUE
resolution,TRUE
interpretation,TRUE
temporal,FALSE
directional,FALSE
coordinate,TRUE
grid,FALSE
physical,FALSE
magnetic,FALSE
satellite,FALSE
mapping,FALSE
geometric,FALSE
remote,FALSE
sample,TRUE
radar,TRUE
different,FALSE
transmission,TRUE
bear,TRUE
center,TRUE
source,TRUE
purpose,TRUE
task,TRUE
operation,TRUE
activity,TRUE
cause,TRUE
pose,TRUE
create,TRUE
present,TRUE
solve,TRUE
introduce,TRUE
eliminate,FALSE
raise,TRUE
address,TRUE
bring,TRUE
difficulty,TRUE
obstacle,FALSE
consequence,TRUE
advantage,TRUE
opportunity,TRUE
complication,FALSE
possibility,TRUE
question,TRUE
hazard,TRUE
implication,FALSE
risk,TRUE
space,TRUE
collect,TRUE
collection,TRUE
collector,FALSE
delivery,TRUE
classification,TRUE
since,FALSE
collection,FALSE
source,FALSE
Database,FALSE
#,FALSE
characteristic,TRUE
term,TRUE
variable,TRUE
describe,TRUE
for,FALSE
describe,TRUE
happen,TRUE
occur,TRUE
exist,TRUE
lie,TRUE
operate,TRUE
work,TRUE
reside,FALSE
happen,TRUE
matter,TRUE
fall,TRUE
apply,TRUE
remain,TRUE
exist,TRUE
plant,TRUE
plant,FALSE
facility,FALSE
complex,TRUE
the,FALSE
quality,TRUE
environmental,FALSE
design,TRUE
process,FALSE
automatic,FALSE
technical,FALSE
time,FALSE
internal,FALSE
assessment,TRUE
assurance,TRUE
plan,TRUE
creation,TRUE
improvement,TRUE
measurement,TRUE
identification,TRUE
retention,TRUE
good,TRUE
element,TRUE
line,FALSE
company,TRUE
unit,TRUE
fleet,FALSE
run,TRUE
allow,TRUE
perform,TRUE
deliver,TRUE
maintain,TRUE
format,TRUE
schedule,TRUE
board,FALSE
council,FALSE
consortium,TRUE
establish,TRUE
develop,TRUE
enforce,TRUE
impose,TRUE
make,TRUE
adopt,TRUE
environmental,FALSE
pollution,TRUE
flood,TRUE
emission,FALSE
effective,FALSE
strict,FALSE
water,TRUE
compliance,TRUE
base,TRUE
accounting,FALSE
rating,TRUE
measure,TRUE
policy,TRUE
decision,TRUE
scheme,TRUE
action,TRUE
strategy,TRUE
solution,TRUE
sector,TRUE
area,TRUE
domain,TRUE
activity,TRUE
matter,TRUE
discipline,FALSE
category,TRUE
satellite,TRUE
spacecraft,FALSE
extract,TRUE
capture,TRUE
signal,TRUE
cue,TRUE
sensor,TRUE
energy,TRUE
effect,TRUE
observation,TRUE
event,TRUE
sample,TRUE
survey,TRUE
track,TRUE
record,TRUE
network,TRUE
statistical,FALSE
improve,TRUE
preserve,TRUE
retain,TRUE
protect,TRUE
achieve,TRUE
balance,FALSE
restore,TRUE
complete,TRUE
understand,TRUE
enhance,TRUE
sustain,FALSE
ensure,TRUE
flow,TRUE
revision,FALSE
temperature,TRUE
inventory,FALSE
age,TRUE
audit,FALSE
function,TRUE
mechanism,TRUE
strategy,TRUE
approach,TRUE
effort,TRUE
conservation,FALSE
preservation,FALSE
correlation,TRUE
diagnostic,FALSE
methodology,FALSE
method,TRUE
policy,TRUE
possibility,TRUE
concern,TRUE
indication,TRUE
consensus,FALSE
risk,TRUE
danger,FALSE
sense,TRUE
warn,FALSE
view,TRUE
message,TRUE
threat,TRUE
fact,TRUE
reason,TRUE
perception,FALSE
computer,TRUE
paper,TRUE
researcher,TRUE
archive,TRUE
photograph,FALSE
mature,TRUE
remain,TRUE
recover,TRUE
decay,FALSE
disappear,FALSE
disappear,FALSE
return,TRUE
change,TRUE
evolve,FALSE
grow,TRUE
age,TRUE
lose,TRUE
add,TRUE
gain,TRUE
lose,TRUE
leave,TRUE
loss,TRUE
lose,TRUE
lack,TRUE
yield,TRUE
value,TRUE
importance,TRUE
interest,TRUE
credibility,FALSE
significance,FALSE
relevance,FALSE
attention,FALSE
acceptance,FALSE
expert,TRUE
scientist,TRUE
authority,TRUE
practitioner,FALSE
professional,TRUE
analyst,FALSE
specialist,FALSE
sector,TRUE
community,TRUE
section,TRUE
chapter,TRUE
title,TRUE
table,TRUE
article,TRUE
level,TRUE
step,TRUE
version,TRUE
rule,TRUE
schedule,TRUE
phase,TRUE
release,TRUE
meet,TRUE
cover,TRUE
framework,TRUE
recommendation,TRUE
concept,TRUE
provision,TRUE
derive,TRUE
arise,TRUE
range,TRUE
draw,TRUE
apart,FALSE
generate,TRUE
separate,TRUE
aside,FALSE
distinct,FALSE
obtain,TRUE
start,TRUE
take,TRUE
develop,TRUE
market,TRUE
SEC,FALSE
organisation,TRUE
electronic,FALSE
external,FALSE
relate,FALSE
formal,FALSE
official,FALSE
xml,FALSE
#,FALSE
global,FALSE
ip,FALSE
ii,FALSE
API,FALSE
c,FALSE
ID,FALSE
of,FALSE
#,FALSE
#,FALSE
#,FALSE
#,FALSE
set,TRUE
stream,TRUE
base,TRUE
#,FALSE
initiative,FALSE
network,FALSE
library,FALSE
transport,TRUE
use,TRUE
via,FALSE
across,FALSE
communication,TRUE
communication,TRUE
encryption,FALSE
route,TRUE
international,FALSE
part,TRUE
version,TRUE
stage,TRUE
Act,FALSE
category,TRUE
series,TRUE
report,FALSE
centre,FALSE
respond,TRUE
refer,TRUE
listen,TRUE
lead,TRUE
answer,TRUE
cater,FALSE
submit,TRUE
react,TRUE
open,TRUE
contribute,TRUE
connect,TRUE
relate,TRUE
request,TRUE
demand,TRUE
call,TRUE
search,TRUE
search,TRUE
impact,TRUE
impact,TRUE
sustainability,FALSE
reason,TRUE
health,TRUE
code,FALSE
information,FALSE
content,FALSE
index,FALSE
knowledge,FALSE
॥,FALSE
pdf,TRUE
section,TRUE
museum,FALSE
committee,FALSE
become,TRUE
consider,TRUE
cover,TRUE
govern,TRUE
regulate,TRUE
exclude,FALSE
earth,TRUE
science,TRUE
astronomical,FALSE
astronomy,FALSE
solar,FALSE
agriculture,FALSE
surface,TRUE
pavement,TRUE
road,TRUE
traffic,TRUE
like,FALSE
grade,TRUE
floor,FALSE
taxis,FALSE
waste,FALSE
fund,TRUE
income,FALSE
name,TRUE
name,FALSE
character,TRUE
word,TRUE
digit,TRUE
note,FALSE
#,FALSE
word,TRUE
vowel,FALSE
other,TRUE
select,TRUE
include,TRUE
use,TRUE
consider,TRUE
know,TRUE
find,TRUE
include,TRUE
make,TRUE
on,FALSE
support,TRUE
possible,FALSE
suitable,FALSE
propose,TRUE
special,FALSE
type,TRUE
pattern,TRUE
use,TRUE
adopt,TRUE
implement,TRUE
follow,TRUE
define,TRUE
address,TRUE
specify,TRUE
consider,TRUE
maintain,TRUE
cover,TRUE
standard,FALSE
agreement,FALSE
declaration,FALSE
standard,FALSE
framework,FALSE
employ,TRUE
evaluate,TRUE
applicable,FALSE
recommend,FALSE
alternative,FALSE
integrity,TRUE
practice,TRUE
objective,TRUE
surface,FALSE
ground,TRUE
air,TRUE
maritime,FALSE
urban,FALSE
inland,FALSE
transportation,TRUE
transportation,FALSE
transit,TRUE
vehicle,TRUE
route,TRUE
highway,TRUE
storm,TRUE
#,FALSE
agency,TRUE
operator,TRUE
provider,TRUE
supplier,TRUE
contractor,FALSE
carrier,TRUE
customer,TRUE
aviation,TRUE
bus,TRUE
integrate,TRUE
mix,TRUE
combine,TRUE
leverage,FALSE
aggregate,TRUE
merge,FALSE
combine,TRUE
blend,FALSE
compare,TRUE
metric,FALSE
survey,FALSE
signal,TRUE
asset,FALSE
medium,TRUE
promote,TRUE
facilitate,TRUE
enable,TRUE
value,TRUE
care,TRUE
scale,TRUE
load,TRUE
benefit,TRUE
weight,TRUE
capacity,TRUE
add,TRUE
add,TRUE
orient,TRUE
drive,TRUE
competitive,FALSE
share,TRUE
round,FALSE
generate,TRUE
enhance,TRUE
earn,TRUE
item,TRUE
need,TRUE
provide,TRUE
offer,TRUE
desire,TRUE
design,TRUE
utilize,TRUE
create,TRUE
support,TRUE
value,TRUE
prefer,TRUE
target,TRUE
top,FALSE
travel,TRUE
decision,TRUE
profit,FALSE
grant,FALSE
case,TRUE
contract,TRUE
maker,TRUE
maker,FALSE
make,TRUE
#,FALSE
leader,FALSE
#,FALSE
actor,TRUE
builder,FALSE
state,TRUE
state,FALSE
municipal,FALSE
provincial,FALSE
interstate,FALSE
government,FALSE
market,TRUE
respectively,FALSE
satisfy,TRUE
production,TRUE
understand,TRUE
representation,TRUE
treatment,TRUE
implementation,TRUE
presentation,FALSE
collect,TRUE
produce,TRUE
process,TRUE
represent,TRUE
present,TRUE
store,TRUE
manage,TRUE
compile,FALSE
interpret,TRUE
share,TRUE
analyze,TRUE
access,TRUE
retrieve,TRUE
organization,TRUE
entity,TRUE
organisation,TRUE
outline,TRUE
option,TRUE
guarantee,TRUE
assure,FALSE
reflect,TRUE
#,FALSE
capability,TRUE
quantity,TRUE
effectiveness,TRUE
stability,TRUE
consistency,TRUE
complaint,FALSE
fine,FALSE
permit,TRUE
assessment,TRUE
assistance,TRUE
warning,TRUE
advice,FALSE
autonomous,FALSE
passenger,TRUE
motor,FALSE
test,TRUE
register,FALSE
step,TRUE
phase,TRUE
stage,TRUE
priority,TRUE
initiative,TRUE
objective,TRUE
milestone,FALSE
challenge,TRUE
task,TRUE
construction,TRUE
establishment,FALSE
expansion,TRUE
evolution,TRUE
transformation,TRUE
introduction,TRUE
realization,FALSE
network,FALSE
platform,FALSE
infrastructure,FALSE
link,FALSE
gateway,FALSE
Protocol,FALSE
#,FALSE
mean,TRUE
way,TRUE
analyze,TRUE
measure,TRUE
identify,TRUE
capture,TRUE
acquire,TRUE
organize,TRUE
manage,TRUE
store,TRUE
gather,TRUE
directly,FALSE
continuously,FALSE
actively,FALSE
globally,FALSE
#,FALSE
maintain,TRUE
communicating,TRUE
integrate,TRUE
distribute,TRUE
transfer,TRUE
marine,FALSE
raw,FALSE
current,FALSE
critical,FALSE
human,FALSE
operate,TRUE
soil,TRUE
boundary,FALSE
engine,TRUE
energy,FALSE
atmosphere,TRUE
build,TRUE
destroy,FALSE
enter,TRUE
instrument,TRUE
option,TRUE
agent,TRUE
operation,TRUE
algorithm,TRUE
asset,FALSE
benefit,TRUE
potential,TRUE
arrangement,TRUE
control,TRUE
proper,FALSE
scientific,FALSE
systematic,FALSE
actual,FALSE
automatic,FALSE
overall,FALSE
efficient,FALSE
continuous,FALSE
generation,TRUE
preparation,FALSE
determination,TRUE
administration,TRUE
history,TRUE
member,TRUE
focus,TRUE
majority,TRUE
leader,TRUE
bulk,FALSE
rest,TRUE
target,TRUE
origin,TRUE
participant,TRUE
ancestor,FALSE
founder,FALSE
brain,FALSE
group,TRUE
class,TRUE
community,TRUE
crew,FALSE
committee,TRUE
club,FALSE
band,FALSE
field,TRUE
family,TRUE
provide,TRUE
without,FALSE
sell,TRUE
seek,TRUE
offer,TRUE
carry,TRUE
personal,FALSE
contact,TRUE
vehicle,TRUE
balloon,FALSE
gear,FALSE
radio,TRUE
station,TRUE
unknown,FALSE
active,FALSE
locate,TRUE
find,TRUE
employ,TRUE
involve,TRUE
concentrate,FALSE
interested,FALSE
work,TRUE
inactive,FALSE
ignore,FALSE
mass,FALSE
rail,TRUE
rural,FALSE
US,FALSE
physic,FALSE
compute,TRUE
world,TRUE
all,FALSE
these,FALSE
its,FALSE
medical,FALSE
Naval,FALSE
ground,TRUE
military,FALSE
rescue,FALSE
emergency,TRUE
maintenance,TRUE
bus,TRUE
train,TRUE
passenger,TRUE
worker,FALSE
#,FALSE
#,FALSE
driver,TRUE
operate,TRUE
navigate,FALSE
visit,TRUE
cross,TRUE
inspect,FALSE
tunnel,FALSE
pipeline,FALSE
bridge,FALSE
pass,FALSE
highway,FALSE
reduce,TRUE
suit,TRUE
certification,TRUE
clearance,FALSE
power,FALSE
wireless,FALSE
marine,FALSE
engineering,FALSE
space,FALSE
general,FALSE
electrical,FALSE
traffic,FALSE
aviation,FALSE
building,FALSE
railway,FALSE
observation,TRUE
observatory,TRUE
visitor,FALSE
navigation,TRUE
Map,FALSE
tourist,FALSE
site,TRUE
parking,FALSE
installation,TRUE
register,FALSE
Bulletin,FALSE
print,TRUE
detail,FALSE
monthly,FALSE
write,TRUE
multiple,FALSE
daily,FALSE
periodic,FALSE
several,FALSE
hazard,TRUE
prediction,TRUE
alert,FALSE
statement,TRUE
card,TRUE
log,FALSE
sheet,FALSE
indicate,TRUE
aircraft,FALSE
target,TRUE
incident,FALSE
exact,FALSE
fault,FALSE
variable,FALSE
name,TRUE
amount,TRUE
status,TRUE
severity,FALSE
rank,TRUE
magnitude,FALSE
intensity,FALSE
frequency,TRUE
duration,TRUE
extent,TRUE
place,TRUE
library,TRUE
hold,TRUE
carry,TRUE
keep,TRUE
pool,TRUE
archive,TRUE
table,TRUE
book,TRUE
text,TRUE
volume,TRUE
music,FALSE
year,TRUE
month,TRUE
day,TRUE
hour,TRUE
generation,TRUE
week,TRUE
season,TRUE
insurance,FALSE
automotive,FALSE
utility,TRUE
medical,FALSE
hospital,FALSE
telephone,FALSE
provision,TRUE
area,TRUE
assist,TRUE
represent,TRUE
affect,TRUE
influence,TRUE
inform,TRUE
airport,TRUE
cable,TRUE
roadway,TRUE
sewer,FALSE
tower,FALSE
deck,FALSE
post,TRUE
tent,FALSE
vessel,FALSE
bureau,TRUE
balloon,FALSE
operator,TRUE
manager,TRUE
carrier,TRUE
staff,TRUE
director,FALSE
phd,FALSE
chair,FALSE
management,TRUE
manager,FALSE
professor,FALSE
dean,FALSE
member,FALSE
chairman,FALSE
associate,TRUE
mba,FALSE
allow,TRUE
advocate,TRUE
strategy,TRUE
advocate,TRUE
call,TRUE
allow,TRUE
fund,FALSE
also,FALSE
rule,TRUE
advocate,TRUE
partnership,TRUE
adoption,TRUE
deployment,TRUE
advancement,FALSE
invention,FALSE
emergence,FALSE
discovery,FALSE
instrumentation,FALSE
sensor,TRUE
infrare,FALSE
mount,TRUE
bear,TRUE
friendly,FALSE
wide,FALSE
size,FALSE
detection,TRUE
sense,TRUE
surveillance,TRUE
image,TRUE
camera,TRUE
lighting,FALSE
improve,TRUE
enhance,TRUE
improve,TRUE
increase,TRUE
direct,FALSE
obtain,TRUE
topography,FALSE
meter,FALSE
indicator,TRUE
mobile,FALSE
aerial,FALSE
video,TRUE
advance,FALSE
light,TRUE
light,TRUE
lane,FALSE
controller,FALSE
sign,TRUE
control,TRUE
camera,TRUE
position,TRUE
•,FALSE
measure,TRUE
#,FALSE
food,FALSE
operational,FALSE
automate,TRUE
centralize,FALSE
manual,FALSE
check,TRUE
check,TRUE
respect,TRUE
regard,TRUE
regard,TRUE
consideration,TRUE
instruction,TRUE
credit,FALSE
one,FALSE
either,FALSE
personnel,TRUE
employee,TRUE
two,FALSE
respective,FALSE
three,FALSE
individual,FALSE
four,FALSE
relay,FALSE
terminal,FALSE
show,TRUE
illustrate,TRUE
see,TRUE
reflect,TRUE
depict,FALSE
display,TRUE
explain,TRUE
demonstrate,TRUE
visible,FALSE
indicate,TRUE
describe,TRUE
order,TRUE
performance,TRUE
speed,TRUE
resolution,FALSE
interest,FALSE
risk,FALSE
tech,FALSE
grade,FALSE
impact,FALSE
scope,TRUE
role,TRUE
state,TRUE
outline,TRUE
discuss,TRUE
express,TRUE
mention,TRUE
imply,TRUE
acknowledge,FALSE
emphasize,FALSE
purpose,TRUE
problem,TRUE
user,TRUE
visitor,FALSE
we,FALSE
they,FALSE
student,TRUE
you,FALSE
researcher,TRUE
member,TRUE
program,TRUE
People,FALSE
group,TRUE
volunteer,FALSE
project,TRUE
explore,TRUE
discuss,TRUE
design,TRUE
idea,TRUE
domain,TRUE
interaction,TRUE
discussion,TRUE
conversation,FALSE
meeting,FALSE
interview,FALSE
interaction,TRUE
encounter,FALSE
relationship,TRUE
collaboration,FALSE
workshop,FALSE
experience,TRUE
designer,TRUE
developer,TRUE
website,TRUE
building,TRUE
client,TRUE
bear,TRUE
appearance,TRUE
impression,FALSE
illusion,FALSE
idea,TRUE
effect,TRUE
feel,TRUE
experience,TRUE
promise,TRUE
feel,TRUE
person,TRUE
man,TRUE
dimensional,FALSE
stop,TRUE
click,TRUE
side,FALSE
hour,TRUE
piece,FALSE
electronic,FALSE
software,FALSE
integrate,FALSE
computer,TRUE
business,TRUE
global,FALSE
National,FALSE
Digital,FALSE
service,FALSE
article,TRUE
study,TRUE
page,TRUE
chapter,TRUE
describe,TRUE
outline,TRUE
discuss,TRUE
define,TRUE
detail,TRUE
provide,TRUE
address,TRUE
cover,TRUE
establish,TRUE
examine,TRUE
explain,TRUE
list,TRUE
present,TRUE
identify,TRUE
profile,TRUE
tech,FALSE
plan,TRUE
priority,TRUE
responsibility,TRUE
university,FALSE
academy,FALSE
school,FALSE
structure,TRUE
capacity,TRUE
fulfill,TRUE
accomplish,TRUE
serve,TRUE
reach,TRUE
meet,TRUE
realize,TRUE
attain,TRUE
aim,TRUE
norm,FALSE
role,TRUE
interest,TRUE
obligation,TRUE
identify,TRUE
determine,TRUE
establish,TRUE
achieve,TRUE
envision,FALSE
EPA,FALSE
agreement,TRUE
refuse,TRUE
anyone,FALSE
consumer,TRUE
resident,FALSE
business,TRUE
student,TRUE
visitor,FALSE
action,TRUE
certificate,FALSE
list,TRUE
parent,FALSE
legal,FALSE
school,TRUE
book,TRUE
term,TRUE
alliance,FALSE
follow,TRUE
broad,FALSE
expertise,FALSE
engineer,TRUE
leadership,FALSE
stakeholder,TRUE
minimize,TRUE
increase,TRUE
negative,FALSE
adverse,FALSE
harmful,FALSE
economic,FALSE
error,TRUE
harm,FALSE
burden,FALSE
manufacturer,TRUE
industry,TRUE
railroad,FALSE
contribution,TRUE
subsidy,FALSE
compensation,FALSE
accept,TRUE
entry,TRUE
match,TRUE
reveal,TRUE
date,TRUE
subject,TRUE
background,FALSE
time,TRUE
origin,TRUE
office,FALSE
office,TRUE
call,TRUE
pay,TRUE
register,TRUE
subscriber,TRUE
reader,FALSE
listener,FALSE
wireless,FALSE
television,TRUE
tv,FALSE
full,FALSE
free,FALSE
shall,FALSE
become,TRUE
become,TRUE
become,TRUE
prove,TRUE
make,TRUE
permit,TRUE
awareness,FALSE
high,FALSE
sound,FALSE
good,FALSE
acceptable,FALSE
violation,FALSE
tax,TRUE
mission,TRUE
vision,FALSE
philosophy,FALSE
doctrine,FALSE
summarize,TRUE
explore,TRUE
examine,TRUE
document,TRUE
study,TRUE
detail,TRUE
write,TRUE
section,TRUE
turn,TRUE
brief,FALSE
english,FALSE
context,TRUE
summary,FALSE
article,TRUE
variety,TRUE
lot,FALSE
multitude,FALSE
handful,FALSE
minority,FALSE
subset,FALSE
host,TRUE
diversity,FALSE
potentially,FALSE
greatly,FALSE
actually,FALSE
possibly,FALSE
still,FALSE
simultaneously,FALSE
ultimately,FALSE
significantly,FALSE
truly,FALSE
feedback,FALSE
inspiration,FALSE
insight,FALSE
revenue,TRUE
rely,TRUE
depend,TRUE
expand,TRUE
draw,TRUE
count,TRUE
impress,FALSE
concentrate,TRUE
select,TRUE
decide,TRUE
elaborate,FALSE
individual,TRUE
person,TRUE
one,TRUE
citizen,TRUE
player,FALSE
involvement,FALSE
success,FALSE
necessary,FALSE
municipality,FALSE
newspaper,FALSE
company,FALSE
fact,TRUE
everything,FALSE
citation,FALSE
paragraph,FALSE
index,TRUE
chart,TRUE
use,TRUE
give,TRUE
contain,TRUE
offer,TRUE
show,TRUE
compare,TRUE
incorporate,TRUE
display,TRUE
explanation,FALSE
description,TRUE
meaning,TRUE
table,TRUE
combination,TRUE
title,TRUE
letter,TRUE
initial,TRUE
number,TRUE
phrase,TRUE
noun,FALSE
tag,FALSE
symbol,TRUE
label,FALSE
place,TRUE
author,FALSE
reference,TRUE
terminology,TRUE
aid,TRUE
ease,TRUE
encourage,TRUE
discussion,TRUE
writer,FALSE
example,TRUE
freedom,FALSE
control,TRUE
security,TRUE
transfer,TRUE
independence,FALSE
loss,TRUE
safety,TRUE
supply,TRUE
life,TRUE
execution,TRUE
transparency,TRUE
influence,TRUE
stress,TRUE
force,TRUE
economy,FALSE
finally,FALSE
alternatively,FALSE
furthermore,FALSE
additionally,FALSE
far,FALSE
moreover,FALSE
however,FALSE
similarly,FALSE
thus,FALSE
therefore,FALSE
second,FALSE
likewise,FALSE
however,FALSE
first,FALSE
arrange,TRUE
assemble,FALSE
sort,TRUE
divide,TRUE
join,TRUE
fit,TRUE
small,FALSE
view,TRUE
profile,TRUE
account,TRUE
position,TRUE
comment,FALSE
group,TRUE
depend,TRUE
dependent,FALSE
contingent,FALSE
build,TRUE
rely,TRUE
depend,TRUE
focus,TRUE
model,TRUE
found,TRUE
act,TRUE
draw,TRUE
center,TRUE
base,TRUE
participant,TRUE
developer,TRUE
firm,TRUE
vendor,TRUE
party,TRUE
presence,FALSE
opinion,FALSE
preference,FALSE
together,FALSE
integrate,TRUE
even,FALSE
interact,TRUE
consistent,FALSE
compatible,FALSE
specification,TRUE
regulation,TRUE
constitute,TRUE
foundation,TRUE
set,TRUE
innovation,FALSE
progress,TRUE
excellence,FALSE
practice,TRUE
guidance,FALSE
conceptual,FALSE
analysis,TRUE
order,TRUE
assign,TRUE
apply,TRUE
tailor,FALSE
issue,TRUE
allocate,FALSE
extend,TRUE
attach,TRUE
fit,TRUE
transfer,TRUE
conflict,FALSE
topic,TRUE
situation,TRUE
threat,TRUE
criticism,FALSE
resolve,TRUE
assess,TRUE
adjust,TRUE
understand,TRUE
measure,TRUE
change,TRUE
overcome,FALSE
evaluate,TRUE
modular,FALSE
computational,FALSE
relation,TRUE
committee,TRUE
deal,TRUE
vary,TRUE
comply,TRUE
agree,TRUE
deal,TRUE
correspond,TRUE
conflict,TRUE
deal,TRUE
differ,TRUE
begin,TRUE
overlap,TRUE
coincide,FALSE
align,FALSE
uncertainty,FALSE
involve,TRUE
concern,TRUE
affect,TRUE
aspect,TRUE
deal,TRUE
concern,TRUE
interfere,FALSE
agree,TRUE
connect,TRUE
familiar,FALSE
organization,FALSE
military,TRUE
movement,TRUE
training,TRUE
organizational,FALSE
administrative,FALSE
political,FALSE
selection,FALSE
readiness,FALSE
governance,FALSE
financial,FALSE
differentiate,FALSE
distinguish,FALSE
distinguish,FALSE
understanding,FALSE
contact,TRUE
domestic,FALSE
noise,TRUE
stream,TRUE
store,TRUE
flow,TRUE
technique,TRUE
place,TRUE
put,TRUE
put,TRUE
lay,TRUE
focus,TRUE
lay,TRUE
place,TRUE
take,TRUE
put,TRUE
emphasis,TRUE
pressure,TRUE
stress,TRUE
reliance,FALSE
strain,FALSE
responsibility,TRUE
concentration,FALSE
specie,TRUE
patient,FALSE
situation,TRUE
#,FALSE
manipulation,FALSE
ability,TRUE
procedure,TRUE
end,TRUE
centre,TRUE
site,TRUE
conclusion,TRUE
finding,TRUE
diagnosis,FALSE
equation,TRUE
protocol,TRUE
package,FALSE
scheme,TRUE
rating,TRUE
setting,FALSE
convenience,FALSE
node,TRUE
switch,TRUE
port,FALSE
server,TRUE
circuit,FALSE
machine,TRUE
cable,TRUE
line,TRUE
limit,TRUE
cycle,TRUE
reduce,TRUE
determine,TRUE
represent,TRUE
comprise,TRUE
bandwidth,FALSE
consume,TRUE
allot,FALSE
demand,TRUE
allow,TRUE
spend,TRUE
permit,TRUE
export,TRUE
migrate,FALSE
import,TRUE
ship,TRUE
pass,TRUE
output,TRUE
command,TRUE
object,TRUE
#,FALSE
#,FALSE
#,FALSE
terminal,FALSE
port,FALSE
module,TRUE
server,TRUE
processor,TRUE
#,FALSE
step,TRUE
transmit,TRUE
incoming,FALSE
import,TRUE
encode,FALSE
receive,TRUE
export,TRUE
logical,FALSE
velocity,TRUE
mathematical,FALSE
dynamic,FALSE
axi,FALSE
diagram,TRUE
signature,FALSE
series,TRUE
loop,FALSE
graph,FALSE
delay,TRUE
transition,FALSE
curve,FALSE
difference,TRUE
pattern,TRUE
interval,TRUE
extend,TRUE
stretch,FALSE
run,TRUE
project,TRUE
radiate,FALSE
move,TRUE
project,TRUE
stretch,FALSE
go,TRUE
span,TRUE
middle,FALSE
bottom,FALSE
edge,FALSE
begin,TRUE
edge,FALSE
front,FALSE
leave,TRUE
end,TRUE
back,TRUE
side,TRUE
screen,FALSE
figure,TRUE
crystal,FALSE
equation,TRUE
represent,TRUE
control,TRUE
show,TRUE
reflect,TRUE
regulate,TRUE
enable,TRUE
permit,TRUE
govern,TRUE
demonstrate,TRUE
propagation,FALSE
diffusion,FALSE
spread,TRUE
accumulation,FALSE
particle,TRUE
fluid,FALSE
molecule,FALSE
electricity,FALSE
heat,FALSE
layer,TRUE
channel,TRUE
layer,TRUE
eye,FALSE
object,TRUE
extreme,FALSE
change,TRUE
mild,FALSE
severe,FALSE
vary,TRUE
favorable,FALSE
cold,FALSE
drive,TRUE
winter,TRUE
wind,TRUE
snow,TRUE
ice,TRUE
trend,FALSE
behavior,TRUE
phenomenon,TRUE
variation,TRUE
dynamic,TRUE
many,FALSE
road,TRUE
path,TRUE
track,TRUE
highway,TRUE
corridor,FALSE
river,TRUE
trail,FALSE
boundary,TRUE
railroad,TRUE
region,TRUE
zone,TRUE
front,FALSE
automobile,FALSE
glaci,FALSE
rain,TRUE
sensitive,FALSE
zone,TRUE
induce,TRUE
affect,TRUE
danger,FALSE
cause,TRUE
low,FALSE
freeze,FALSE
rise,TRUE
warm,FALSE
ambient,FALSE
elevate,FALSE
fall,TRUE
delay,TRUE
crash,FALSE
accident,TRUE
crossing,FALSE
fatigue,FALSE
car,TRUE
tunnel,FALSE
#,FALSE
bridge,FALSE
debris,FALSE
terrain,FALSE
water,TRUE
temperature,TRUE
surface,TRUE
lake,FALSE
vegetation,FALSE
melt,TRUE
freeze,FALSE
heavy,FALSE
melt,TRUE
excessive,FALSE
deep,FALSE
wet,FALSE
dry,FALSE
slide,TRUE
melt,TRUE
follow,TRUE
result,TRUE
next,FALSE
list,TRUE
breakdown,FALSE
app,FALSE
unique,FALSE
meet,TRUE
satisfy,FALSE
fulfil,FALSE
list,TRUE
recognize,TRUE
drive,TRUE
force,TRUE
push,TRUE
stimulate,FALSE
designer,TRUE
architect,FALSE
manufacturer,TRUE
adapt,TRUE
deploy,TRUE
learn,TRUE
exploit,FALSE
accommodate,TRUE
fuel,TRUE
funding,TRUE
format,TRUE
bank,TRUE
multi,FALSE
co,TRUE
inter,FALSE
non,TRUE
side,TRUE
micro,FALSE
per,FALSE
attribute,TRUE
go,TRUE
translate,FALSE
contribute,TRUE
contribute,TRUE
relate,TRUE
account,TRUE
refer,TRUE
ensure,TRUE
achieve,TRUE
deliver,TRUE
create,TRUE
produce,TRUE
establish,TRUE
perform,TRUE
degree,TRUE
rate,TRUE
volume,TRUE
professional,FALSE
owner,TRUE
organizer,FALSE
attempt,TRUE
try,TRUE
want,TRUE
seek,TRUE
decide,TRUE
extend,TRUE
strengthen,FALSE
launch,TRUE
tier,FALSE
day,TRUE
shop,FALSE
web,TRUE
portal,FALSE
cafe,FALSE
hub,FALSE
feed,TRUE
tour,FALSE
survey,TRUE
ocean,FALSE
see,TRUE
zone,FALSE
cup,FALSE
observe,TRUE
replace,TRUE
platform,TRUE
country,TRUE
german,FALSE
latin,FALSE
french,FALSE
russian,FALSE
chinese,FALSE
spanish,FALSE
japanese,FALSE
Hebrew,FALSE
italian,FALSE
press,TRUE
list,FALSE
donation,FALSE
vote,TRUE
wine,FALSE
loan,FALSE
foreign,FALSE
secondary,FALSE
outside,FALSE
authorize,FALSE
district,TRUE
school,TRUE
press,FALSE
literature,FALSE
journal,TRUE
publication,TRUE
quarter,FALSE
#,FALSE
percent,FALSE
time,FALSE
fold,TRUE
twice,FALSE
third,FALSE
annual,FALSE
hourly,FALSE
average,FALSE
original,FALSE
sum,TRUE
generate,TRUE
require,TRUE
produce,TRUE
receive,TRUE
publish,TRUE
deliver,TRUE
send,TRUE
#,FALSE
#,FALSE
#,FALSE
#,FALSE
#,FALSE
#,FALSE
#,FALSE
#,FALSE
#,FALSE
#,FALSE
#,FALSE
#,FALSE
#,FALSE
#,FALSE
exchange,FALSE
conduct,TRUE
transaction,TRUE
cash,FALSE
currency,FALSE
introduction,TRUE
change,TRUE
application,TRUE
similar,FALSE
opposition,FALSE
right,TRUE
due,FALSE
link,TRUE
conversion,FALSE
contribution,TRUE
adaptation,FALSE
climate,FALSE
atmospheric,FALSE
cyclone,FALSE
chart,TRUE
australian,FALSE
#,FALSE
social,FALSE
coastal,FALSE
bring,TRUE
give,TRUE
yield,TRUE
array,TRUE
spectrum,FALSE
portfolio,FALSE
programme,FALSE
suite,FALSE
approach,TRUE
response,TRUE
save,TRUE
enjoyment,FALSE
live,TRUE
property,TRUE
animal,TRUE
wildlife,FALSE
privacy,TRUE
ecosystem,FALSE
child,FALSE
operational,FALSE
other,FALSE
test,TRUE
show,TRUE
predict,TRUE
cpu,FALSE
circumstance,TRUE
case,TRUE
contexts,FALSE
way,TRUE
mode,TRUE
mode,TRUE
compatibility,TRUE
cooperation,TRUE
coordination,FALSE
class,TRUE
develop,TRUE
implement,TRUE
maintain,TRUE
define,TRUE
create,TRUE
manage,TRUE
extend,TRUE
difference,TRUE
avoid,TRUE
decrease,TRUE
low,TRUE
offset,FALSE
latter,FALSE
extinction,FALSE
crisis,FALSE
question,TRUE
structure,TRUE
engineer,TRUE
flexible,FALSE
construct,TRUE
adapt,TRUE
equip,TRUE
position,TRUE
able,FALSE
acquire,TRUE
manipulate,TRUE
amount,TRUE
quantity,TRUE
sum,TRUE
portion,TRUE
block,FALSE
combination,TRUE
mixture,FALSE
angle,FALSE
discipline,FALSE
perspective,FALSE
speed,TRUE
price,TRUE
rate,TRUE
yield,TRUE
dictionary,FALSE
comprise,TRUE
translation,FALSE
expression,TRUE
author,TRUE
technology,FALSE
proposal,FALSE
today,TRUE
recognize,TRUE
acknowledge,FALSE
recognise,FALSE
mark,TRUE
incorporation,FALSE
addition,TRUE
inclusion,FALSE
propulsion,FALSE
emerge,TRUE
chip,FALSE
evidence,TRUE
result,TRUE
material,FALSE
material,TRUE
image,TRUE
statistic,TRUE
file,TRUE
those,FALSE
record,TRUE
report,TRUE
record,TRUE
update,TRUE
gather,TRUE
report,TRUE
disclose,FALSE
prepare,TRUE
manner,TRUE
fashion,FALSE
period,TRUE
validity,FALSE
prospective,FALSE
healthcare,TRUE
inform,FALSE
ieee,TRUE
iso,TRUE
rfc,FALSE
volume,TRUE
bs,FALSE
ab,FALSE
ISSN,FALSE
SC,FALSE
IBM,FALSE
issue,TRUE
§,FALSE
new,FALSE
testing,FALSE
lab,TRUE
research,FALSE
department,TRUE
determine,TRUE
decide,TRUE
select,TRUE
consider,TRUE
choose,TRUE
examine,TRUE
assess,TRUE
evaluate,TRUE
develop,TRUE
engine,TRUE
play,TRUE
motion,TRUE
#,FALSE
review,TRUE
explain,TRUE
confirm,TRUE
outcome,TRUE
number,TRUE
text,TRUE
chart,TRUE
unit,TRUE
application,TRUE
everything,FALSE
point,TRUE
model,TRUE
element,TRUE
Google,FALSE
currently,FALSE
subsequent,FALSE
small,FALSE
instruction,FALSE
rule,TRUE
package,FALSE
numerical,FALSE
nautical,FALSE
range,TRUE
figure,TRUE
degree,TRUE
west,FALSE
law,TRUE
mention,TRUE
intend,TRUE
mean,TRUE
aim,TRUE
do,TRUE
suppose,FALSE
say,TRUE
direct,TRUE
render,FALSE
make,TRUE
legislation,TRUE
law,TRUE
execute,TRUE
address,TRUE
name,TRUE
treat,TRUE
present,TRUE
apply,TRUE
call,TRUE
Manual,FALSE
record,FALSE
mark,TRUE
coin,FALSE
spectral,FALSE
grain,FALSE
asteroid,FALSE
mineral,FALSE
earth,TRUE
rock,FALSE
particle,TRUE
star,TRUE
animal,TRUE
size,TRUE
instance,TRUE
contrast,TRUE
human,TRUE
decade,FALSE
observer,TRUE
sky,FALSE
wind,TRUE
storm,TRUE
period,TRUE
night,FALSE
exhibit,FALSE
induce,FALSE
variation,TRUE
freedom,FALSE
variance,TRUE
distortion,FALSE
shift,TRUE
lightning,FALSE
flight,FALSE
shear,FALSE
direction,TRUE
#,FALSE
damage,TRUE
tunnel,FALSE
path,TRUE
rather,FALSE
estimate,TRUE
increase,TRUE
distribution,TRUE
#,FALSE
negotiate,TRUE
sign,TRUE
conclude,TRUE
collaboration,FALSE
agreement,TRUE
partnership,TRUE
know,TRUE
producer,FALSE
publisher,FALSE
justice,FALSE
education,TRUE
meet,TRUE
be,FALSE
take,TRUE
make,TRUE
make,TRUE
be,FALSE
meet,TRUE
intersect,FALSE
hit,TRUE
go,TRUE
hit,TRUE
telescope,FALSE
laboratory,TRUE
derive,TRUE
reproduce,FALSE
house,TRUE
universe,FALSE
orbit,FALSE
home,TRUE
fossil,FALSE
act,TRUE
behave,FALSE
proceed,FALSE
conform,FALSE
due,FALSE
similarly,FALSE
contrary,FALSE
closely,FALSE
accordingly,FALSE
homeland,FALSE
#,FALSE
#,FALSE
#,FALSE
prescribe,FALSE
formulate,FALSE
publish,TRUE
a,FALSE
e,TRUE
EU,FALSE
s,FALSE
b,TRUE
g,FALSE
t,FALSE
f,FALSE
type,TRUE
v,FALSE
d,FALSE
#,FALSE
#,FALSE
#,FALSE
#,FALSE
#,FALSE
#,FALSE
#,FALSE
#,FALSE
#,FALSE
mean,TRUE
content,TRUE
substance,FALSE
country,TRUE
approve,TRUE
convention,FALSE
law,FALSE
treaty,FALSE
regulation,FALSE
emission,FALSE
operate,TRUE
additional,FALSE
session,FALSE
computing,FALSE
physical,FALSE
design,TRUE
regard,TRUE
with,FALSE
about,FALSE
and,FALSE
modification,FALSE
upgrade,FALSE
upgrade,FALSE
missile,FALSE
weapon,FALSE
modify,TRUE
play,TRUE
enforce,TRUE
amend,TRUE
break,TRUE
revise,TRUE
prior,FALSE
compare,TRUE
similar,FALSE
relative,FALSE
relate,TRUE
correspond,FALSE
[,FALSE
prevent,TRUE
accelerate,TRUE
save,TRUE
improvement,TRUE
update,TRUE
adjustment,FALSE
perform,TRUE
encounter,FALSE
handle,TRUE
incur,TRUE
stage,TRUE
version,TRUE
regulation,FALSE
principle,FALSE
being,FALSE
intervention,TRUE
agent,TRUE
sensory,FALSE
clinical,FALSE
catalog,FALSE
catalogue,FALSE
edit,TRUE
license,TRUE
machinery,FALSE
exceed,FALSE
match,TRUE
follow,TRUE
reach,TRUE
support,TRUE
internationally,FALSE
widely,FALSE
generally,FALSE
universally,FALSE
commonly,FALSE
commercially,FALSE
legally,FALSE
nationally,FALSE
freely,FALSE
broadly,FALSE
socially,FALSE
air,FALSE
agricultural,FALSE
open,FALSE
change,FALSE
acquire,TRUE
accumulate,FALSE
release,TRUE
capture,TRUE
model,TRUE
tidal,FALSE
precipitation,FALSE
groundwater,FALSE
watershe,FALSE
runoff,FALSE
pH,FALSE
drainage,FALSE
catchment,FALSE
shoreline,FALSE
lake,FALSE
river,TRUE
#,FALSE
note,TRUE
assume,TRUE
indicate,TRUE
so,FALSE
assume,TRUE
note,TRUE
imagine,FALSE
none,FALSE
half,TRUE
party,TRUE
host,TRUE
send,TRUE
stream,TRUE
receive,TRUE
transmit,TRUE
post,TRUE
request,TRUE
email,TRUE
email,TRUE
mail,TRUE
moment,FALSE
consider,TRUE
highlight,FALSE
department,TRUE
secure,FALSE
arbitrary,FALSE
green,FALSE
indicator,TRUE
expression,TRUE
overview,TRUE
estimate,TRUE
illustration,FALSE
announcement,FALSE
expectation,TRUE
check,TRUE
duty,TRUE
bank,TRUE
#,FALSE
social,FALSE
economic,FALSE
health,FALSE
science,FALSE
human,FALSE
consumer,TRUE
public,FALSE
employment,FALSE
community,TRUE
gender,FALSE
edition,FALSE
film,TRUE
winner,FALSE
song,FALSE
episode,FALSE
category,TRUE
artist,FALSE
game,TRUE
divide,TRUE
group,TRUE
classify,TRUE
organize,TRUE
categorize,TRUE
split,TRUE
subdivide,FALSE
separate,TRUE
sort,TRUE
organise,FALSE
five,FALSE
six,FALSE
seven,FALSE
ten,FALSE
eight,FALSE
nine,FALSE
protection,TRUE
recognition,FALSE
defense,FALSE
review,TRUE
preservation,FALSE
equality,FALSE
enforcement,FALSE
violation,FALSE
society,TRUE
someone,FALSE
everyone,FALSE
citizen,TRUE
ability,TRUE
effort,TRUE
willingness,FALSE
desire,TRUE
discretion,FALSE
attempt,TRUE
modify,TRUE
download,TRUE
copy,TRUE
write,TRUE
exit,FALSE
conduct,TRUE
recorder,FALSE
airport,TRUE
truck,FALSE
enable,TRUE
link,TRUE
optical,FALSE
trust,TRUE
train,TRUE
administrator,TRUE
manager,TRUE
commander,TRUE
large,FALSE
financial,FALSE
radio,FALSE
telephone,FALSE
mobile,FALSE
take,TRUE
mark,TRUE
wave,TRUE
trend,FALSE
tie,TRUE
pull,TRUE
fit,TRUE
push,TRUE
get,TRUE
weave,FALSE
hold,TRUE
connect,TRUE
keep,TRUE
sustainable,FALSE
well,FALSE
modern,FALSE
erosion,FALSE
suit,FALSE
#,FALSE
practice,TRUE
#,FALSE
serve,TRUE
metropolitan,FALSE
metro,FALSE
attract,FALSE
simultaneous,FALSE
concurrent,FALSE
thousand,FALSE
initiative,TRUE
technology,FALSE
introduce,TRUE
underway,FALSE
forthcoming,FALSE
garbage,FALSE
dust,FALSE
trash,FALSE
carbon,FALSE
freight,FALSE
city,TRUE
sake,FALSE
aim,TRUE
study,TRUE
investigate,FALSE
reduce,TRUE
explain,TRUE
explore,TRUE
increase,TRUE
function,TRUE
natural,FALSE
entire,FALSE
#,FALSE
versus,FALSE
regulation,TRUE
automobile,FALSE
university,TRUE
museum,FALSE
improvement,FALSE
assessment,FALSE
authority,TRUE
vary,TRUE
vary,TRUE
differ,TRUE
differ,TRUE
province,FALSE
jurisdiction,TRUE
locality,FALSE
nation,TRUE
frame,TRUE
span,TRUE
page,TRUE
course,FALSE
body,TRUE
attribute,TRUE
pair,FALSE
cluster,FALSE
cell,TRUE
neuron,TRUE
subject,TRUE
robot,FALSE
percentage,FALSE
fraction,TRUE
#,FALSE
recipient,FALSE
download,TRUE
descendant,FALSE
copy,FALSE
input,TRUE
representative,FALSE
compilation,FALSE
composite,FALSE
rank,TRUE
scholar,FALSE
Americans,FALSE
deposit,FALSE
tendency,FALSE
opportunity,TRUE
chance,FALSE
incentive,FALSE
appear,TRUE
seem,TRUE
stay,TRUE
look,TRUE
lead,TRUE
lead,TRUE
add,TRUE
correspond,TRUE
translate,FALSE
lead,TRUE
bring,TRUE
come,TRUE
speak,TRUE
investment,TRUE
difficulty,TRUE
gap,FALSE
design,TRUE
find,TRUE
construct,TRUE
form,TRUE
implement,TRUE
#,FALSE
ratio,FALSE
app,FALSE
tenth,TRUE
quarter,FALSE
sixth,FALSE
eighth,FALSE
hundred,FALSE
net,FALSE
year,TRUE
month,TRUE
portion,TRUE
description,TRUE
preview,FALSE
essential,FALSE
contain,TRUE
incorporate,TRUE
embed,FALSE
special,FALSE
federal,FALSE
draft,FALSE
task,FALSE
resource,FALSE
matrix,FALSE
short,FALSE
collect,TRUE
run,TRUE
call,TRUE
name,TRUE
conduct,TRUE
write,TRUE
perform,TRUE
read,TRUE
sell,TRUE
resolve,TRUE
immediately,FALSE
quickly,FALSE
reaction,FALSE
respond,TRUE
observe,TRUE
inherent,FALSE
disclosure,FALSE
license,TRUE
negotiate,TRUE
sign,TRUE
reach,TRUE
agree,TRUE
file,TRUE
retailer,FALSE
buyer,FALSE
therefore,FALSE
#,FALSE
readily,FALSE
publicly,FALSE
keep,TRUE
medium,TRUE
transaction,TRUE
contract,TRUE
neural,FALSE
channel,TRUE
communicate,TRUE
live,TRUE
dependence,FALSE
interference,FALSE
limitation,TRUE
fear,FALSE
bias,FALSE
competition,FALSE
compromise,FALSE
reflection,FALSE
supervision,FALSE
suggestion,FALSE
necessity,FALSE
restriction,TRUE
mandate,TRUE
municipality,FALSE
municipality,FALSE
optimal,FALSE
adjustment,FALSE
score,TRUE
score,TRUE
source,TRUE
select,TRUE
extract,TRUE
choose,TRUE
weight,TRUE
arrange,FALSE
rank,TRUE
order,TRUE
color,TRUE
colour,FALSE
color,FALSE
red,FALSE
read,TRUE
study,TRUE
question,TRUE
review,TRUE
issue,TRUE
test,TRUE
plan,TRUE
advance,TRUE
progress,FALSE
award,FALSE
assumption,TRUE
raise,TRUE
authenticity,FALSE
failure,TRUE
inability,FALSE
demonstrate,TRUE
Police,FALSE
agency,FALSE
come,TRUE
plea,FALSE
petition,FALSE
receiver,FALSE
payment,FALSE
permission,TRUE
approval,FALSE
interactive,FALSE
forum,FALSE
future,FALSE
important,FALSE
secrecy,FALSE
neutrality,FALSE
upon,FALSE
architect,FALSE
creator,FALSE
railway,FALSE
rail,TRUE
railroad,TRUE
ticket,FALSE
sell,TRUE
purchase,TRUE
wise,FALSE
payment,FALSE
kind,TRUE
style,TRUE
aspect,TRUE
society,FALSE
world,FALSE
extension,TRUE
paradigm,FALSE
government,TRUE
deposit,FALSE
story,TRUE
Wikipedia,FALSE
#,FALSE
host,TRUE
post,TRUE
supply,TRUE
hold,TRUE
submit,TRUE
scenario,FALSE
monitor,TRUE
connect,TRUE
own,TRUE
item,TRUE
buy,TRUE
backup,FALSE
telecommunication,FALSE
holder,FALSE
owner,TRUE
supply,TRUE
money,FALSE
booklet,FALSE
paper,TRUE
draft,TRUE
strategic,FALSE
moral,FALSE
aspiration,FALSE
desire,TRUE
intelligence,TRUE
likely,FALSE
assume,TRUE
deem,TRUE
believe,TRUE
presume,FALSE
expect,TRUE
think,TRUE
#,FALSE
partnership,TRUE
alliance,FALSE
employee,TRUE
retirement,FALSE
household,FALSE
density,FALSE
decrease,TRUE
arise,TRUE
grow,TRUE
consequence,TRUE
#,FALSE
#,FALSE
#,FALSE
figure,TRUE
page,TRUE
episode,FALSE
#,FALSE
supplement,FALSE
watch,TRUE
schedule,TRUE
resolution,TRUE
constitution,FALSE
clause,TRUE
amendment,FALSE
circuit,TRUE
panel,FALSE
#,FALSE
cell,TRUE
#,FALSE
CT,FALSE
television,FALSE
footage,FALSE
recording,FALSE
crop,FALSE
accident,TRUE
agricultural,FALSE
industrial,FALSE
recreational,FALSE
forestry,FALSE
outdoor,FALSE
plant,TRUE
pharmaceutical,FALSE
electrical,FALSE
biological,FALSE
drug,FALSE
mechanical,FALSE
chemical,FALSE
medication,FALSE
drug,FALSE
farm,FALSE
irrigation,FALSE
farm,FALSE
pasture,FALSE
dam,FALSE
grazing,FALSE
wheel,FALSE
treatment,TRUE
variant,FALSE
extension,TRUE
interpretation,TRUE
#,FALSE
#,FALSE
pay,TRUE
give,TRUE
grant,TRUE
afford,TRUE
overhead,FALSE
expense,FALSE
successful,FALSE
border,FALSE
police,TRUE
foot,FALSE
car,TRUE
officer,FALSE
#,FALSE
installation,TRUE
opposition,FALSE
patient,FALSE
minute,TRUE
second,FALSE
km,TRUE
kilometer,FALSE
metre,FALSE
conference,FALSE
essence,FALSE
competence,FALSE
confidence,FALSE
consultation,FALSE
engagement,FALSE
dialogue,FALSE
investor,FALSE
candidate,FALSE
argument,TRUE
topic,TRUE
trade,TRUE
stand,TRUE
cut,FALSE
fall,TRUE
tie,FALSE
drop,TRUE
pull,FALSE
price,TRUE
capital,FALSE
growth,FALSE
prospect,FALSE
likelihood,FALSE
file,FALSE
message,TRUE
be,FALSE
container,FALSE
folder,FALSE
signature,FALSE
monitor,TRUE
instal,FALSE
commitment,FALSE
processor,TRUE
#,FALSE
journal,TRUE
magazine,FALSE
publication,TRUE
import,FALSE
anywhere,FALSE
depend,TRUE
except,FALSE
later,FALSE
limit,TRUE
Bureau,FALSE
administration,FALSE
Journal,FALSE
administrator,FALSE
department,FALSE
III,FALSE
law,TRUE
article,TRUE
system,TRUE
act,TRUE
inconsistent,FALSE
along,FALSE
#,FALSE
#,FALSE
whose,FALSE
conditional,FALSE
clear,FALSE
advise,FALSE
condition,TRUE
focus,TRUE
commitment,FALSE
act,TRUE
something,FALSE
realm,FALSE
applicant,FALSE
employer,FALSE
segment,TRUE
reduce,TRUE
involve,TRUE
affect,TRUE
consume,TRUE
attach,TRUE
manufacture,FALSE
assist,TRUE
power,TRUE
job,TRUE
mathematic,FALSE
architecture,FALSE
training,TRUE
school,TRUE
education,FALSE
anyone,FALSE
individual,TRUE
person,TRUE
company,TRUE
organization,TRUE
Personnel,FALSE
team,TRUE
association,TRUE
encounter,FALSE
advise,FALSE
technician,FALSE
apparatus,FALSE
vessel,FALSE
feed,TRUE
contribute,TRUE
pass,TRUE
broadcast,TRUE
observe,TRUE
view,TRUE
house,TRUE
line,TRUE
funding,TRUE
road,TRUE
appeal,FALSE
archive,FALSE
repertoire,FALSE
hundred,FALSE
Dictionary,FALSE
selection,TRUE
reference,TRUE
cite,TRUE
view,TRUE
enter,TRUE
participate,TRUE
inspection,FALSE
consumption,FALSE
representative,FALSE
segment,TRUE
branch,FALSE
tier,TRUE
institution,TRUE
os,FALSE
ecosystem,FALSE
span,TRUE
enable,TRUE
spread,TRUE
divide,TRUE
alleviate,FALSE
tackle,FALSE
face,TRUE
remedy,TRUE
#,FALSE
#,FALSE
#,FALSE
bracket,FALSE
translation,FALSE
supply,TRUE
form,TRUE
#,FALSE
remainder,FALSE
send,TRUE
oversee,FALSE
coordinate,TRUE
promote,TRUE
oversee,FALSE
recognize,TRUE
participation,FALSE
advance,TRUE
investment,TRUE
outreach,FALSE
affair,FALSE
finance,FALSE
advisory,FALSE
consulting,FALSE
pre,FALSE
ever,FALSE
cut,TRUE
plus,FALSE
shift,TRUE
marketing,FALSE
field,TRUE
utility,TRUE
oil,TRUE
airline,FALSE
electric,FALSE
#,FALSE
tourism,FALSE
centre,TRUE
rely,TRUE
rely,TRUE
simplify,FALSE
compress,FALSE
edit,TRUE
indirect,FALSE
download,TRUE
couple,FALSE
mixed,TRUE
supplement,FALSE
blend,TRUE
pair,TRUE
reliable,FALSE
accurate,FALSE
comprehensive,FALSE
useful,FALSE
this,FALSE
water,TRUE
such,FALSE
solar,FALSE
station,FALSE
#,FALSE
element,TRUE
completion,FALSE
enforcement,TRUE
flooding,FALSE
contamination,FALSE
slope,FALSE
occur,TRUE
mean,TRUE
consist,TRUE
sand,FALSE
mud,FALSE
frost,FALSE
fog,FALSE
gravel,FALSE
moss,FALSE
laden,FALSE
fill,TRUE
cap,TRUE
pack,TRUE
sweep,TRUE
clothe,FALSE
ride,FALSE
flood,TRUE
drift,FALSE
wave,TRUE
slope,FALSE
beach,FALSE
proportion,TRUE
predict,TRUE
estimate,TRUE
calculate,TRUE
suggest,TRUE
suspect,FALSE
experimental,FALSE
detect,TRUE
specimen,FALSE
death,FALSE
death,FALSE
fossil,FALSE
bird,FALSE
insect,FALSE
family,TRUE
broadband,FALSE
influence,TRUE
complicated,FALSE
alter,TRUE
govern,TRUE
confuse,FALSE
#,FALSE
exploitation,FALSE
ownership,FALSE
employment,FALSE
attendance,FALSE
eligible,FALSE
pay,TRUE
retail,FALSE
american,FALSE
justify,TRUE
exceed,FALSE
equal,TRUE
expense,FALSE
privilege,FALSE
instal,TRUE
placement,FALSE
word,TRUE
meter,FALSE
sequence,TRUE
compression,FALSE
old,FALSE
fix,TRUE
restrict,FALSE
#,FALSE
#,FALSE
error,TRUE
stamp,FALSE
scale,TRUE
gap,FALSE
clock,TRUE
participate,TRUE
reside,FALSE
lie,TRUE
belong,FALSE
compete,TRUE
volunteer,FALSE
county,TRUE
official,TRUE
supplier,TRUE
FDA,FALSE
regulator,FALSE
FCC,FALSE
court,TRUE
FALSE,FALSE
caution,FALSE
green,FALSE
white,FALSE
yellow,FALSE
holder,FALSE
brand,TRUE
certify,FALSE
fund,TRUE
fail,TRUE
start,TRUE
expect,TRUE
struggle,FALSE
tend,TRUE
know,TRUE
assume,TRUE
traditional,FALSE
claim,TRUE
shoulder,FALSE
bore,FALSE
liability,FALSE
claim,TRUE
fee,FALSE
award,FALSE
removal,FALSE
experiment,TRUE
acronym,FALSE
sponsor,TRUE
initiate,TRUE
undertake,FALSE
promote,TRUE
launch,TRUE
commission,TRUE
start,TRUE
investigate,FALSE
#,FALSE
pursuit,FALSE
theme,FALSE
current,FALSE
key,FALSE
their,FALSE
membership,FALSE
achievement,FALSE
#,FALSE
right,TRUE
entry,TRUE
response,TRUE
connection,TRUE
return,TRUE
#,FALSE
#,FALSE
#,FALSE
conclude,TRUE
host,TRUE
rental,FALSE
throughout,FALSE
be,FALSE
property,TRUE
river,FALSE
province,FALSE
well,FALSE
self,TRUE
neutral,FALSE
regulate,TRUE
instead,FALSE
packet,FALSE
state,TRUE
imply,TRUE
suggest,TRUE
say,TRUE
thing,FALSE
violate,FALSE
break,TRUE
tolerance,FALSE
threshold,FALSE
reduction,FALSE
library,FALSE
interact,TRUE
collaborate,FALSE
engage,TRUE
interchange,FALSE
cooperate,FALSE
lifetime,FALSE
occur,TRUE
failure,TRUE
fault,FALSE
vocabulary,FALSE
verse,FALSE
manuscript,FALSE
remove,TRUE
reprint,FALSE
proof,FALSE
clarity,FALSE
purity,FALSE
unity,FALSE
clearly,FALSE
explicitly,FALSE
fully,FALSE
formally,FALSE
correctly,FALSE
specifically,FALSE
lay,TRUE
qualification,FALSE
educational,FALSE
style,FALSE
engine,FALSE
escape,TRUE
suffer,TRUE
rescue,TRUE
evacuate,FALSE
attack,FALSE
disaster,FALSE
injury,FALSE
say,TRUE
express,TRUE
phone,TRUE
node,FALSE
atom,FALSE
accomplish,TRUE
execute,TRUE
complete,TRUE
beyond,FALSE
elsewhere,FALSE
trust,FALSE
branch,FALSE
qualify,FALSE
youth,FALSE
satisfaction,FALSE
know,TRUE
exactly,FALSE
but,FALSE
consider,TRUE
specifically,FALSE
deliver,TRUE
learn,TRUE
programmer,FALSE
convert,TRUE
algorithm,TRUE
server,FALSE
speak,TRUE
proposal,FALSE
interfere,FALSE
accord,TRUE
border,FALSE
overlap,TRUE
alter,TRUE
3d,FALSE
reality,FALSE
earthquake,FALSE
thus,FALSE
examine,TRUE
adjust,TRUE
correct,TRUE
loss,TRUE
allocation,FALSE
gas,TRUE
fluid,FALSE
charge,TRUE
price,TRUE
truck,TRUE
surround,FALSE
wide,FALSE
immediate,FALSE
broad,FALSE
impact,TRUE
phase,TRUE
chapter,TRUE
usually,FALSE
structural,FALSE
conference,FALSE
conference,FALSE
festival,FALSE
Games,FALSE
festival,FALSE
operate,TRUE
test,TRUE
deploy,TRUE
venue,FALSE
theory,TRUE
depict,FALSE
demonstrate,TRUE
show,TRUE
exhibit,FALSE
capture,TRUE
reveal,TRUE
exchange,TRUE
blood,FALSE
energy,TRUE
Sun,FALSE
good,FALSE
good,FALSE
fair,FALSE
professional,FALSE
well,FALSE
International,FALSE
88,FALSE
46,FALSE
48,FALSE
10,FALSE
42,FALSE
31,FALSE
28,FALSE
29,FALSE
112,FALSE
181,FALSE
33,FALSE
78,FALSE
38,FALSE
32,FALSE
prejudice,FALSE
discrimination,FALSE
modification,FALSE
representation,TRUE
graph,FALSE
solid,FALSE
#,FALSE
reaction,FALSE
protein,FALSE
behaviour,FALSE
book,FALSE
explanation,FALSE
legal,FALSE
local,FALSE
external,FALSE
#,FALSE
to,FALSE
#,FALSE
#,FALSE
bind,TRUE
landscape,FALSE
virtual,FALSE
cellular,FALSE
switch,FALSE
migration,FALSE
unlock,FALSE
kind,FALSE
piece,FALSE