datum,TRUE
it,FALSE
these,FALSE
they,FALSE
this,FALSE
specie,FALSE
result,TRUE
collection,FALSE
list,TRUE
application,TRUE
datum,TRUE
group,TRUE
information,TRUE
define,TRUE
specify,TRUE
many,FALSE
write,TRUE
please,FALSE
to,FALSE
please,FALSE
go,TRUE
now,FALSE
just,FALSE
you,FALSE
user,TRUE
file,TRUE
always,FALSE
log,TRUE
log,TRUE
add,TRUE
log,TRUE
click,TRUE
comment,TRUE
comment,FALSE
link,TRUE
information,TRUE
click,TRUE
link,TRUE
click,TRUE
sign,FALSE
detail,TRUE
move,TRUE
Wikipedia,FALSE
facebook,FALSE
the,FALSE
main,FALSE
Google,FALSE
#,FALSE
website,TRUE
service,TRUE
portal,FALSE
network,TRUE
database,TRUE
page,TRUE
app,TRUE
system,TRUE
server,TRUE
inventory,FALSE
asset,FALSE
cash,FALSE
register,FALSE
property,FALSE
storage,FALSE
individual,FALSE
surplus,FALSE
stock,FALSE
ownership,FALSE
legal,FALSE
industrial,FALSE
store,TRUE
#,FALSE
#,FALSE
#,FALSE
#,FALSE
#,FALSE
#,FALSE
#,FALSE
#,FALSE
#,FALSE
#,FALSE
#,FALSE
#,FALSE
group,TRUE
#,FALSE
member,TRUE
asset,FALSE
unit,TRUE
product,TRUE
subsidiary,FALSE
item,TRUE
share,TRUE
company,TRUE
membership,FALSE
own,FALSE
every,FALSE
associate,FALSE
special,FALSE
certain,FALSE
one,FALSE
single,FALSE
private,FALSE
non,FALSE
foreign,FALSE
sub,FALSE
UK,FALSE
business,TRUE
EU,FALSE
commercial,FALSE
#,FALSE
per,FALSE
#,FALSE
type,TRUE
relate,TRUE
group,FALSE
#,FALSE
management,TRUE
whose,FALSE
physical,FALSE
hold,TRUE
control,TRUE
either,FALSE
vehicle,FALSE
also,FALSE
manage,TRUE
inspect,FALSE
acquire,TRUE
approve,FALSE
retain,FALSE
protect,TRUE
maintain,TRUE
license,TRUE
hold,TRUE
recognise,FALSE
certify,FALSE
provide,TRUE
state,FALSE
government,TRUE
state,TRUE
owner,FALSE
government,FALSE
iso,FALSE
bank,FALSE
say,TRUE
believe,TRUE
know,TRUE
assume,TRUE
see,TRUE
conclude,FALSE
think,TRUE
agree,TRUE
understand,TRUE
note,TRUE
say,TRUE
suppose,TRUE
find,TRUE
ask,TRUE
together,FALSE
solely,FALSE
exactly,FALSE
simply,FALSE
result,TRUE
result,TRUE
operation,TRUE
outcome,FALSE
purpose,FALSE
scope,FALSE
context,TRUE
parameter,FALSE
structure,TRUE
value,TRUE
content,TRUE
operation,TRUE
rule,TRUE
end,TRUE
function,TRUE
call,TRUE
appoint,TRUE
complete,FALSE
full,FALSE
final,FALSE
all,FALSE
only,FALSE
complete,FALSE
no,FALSE
total,FALSE
overall,FALSE
additional,FALSE
historical,FALSE
official,FALSE
where,FALSE
#,FALSE
engine,TRUE
#,FALSE
time,TRUE
site,TRUE
#,FALSE
pattern,FALSE
point,TRUE
screen,FALSE
match,TRUE
criterion,FALSE
follow,TRUE
incomplete,FALSE
available,FALSE
show,TRUE
would,FALSE
may,FALSE
must,FALSE
could,FALSE
shall,FALSE
might,FALSE
help,TRUE
mean,TRUE
automatically,FALSE
contain,TRUE
include,TRUE
list,TRUE
show,TRUE
provide,TRUE
represent,TRUE
comprise,FALSE
give,TRUE
collect,FALSE
cover,TRUE
include,TRUE
present,TRUE
activity,TRUE
action,TRUE
option,FALSE
privilege,FALSE
feature,TRUE
application,TRUE
way,TRUE
command,TRUE
function,TRUE
request,TRUE
property,FALSE
task,TRUE
app,FALSE
thing,FALSE
person,TRUE
user,TRUE
child,FALSE
player,FALSE
party,FALSE
student,TRUE
guest,FALSE
client,TRUE
customer,TRUE
club,FALSE
judge,FALSE
citizen,FALSE
driver,FALSE
lawyer,FALSE
source,TRUE
t,FALSE
eliminate,FALSE
b,FALSE
note,TRUE
note,TRUE
winner,FALSE
c,FALSE
key,FALSE
access,TRUE
capital,FALSE
control,TRUE
#,FALSE
#,FALSE
number,TRUE
number,TRUE
location,TRUE
name,TRUE
date,TRUE
#,FALSE
code,TRUE
#,FALSE
status,FALSE
time,TRUE
#,FALSE
address,TRUE
amount,TRUE
search,TRUE
i,FALSE
determine,TRUE
use,TRUE
choose,TRUE
define,TRUE
call,TRUE
decide,FALSE
control,TRUE
get,TRUE
next,FALSE
test,TRUE
new,FALSE
final,FALSE
application,TRUE
transfer,FALSE
default,FALSE
bad,FALSE
entire,FALSE
People,FALSE
player,FALSE
volunteer,FALSE
also,FALSE
user,TRUE
we,FALSE
member,TRUE
send,TRUE
issue,TRUE
note,TRUE
offer,TRUE
release,TRUE
send,TRUE
publish,TRUE
send,TRUE
issue,TRUE
message,TRUE
message,TRUE
mail,FALSE
email,TRUE
email,TRUE
file,TRUE
letter,TRUE
sms,FALSE
package,FALSE
report,TRUE
order,TRUE
system,TRUE
part,TRUE
rule,TRUE
article,TRUE
track,FALSE
window,FALSE
number,TRUE
book,TRUE
agent,TRUE
judge,FALSE
element,FALSE
class,FALSE
section,TRUE
company,TRUE
give,TRUE
grant,TRUE
extend,FALSE
apply,TRUE
provide,TRUE
lend,FALSE
assign,TRUE
offer,TRUE
show,TRUE
delegate,TRUE
pass,TRUE
issue,TRUE
award,TRUE
deny,FALSE
decision,TRUE
responsibility,FALSE
content,TRUE
knowledge,TRUE
power,TRUE
resource,TRUE
duty,FALSE
role,TRUE
level,TRUE
other,TRUE
a,FALSE
any,FALSE
fund,FALSE
permission,TRUE
ability,FALSE
people,TRUE
option,FALSE
opportunity,FALSE
money,FALSE
opportunity,FALSE
someone,FALSE
make,TRUE
declare,FALSE
purchase,TRUE
reserve,FALSE
buy,TRUE
obtain,TRUE
create,TRUE
use,TRUE
request,TRUE
acquire,TRUE
aircraft,FALSE
apartment,FALSE
office,TRUE
object,TRUE
instrument,FALSE
exemption,FALSE
account,FALSE
allowance,FALSE
hour,TRUE
equipment,FALSE
automobile,FALSE
lease,FALSE
rent,FALSE
borrow,FALSE
loan,FALSE
tenant,FALSE
sell,TRUE
claim,TRUE
landlord,FALSE
#,FALSE
mortgage,FALSE
#,FALSE
year,FALSE
',FALSE
from,FALSE
#,FALSE
accord,TRUE
set,TRUE
limit,TRUE
relative,FALSE
list,TRUE
limit,TRUE
market,TRUE
plan,TRUE
form,TRUE
software,TRUE
computer,TRUE
machine,TRUE
assistant,FALSE
process,TRUE
device,TRUE
space,TRUE
administrator,TRUE
program,TRUE
manager,FALSE
entity,FALSE
authority,FALSE
organization,TRUE
programmer,TRUE
operator,FALSE
allow,TRUE
order,TRUE
get,TRUE
command,TRUE
call,TRUE
convince,FALSE
hire,FALSE
force,TRUE
contact,TRUE
direct,TRUE
require,TRUE
module,FALSE
task,TRUE
handle,TRUE
#,FALSE
staff,TRUE
network,FALSE
#,FALSE
team,TRUE
#,FALSE
#,FALSE
#,FALSE
#,FALSE
#,FALSE
member,TRUE
personnel,FALSE
operator,FALSE
manager,TRUE
leader,FALSE
representative,FALSE
server,TRUE
employee,TRUE
driver,FALSE
administrator,TRUE
engineer,FALSE
build,TRUE
establish,FALSE
install,TRUE
design,TRUE
open,TRUE
manage,TRUE
operate,TRUE
construct,FALSE
maintain,TRUE
run,TRUE
develop,TRUE
monitor,TRUE
edit,TRUE
manipulate,FALSE
modify,TRUE
update,TRUE
deploy,TRUE
it,FALSE
multiple,FALSE
via,FALSE
use,TRUE
require,TRUE
necessary,FALSE
impossible,FALSE
possible,FALSE
free,FALSE
difficult,FALSE
allow,TRUE
need,TRUE
mandatory,FALSE
easy,FALSE
optional,FALSE
make,TRUE
unnecessary,FALSE
lose,TRUE
give,TRUE
use,TRUE
cost,TRUE
pass,TRUE
reach,FALSE
spend,FALSE
#,FALSE
see,TRUE
#,FALSE
#,FALSE
#,FALSE
#,FALSE
history,FALSE
argue,TRUE
feel,FALSE
realize,TRUE
everyone,FALSE
merely,FALSE
objective,FALSE
objective,FALSE
consequence,FALSE
success,FALSE
goal,FALSE
direction,FALSE
nature,FALSE
event,TRUE
case,TRUE
roll,FALSE
go,TRUE
take,TRUE
count,FALSE
turn,TRUE
call,TRUE
pay,TRUE
move,TRUE
come,TRUE
run,TRUE
bring,TRUE
send,TRUE
resource,FALSE
rating,FALSE
resource,FALSE
#,FALSE
#,FALSE
#,FALSE
#,FALSE
#,FALSE
[,FALSE
player,FALSE
level,TRUE
number,TRUE
division,TRUE
part,TRUE
tier,TRUE
district,FALSE
Act,FALSE
lot,TRUE
God,FALSE
identify,TRUE
choose,TRUE
determine,TRUE
count,FALSE
assess,FALSE
character,TRUE
object,TRUE
event,TRUE
location,FALSE
level,TRUE
city,TRUE
item,TRUE
building,FALSE
area,TRUE
ship,FALSE
force,FALSE
business,TRUE
service,TRUE
facility,TRUE
holding,FALSE
security,TRUE
profit,FALSE
investment,FALSE
own,TRUE
know,TRUE
hold,TRUE
occupy,FALSE
possess,FALSE
#,FALSE
student,TRUE
#,FALSE
group,TRUE
act,TRUE
#,FALSE
question,TRUE
choose,TRUE
need,TRUE
wish,TRUE
continue,FALSE
intend,TRUE
decide,TRUE
continue,FALSE
fail,TRUE
hear,FALSE
read,TRUE
simple,FALSE
last,FALSE
latter,FALSE
low,FALSE
well,FALSE
model,TRUE
rule,TRUE
parameter,TRUE
statement,TRUE
term,TRUE
table,TRUE
method,TRUE
factor,FALSE
mode,TRUE
involve,TRUE
describe,TRUE
maximum,FALSE
total,FALSE
large,FALSE
potential,FALSE
actual,FALSE
small,FALSE
specific,FALSE
minimum,FALSE
memory,FALSE
probability,FALSE
action,TRUE
condition,TRUE
base,TRUE
current,FALSE
tool,TRUE
section,TRUE
manual,FALSE
guide,FALSE
window,FALSE
site,TRUE
allow,TRUE
combine,FALSE
enable,TRUE
advance,FALSE
support,TRUE
basic,FALSE
simple,FALSE
quick,FALSE
fast,FALSE
complex,FALSE
efficient,FALSE
rapid,FALSE
detail,FALSE
specialize,FALSE
extensive,FALSE
search,TRUE
functionality,TRUE
work,TRUE
processing,TRUE
research,TRUE
perform,TRUE
do,TRUE
apply,TRUE
handle,TRUE
implement,TRUE
initiate,FALSE
generate,TRUE
complete,TRUE
conduct,FALSE
create,TRUE
access,TRUE
device,TRUE
account,FALSE
contact,FALSE
key,TRUE
party,FALSE
participant,FALSE
player,FALSE
customer,TRUE
card,TRUE
transaction,FALSE
identify,TRUE
notify,FALSE
list,TRUE
sort,TRUE
name,TRUE
know,TRUE
assign,TRUE
classify,FALSE
select,TRUE
inform,FALSE
represent,TRUE
designate,FALSE
order,TRUE
personal,FALSE
another,FALSE
ID,FALSE
#,FALSE
credential,FALSE
password,FALSE
identification,FALSE
authorization,FALSE
registration,FALSE
identity,FALSE
name,TRUE
certificate,FALSE
key,TRUE
license,FALSE
name,TRUE
type,TRUE
title,TRUE
code,TRUE
category,FALSE
application,TRUE
reference,TRUE
example,TRUE
language,TRUE
location,TRUE
element,TRUE
part,TRUE
aspect,FALSE
copy,FALSE
version,TRUE
attribute,FALSE
section,FALSE
component,FALSE
value,TRUE
form,TRUE
type,TRUE
underlie,FALSE
exist,TRUE
economic,FALSE
abstract,FALSE
external,FALSE
electronic,FALSE
ideal,FALSE
investment,FALSE
file,TRUE
version,TRUE
text,TRUE
document,TRUE
language,TRUE
dictionary,FALSE
record,TRUE
format,FALSE
edition,FALSE
script,FALSE
include,TRUE
consider,TRUE
remove,FALSE
delete,FALSE
omit,FALSE
search,TRUE
add,TRUE
change,TRUE
find,TRUE
control,FALSE
analysis,FALSE
management,FALSE
design,FALSE
support,FALSE
classification,FALSE
distribution,FALSE
method,FALSE
manager,FALSE
index,FALSE
production,FALSE
operate,TRUE
library,FALSE
computer,TRUE
publishing,FALSE
product,TRUE
technical,FALSE
software,TRUE
product,TRUE
material,TRUE
equipment,FALSE
instrument,FALSE
weapon,FALSE
animal,FALSE
piece,FALSE
those,FALSE
plant,FALSE
store,TRUE
mark,TRUE
collection,TRUE
family,TRUE
series,FALSE
genus,FALSE
book,TRUE
category,FALSE
world,TRUE
literature,FALSE
library,TRUE
divide,TRUE
categorize,FALSE
distribute,FALSE
sell,TRUE
group,TRUE
organize,TRUE
collect,TRUE
arrange,FALSE
split,FALSE
category,FALSE
#,FALSE
working,TRUE
small,FALSE
work,TRUE
some,FALSE
community,TRUE
individual,FALSE
study,FALSE
service,TRUE
local,FALSE
large,FALSE
other,FALSE
social,FALSE
#,FALSE
#,FALSE
#,FALSE
#,FALSE
office,TRUE
owner,FALSE
unit,TRUE
enter,TRUE
select,TRUE
floor,FALSE
build,TRUE
room,FALSE
roof,FALSE
facility,TRUE
desk,FALSE
area,TRUE
additional,FALSE
permanent,FALSE
temporary,FALSE
improve,FALSE
upper,FALSE
organizational,FALSE
internal,FALSE
plan,TRUE
layout,FALSE
condition,FALSE
arrangement,FALSE
tile,FALSE
design,TRUE
assignment,FALSE
receive,TRUE
need,TRUE
receive,TRUE
accept,TRUE
submit,TRUE
seek,TRUE
receive,TRUE
appropriate,FALSE
urgent,FALSE
official,FALSE
initial,FALSE
explicit,FALSE
emergency,FALSE
immediate,FALSE
advance,FALSE
express,FALSE
online,FALSE
letter,TRUE
notice,FALSE
directly,FALSE
card,FALSE
permit,FALSE
department,TRUE
agency,TRUE
officer,FALSE
board,TRUE
each,FALSE
every,FALSE
another,FALSE
one,FALSE
first,FALSE
that,FALSE
my,FALSE
their,FALSE
#,FALSE
#,FALSE
#,FALSE
#,FALSE
#,FALSE
#,FALSE
#,FALSE
#,FALSE
#,FALSE
occur,TRUE
start,TRUE
arise,FALSE
happen,FALSE
come,TRUE
begin,TRUE
change,TRUE
end,TRUE
purchase,TRUE
create,TRUE
buy,TRUE
find,TRUE
identify,TRUE
develop,TRUE
introduce,FALSE
build,TRUE
want,TRUE
project,TRUE
installation,FALSE
game,TRUE
contribute,TRUE
attach,FALSE
put,TRUE
add,TRUE
bring,TRUE
add,TRUE
addition,FALSE
move,TRUE
connect,TRUE
title,FALSE
like,TRUE
desire,FALSE
want,TRUE
want,TRUE
wish,TRUE
desire,FALSE
prefer,FALSE
wish,TRUE
like,TRUE
portfolio,FALSE
map,FALSE
press,FALSE
choose,TRUE
help,TRUE
make,TRUE
onto,FALSE
upon,FALSE
on,FALSE
yet,FALSE
menu,FALSE
red,FALSE
download,TRUE
an,FALSE
such,FALSE
browser,FALSE
page,TRUE
developer,TRUE
service,FALSE
play,TRUE
view,TRUE
anyone,FALSE
client,TRUE
platform,FALSE
os,FALSE
hardware,TRUE
system,TRUE
technology,TRUE
computer,TRUE
platform,FALSE
environment,FALSE
format,FALSE
program,TRUE
end,TRUE
help,TRUE
direct,FALSE
find,TRUE
active,FALSE
let,FALSE
for,FALSE
start,TRUE
use,FALSE
#,FALSE
buy,FALSE
save,FALSE
search,FALSE
make,FALSE
draw,FALSE
pdf,FALSE
ensure,TRUE
expect,TRUE
trust,FALSE
operate,TRUE
machine,TRUE
tool,FALSE
appliance,FALSE
module,FALSE
library,TRUE
network,TRUE
algorithm,FALSE
protocol,FALSE
protocol,FALSE
perform,TRUE
represent,TRUE
if,FALSE
when,FALSE
your,FALSE
header,FALSE
size,FALSE
length,FALSE
zero,FALSE
unknown,FALSE
FALSE,FALSE
TRUE,FALSE
able,FALSE
encourage,TRUE
ask,TRUE
expect,TRUE
invite,FALSE
permit,TRUE
authorize,TRUE
instruct,FALSE
unable,FALSE
force,TRUE
publish,TRUE
produce,TRUE
write,TRUE
take,TRUE
post,FALSE
prepare,TRUE
write,TRUE
write,TRUE
instruction,TRUE
word,TRUE
statement,TRUE
sentence,FALSE
table,TRUE
chart,FALSE
edit,FALSE
display,FALSE
animation,FALSE
everything,FALSE
something,FALSE
procedure,TRUE
anything,FALSE
in,FALSE
indicate,TRUE
present,FALSE
correct,FALSE
call,TRUE
quick,FALSE
interface,TRUE
support,TRUE
profile,TRUE
print,FALSE
web,TRUE
team,TRUE
unit,TRUE
aircraft,FALSE
student,TRUE
individual,TRUE
model,TRUE
determine,TRUE
assess,FALSE
obtain,TRUE
choose,TRUE
judge,TRUE
influence,TRUE
evaluate,FALSE
support,TRUE
calculate,FALSE
school,TRUE
country,TRUE
district,FALSE
grade,FALSE
region,FALSE
subject,TRUE
topic,TRUE
university,TRUE
season,FALSE
manner,FALSE
case,TRUE
way,TRUE
step,TRUE
article,TRUE
fashion,FALSE
article,TRUE
situation,TRUE
2008,FALSE
2004,FALSE
2005,FALSE
2010,FALSE
2006,FALSE
2003,FALSE
2012,FALSE
2014,FALSE
2013,FALSE
2009,FALSE
free,FALSE
fair,FALSE
good,FALSE
common,FALSE
book,FALSE
worst,FALSE
special,FALSE
two,FALSE
real,FALSE
new,FALSE
good,FALSE
middle,FALSE
#,FALSE
#,FALSE
#,FALSE
domain,FALSE
Model,FALSE
analysis,TRUE
model,TRUE
simulation,FALSE
testing,FALSE
evaluation,FALSE
methodology,FALSE
theory,FALSE
model,TRUE
approach,TRUE
useful,FALSE
helpful,FALSE
important,FALSE
essential,FALSE
effective,FALSE
employ,TRUE
applicable,FALSE
crucial,FALSE
critical,FALSE
relevant,FALSE
determine,TRUE
define,TRUE
describe,TRUE
assess,FALSE
consider,TRUE
set,TRUE
explain,FALSE
establish,FALSE
implement,TRUE
identify,TRUE
evaluate,FALSE
address,TRUE
understand,TRUE
develop,TRUE
analyze,FALSE
technical,FALSE
operational,FALSE
functional,FALSE
security,TRUE
financial,FALSE
implementation,FALSE
various,FALSE
general,FALSE
process,TRUE
cycle,FALSE
environment,TRUE
scenario,FALSE
model,TRUE
activity,TRUE
situation,TRUE
behavior,FALSE
logic,FALSE
framework,TRUE
experience,FALSE
active,FALSE
expert,FALSE
automate,FALSE
average,FALSE
alert,FALSE
inspector,FALSE
specialist,FALSE
audit,FALSE
controller,FALSE
technician,FALSE
check,FALSE
collector,FALSE
review,FALSE
supervisor,FALSE
collect,TRUE
retrieve,FALSE
return,TRUE
recover,FALSE
good,TRUE
product,TRUE
store,TRUE
sale,FALSE
record,TRUE
load,FALSE
restore,FALSE
store,TRUE
resume,FALSE
save,TRUE
keep,TRUE
retain,FALSE
file,TRUE
treat,FALSE
view,TRUE
purchase,TRUE
describe,TRUE
assemble,FALSE
process,TRUE
structure,TRUE
two,FALSE
three,FALSE
separate,FALSE
small,FALSE
life,TRUE
historical,FALSE
discrete,FALSE
digital,FALSE
property,FALSE
#,FALSE
#,FALSE
#,FALSE
#,FALSE
building,TRUE
find,TRUE
get,TRUE
imagine,FALSE
story,FALSE
theme,FALSE
style,FALSE
title,FALSE
character,TRUE
his,FALSE
its,FALSE
x,FALSE
v,FALSE
#,FALSE
#,FALSE
#,FALSE
confirm,FALSE
state,TRUE
indicate,TRUE
ensure,TRUE
denote,FALSE
prove,FALSE
imply,FALSE
require,TRUE
assume,FALSE
reveal,FALSE
say,TRUE
check,FALSE
fail,TRUE
agree,TRUE
power,TRUE
reason,FALSE
he,FALSE
she,FALSE
who,FALSE
whoever,FALSE
everyone,FALSE
nobody,FALSE
perform,TRUE
take,TRUE
serve,FALSE
author,FALSE
place,TRUE
source,TRUE
applicant,FALSE
agent,FALSE
resident,FALSE
consent,FALSE
request,TRUE
rating,FALSE
card,FALSE
reference,TRUE
package,FALSE
command,TRUE
set,TRUE
#,FALSE
source,TRUE
sheet,FALSE
download,FALSE
update,TRUE
transfer,TRUE
open,TRUE
share,TRUE
deploy,FALSE
enter,TRUE
problem,TRUE
problem,TRUE
error,TRUE
backup,FALSE
2015,FALSE
2007,FALSE
2016,FALSE
land,FALSE
multiple,FALSE
safe,FALSE
single,FALSE
public,FALSE
self,FALSE
drug,FALSE
limit,FALSE
second,FALSE
test,TRUE
trial,FALSE
current,FALSE
#,FALSE
#,FALSE
change,TRUE
usage,FALSE
release,TRUE
#,FALSE
mission,FALSE
#,FALSE
#,FALSE
aim,FALSE
integrate,TRUE
cover,TRUE
different,FALSE
large,FALSE
major,FALSE
global,FALSE
ip,FALSE
national,FALSE
regional,FALSE
dimensional,FALSE
academic,FALSE
educational,FALSE
without,FALSE
unique,FALSE
communication,TRUE
connectivity,FALSE
infrastructure,FALSE
integration,FALSE
solution,FALSE
commercial,FALSE
Daily,FALSE
regular,FALSE
joint,FALSE
annual,FALSE
passenger,FALSE
steam,FALSE
bus,FALSE
#,FALSE
funding,FALSE
warrant,FALSE
former,FALSE
principle,TRUE
procedure,FALSE
technique,TRUE
often,FALSE
concept,FALSE
concern,TRUE
permit,FALSE
practice,FALSE
act,TRUE
possibility,FALSE
idea,TRUE
difficulty,FALSE
introduce,TRUE
apply,TRUE
transfer,TRUE
provide,TRUE
connect,TRUE
return,TRUE
convert,FALSE
link,TRUE
fit,TRUE
deliver,TRUE
give,TRUE
element,TRUE
piece,FALSE
component,TRUE
part,TRUE
quantity,FALSE
scheme,FALSE
online,FALSE
step,TRUE
chapter,FALSE
version,TRUE
article,TRUE
rule,TRUE
table,TRUE
track,FALSE
figure,FALSE
stage,TRUE
form,TRUE
goal,TRUE
game,TRUE
door,TRUE
car,FALSE
point,TRUE
be,FALSE
rank,TRUE
eligible,FALSE
seed,FALSE
release,TRUE
carry,FALSE
replace,FALSE
aged,TRUE
bible,FALSE
guide,FALSE
Dictionary,FALSE
Journal,FALSE
press,FALSE
editor,FALSE
world,TRUE
editor,TRUE
task,TRUE
warning,FALSE
maintenance,FALSE
CO,FALSE
operation,TRUE
professional,FALSE
qualified,FALSE
personal,FALSE
qualified,FALSE
authorise,FALSE
private,FALSE
employee,TRUE
remote,FALSE
local,FALSE
chief,FALSE
provider,FALSE
director,TRUE
worker,FALSE
focus,TRUE
dependent,FALSE
intent,FALSE
advise,FALSE
base,TRUE
conditional,FALSE
place,TRUE
keep,TRUE
plan,TRUE
work,TRUE
restrict,FALSE
concentrate,FALSE
wait,TRUE
prepare,TRUE
ask,TRUE
ready,FALSE
demand,TRUE
requirement,TRUE
approval,FALSE
check,TRUE
execution,FALSE
completion,FALSE
maintenance,FALSE
load,FALSE
wait,TRUE
wait,TRUE
wait,TRUE
wait,TRUE
preparation,FALSE
schedule,FALSE
inspection,FALSE
confirmation,FALSE
clearance,FALSE
certification,FALSE
generate,TRUE
short,FALSE
clear,FALSE
brief,FALSE
warn,FALSE
video,FALSE
voice,FALSE
box,FALSE
word,TRUE
line,TRUE
block,FALSE
except,FALSE
incident,FALSE
accident,FALSE
occurrence,FALSE
damage,FALSE
disaster,FALSE
follow,TRUE
â€ ,FALSE
appear,TRUE
exist,TRUE
occur,TRUE
feature,TRUE
belong,FALSE
figure,FALSE
fit,TRUE
appear,TRUE
seem,FALSE
appear,TRUE
mathematic,FALSE
architecture,FALSE
system,FALSE
designer,FALSE
Map,FALSE
Database,FALSE
practical,FALSE
standard,FALSE
normal,FALSE
engine,TRUE
behaviour,FALSE
mechanism,FALSE
algorithm,TRUE
capability,TRUE
internet,TRUE
human,FALSE
internet,TRUE
agent,TRUE
person,TRUE
authority,FALSE
police,FALSE
officer,FALSE
individual,TRUE
vehicle,FALSE
investigator,FALSE
Manual,FALSE
page,FALSE
directory,FALSE
register,FALSE
here,FALSE
feature,TRUE
web,TRUE
example,TRUE
mode,FALSE
region,TRUE
department,TRUE
area,TRUE
define,TRUE
company,TRUE
organization,TRUE
entity,FALSE
department,TRUE
hold,TRUE
possess,FALSE
go,TRUE
manage,TRUE
operate,TRUE
maintain,TRUE
administer,FALSE
execute,FALSE
handle,TRUE
exercise,FALSE
enforce,FALSE
National,FALSE
military,FALSE
federal,FALSE
general,FALSE
net,FALSE
problem,FALSE
business,TRUE
knowledge,FALSE
process,FALSE
value,FALSE
student,FALSE
orient,FALSE
base,TRUE
invariant,FALSE
intensive,FALSE
center,FALSE
drive,FALSE
friendly,FALSE
operational,FALSE
instal,FALSE
execute,FALSE
embed,FALSE
host,TRUE
stadium,FALSE
contract,FALSE
deal,FALSE
station,TRUE
extension,FALSE
car,FALSE
still,FALSE
currently,FALSE
always,FALSE
already,FALSE
within,FALSE
worth,FALSE
usually,FALSE
FCC,FALSE
court,FALSE
congressional,FALSE
regulatory,FALSE
Senate,FALSE
voter,FALSE
pende,FALSE
public,FALSE
committee,FALSE
council,FALSE
Commission,FALSE
union,FALSE
faculty,TRUE
community,TRUE
board,FALSE
council,FALSE
association,FALSE
college,FALSE
position,FALSE
affiliation,FALSE
affiliate,FALSE
join,FALSE
teach,FALSE
chair,FALSE
oversee,FALSE
lead,FALSE
head,FALSE
attend,FALSE
visit,FALSE
four,FALSE
five,FALSE
six,FALSE
material,TRUE
material,TRUE
agent,TRUE
specify,TRUE
#,FALSE
#,FALSE
programming,FALSE
start,TRUE
write,TRUE
enter,TRUE
#,FALSE
select,FALSE
type,TRUE
load,TRUE
mapping,FALSE
info,FALSE
depend,TRUE
#,FALSE
professional,TRUE
provider,FALSE
vendor,FALSE
#,FALSE
kind,TRUE
degree,FALSE
layer,FALSE
definition,FALSE
class,FALSE
method,TRUE
job,FALSE
database,TRUE
enable,TRUE
allow,TRUE
help,TRUE
let,TRUE
organisation,FALSE
become,TRUE
enjoy,FALSE
remain,TRUE
subset,FALSE
portion,FALSE
majority,FALSE
lot,FALSE
variety,FALSE
summary,FALSE
percentage,FALSE
job,FALSE
make,TRUE
display,FALSE
print,TRUE
size,FALSE
square,FALSE
type,FALSE
white,FALSE
blank,FALSE
plain,FALSE
rectangular,FALSE
xml,FALSE
node,FALSE
target,FALSE
point,TRUE
team,TRUE
football,FALSE
sport,FALSE
assistant,FALSE
team,TRUE
engineer,FALSE
specialist,FALSE
run,TRUE
implement,TRUE
division,FALSE
district,FALSE
refer,TRUE
refer,TRUE
refer,TRUE
responsible,FALSE
equivalent,FALSE
belong,FALSE
operation,TRUE
respond,FALSE
belong,FALSE
contribute,TRUE
respond,FALSE
dedicate,FALSE
contribute,TRUE
commit,FALSE
participate,FALSE
report,TRUE
follow,TRUE
core,FALSE
field,FALSE
military,FALSE
follow,TRUE
standard,TRUE
specification,FALSE
community,TRUE
language,TRUE
destination,FALSE
regulation,FALSE
region,FALSE
next,FALSE
#,FALSE
#,FALSE
conduct,FALSE
implement,TRUE
apply,TRUE
improvement,FALSE
effort,TRUE
attempt,TRUE
advance,FALSE
recommendation,FALSE
suggestion,FALSE
progress,FALSE
proposal,FALSE
amendment,FALSE
adjustment,FALSE
successful,FALSE
unsuccessful,FALSE
take,TRUE
succeed,FALSE
abandon,FALSE
accomplish,FALSE
achieve,TRUE
undertake,FALSE
justify,FALSE
incorporate,FALSE
employ,TRUE
adopt,TRUE
utilize,FALSE
english,FALSE
scientific,FALSE
modern,FALSE
accounting,FALSE
french,FALSE
common,FALSE
german,FALSE
terminology,TRUE
term,TRUE
document,TRUE
concept,TRUE
principle,TRUE
assembly,FALSE
formal,FALSE
descriptive,FALSE
guideline,FALSE
practice,TRUE
document,TRUE
meet,FALSE
maintain,TRUE
discuss,FALSE
include,TRUE
state,TRUE
ignore,FALSE
topic,FALSE
industry,FALSE
directory,FALSE
input,FALSE
index,FALSE
typical,FALSE
report,TRUE
stage,TRUE
involve,TRUE
kind,TRUE
range,FALSE
sort,FALSE
sort,FALSE
idea,TRUE
both,FALSE
entry,TRUE
electronic,FALSE
office,TRUE
offer,TRUE
regard,FALSE
training,FALSE
payment,TRUE
assistance,FALSE
book,TRUE
capability,FALSE
grade,FALSE
age,TRUE
age,TRUE
key,TRUE
name,TRUE
project,TRUE
grant,TRUE
allocate,FALSE
award,TRUE
offer,TRUE
candidate,FALSE
applicant,FALSE
teacher,FALSE
school,TRUE
judge,FALSE
club,FALSE
coach,FALSE
committee,TRUE
instructor,FALSE
due,FALSE
prior,FALSE
guide,FALSE
contributor,FALSE
adapt,FALSE
degree,FALSE
zone,FALSE
search,TRUE
#,FALSE
#,FALSE
#,FALSE
#,FALSE
#,FALSE
#,FALSE
encompasse,FALSE
consider,TRUE
calculation,FALSE
work,TRUE
test,TRUE
arithmetic,FALSE
produce,TRUE
interested,FALSE
remain,TRUE
particular,FALSE
survive,FALSE
inherit,FALSE
book,TRUE
piece,FALSE
entry,TRUE
by,FALSE
give,TRUE
#,FALSE
grant,TRUE
we,FALSE
far,FALSE
which,FALSE
damage,FALSE
compare,FALSE
destroy,FALSE
vulnerable,FALSE
close,FALSE
attach,FALSE
adjacent,FALSE
thing,FALSE
harm,FALSE
#,FALSE
#,FALSE
follow,TRUE
engineer,FALSE
professional,FALSE
designer,FALSE
holder,FALSE
remove,FALSE
inspect,FALSE
image,FALSE
entry,TRUE
archive,FALSE
belong,TRUE
correspond,FALSE
relate,TRUE
connect,TRUE
go,TRUE
master,FALSE
employer,FALSE
creator,FALSE
exist,TRUE
as,FALSE
register,FALSE
friend,FALSE
leader,FALSE
shop,FALSE
ordinary,FALSE
professor,FALSE
instructor,FALSE
graduate,FALSE
researcher,FALSE
librarian,FALSE
visitor,FALSE
turn,TRUE
fact,TRUE
attempt,TRUE
exchange,FALSE
#,FALSE
avoid,TRUE
prevent,FALSE
undergo,FALSE
cause,TRUE
sure,FALSE
sense,TRUE
decision,FALSE
willing,FALSE
prepare,FALSE
cd,FALSE
alternative,FALSE
fact,TRUE
possibility,FALSE
advantage,FALSE
benefit,FALSE
curriculum,FALSE
previous,FALSE
#,FALSE
d,FALSE
ii,FALSE
IV,FALSE
tier,TRUE
class,FALSE
grade,FALSE
rank,FALSE
long,FALSE
dead,FALSE
last,FALSE
bank,FALSE
oversee,FALSE
vacant,FALSE
city,FALSE
municipal,FALSE
residential,FALSE
administrative,FALSE
agency,TRUE
expert,TRUE
promote,TRUE
relegate,FALSE
elevate,FALSE
recruit,FALSE
elect,FALSE
reassign,FALSE
role,TRUE
relate,TRUE
pertain,FALSE
correspond,FALSE
respective,FALSE
primary,FALSE
administrative,FALSE
jurisdiction,FALSE
capacity,FALSE
boundary,FALSE
error,TRUE
fix,FALSE
extent,FALSE
effect,FALSE
effect,FALSE
connection,FALSE
response,FALSE
path,FALSE
access,TRUE
flow,FALSE
route,FALSE
reply,FALSE
introduction,FALSE
channel,FALSE
archive,FALSE
campus,TRUE
country,TRUE
laboratory,FALSE
government,TRUE
supplier,FALSE
moment,TRUE
rate,TRUE
period,FALSE
distance,FALSE
24,FALSE
daylight,FALSE
peak,FALSE
regular,FALSE
aspect,FALSE
ease,FALSE
create,TRUE
generate,TRUE
execute,FALSE
produce,TRUE
issue,TRUE
find,TRUE
request,TRUE
experience,FALSE
order,TRUE
change,TRUE
contact,FALSE
submit,TRUE
answer,TRUE
accept,FALSE
denial,FALSE
acceptance,FALSE
rejection,FALSE
confusion,FALSE
argument,FALSE
violation,FALSE
abuse,FALSE
refusal,FALSE
disapproval,FALSE
modification,FALSE
criticism,FALSE
validity,FALSE
patent,FALSE
propose,FALSE
meet,TRUE
detect,FALSE
verify,FALSE