section,TRUE
document,TRUE
article,TRUE
chapter,TRUE
manual,TRUE
code,TRUE
book,TRUE
standard,TRUE
page,TRUE
version,TRUE
rule,TRUE
law,TRUE
agreement,FALSE
list,TRUE
statement,TRUE
lay,TRUE
set,TRUE
break,TRUE
lay,TRUE
set,TRUE
write,TRUE
lay,TRUE
rule,TRUE
put,TRUE
strike,TRUE
cut,TRUE
write,TRUE
touch,TRUE
point,TRUE
turn,TRUE
requirement,TRUE
principle,TRUE
guideline,FALSE
procedure,TRUE
standard,TRUE
condition,TRUE
constraint,FALSE
objective,FALSE
specification,TRUE
criterion,TRUE
parameter,TRUE
goal,TRUE
protocol,TRUE
policy,TRUE
military,TRUE
organization,TRUE
agency,TRUE
government,TRUE
army,FALSE
company,TRUE
army,TRUE
unit,TRUE
organisation,FALSE
department,TRUE
commander,TRUE
country,TRUE
state,TRUE
contractor,TRUE
staff,TRUE
follow,TRUE
obey,TRUE
understand,TRUE
implement,TRUE
use,TRUE
define,TRUE
enforce,TRUE
develop,TRUE
observe,TRUE
adopt,TRUE
meet,TRUE
recognize,TRUE
apply,TRUE
respect,FALSE
know,TRUE
maintain,TRUE
adapt,TRUE
modify,TRUE
adjust,TRUE
conform,TRUE
comply,TRUE
interpret,TRUE
explain,TRUE
respond,TRUE
provide,TRUE
conduct,TRUE
perform,TRUE
handle,TRUE
support,TRUE
facilitate,TRUE
oversee,FALSE
ensure,TRUE
enable,TRUE
manage,TRUE
undertake,FALSE
control,TRUE
regulate,TRUE
coordinate,TRUE
control,TRUE
remote,FALSE
access,TRUE
aircraft,TRUE
sense,TRUE
local,FALSE
network,TRUE
autonomous,FALSE
computer,TRUE
automate,TRUE
manage,TRUE
area,TRUE
centralize,FALSE
power,TRUE
operation,TRUE
operation,TRUE
management,TRUE
installation,TRUE
development,TRUE
monitor,TRUE
integration,TRUE
administration,TRUE
deployment,TRUE
operate,TRUE
repair,TRUE
design,TRUE
engineering,TRUE
maintenance,TRUE
execution,TRUE
protection,TRUE
security,TRUE
automation,TRUE
evaluation,TRUE
system,TRUE
service,TRUE
facility,TRUE
equipment,TRUE
system,TRUE
service,TRUE
environment,TRUE
internet,TRUE
some,FALSE
none,FALSE
one,FALSE
all,FALSE
part,TRUE
any,FALSE
analysis,TRUE
one,FALSE
none,FALSE
because,FALSE
detail,TRUE
many,FALSE
whole,TRUE
state,TRUE
award,FALSE
follow,TRUE
award,FALSE
technology,TRUE
software,TRUE
engine,TRUE
model,TRUE
architecture,TRUE
engine,TRUE
component,TRUE
model,TRUE
technology,TRUE
derive,TRUE
release,TRUE
available,FALSE
result,TRUE
develop,TRUE
expect,TRUE
require,TRUE
remove,TRUE
use,TRUE
build,TRUE
include,TRUE
component,TRUE
create,TRUE
adopt,TRUE
project,TRUE
site,TRUE
plant,FALSE
lab,FALSE
program,TRUE
study,TRUE
research,TRUE
acquisition,TRUE
platform,TRUE
base,TRUE
work,TRUE
replace,TRUE
match,TRUE
improve,TRUE
run,TRUE
include,TRUE
create,TRUE
become,TRUE
lightweight,FALSE
proprietary,FALSE
portable,FALSE
flexible,FALSE
modular,FALSE
stable,FALSE
free,FALSE
small,FALSE
small,FALSE
large,FALSE
compress,FALSE
simple,FALSE
key,FALSE
three,FALSE
technical,FALSE
two,FALSE
necessary,FALSE
various,FALSE
main,FALSE
four,FALSE
additional,FALSE
major,FALSE
factor,TRUE
people,TRUE
group,TRUE
consideration,FALSE
individual,TRUE
fact,TRUE
reason,TRUE
area,TRUE
topic,FALSE
person,TRUE
variable,TRUE
source,TRUE
organisation,FALSE
event,TRUE
impose,TRUE
place,TRUE
identify,TRUE
apply,TRUE
encounter,FALSE
involve,TRUE
address,TRUE
consider,TRUE
present,FALSE
make,TRUE
meet,TRUE
find,TRUE
observe,TRUE
implementation,TRUE
formulation,FALSE
creation,TRUE
selection,FALSE
application,TRUE
adoption,FALSE
introduction,TRUE
preparation,TRUE
formation,FALSE
determination,FALSE
establishment,FALSE
performance,TRUE
specification,TRUE
framework,TRUE
documentation,TRUE
protocol,TRUE
#,FALSE
filter,FALSE
encryption,TRUE
#,FALSE
#,FALSE
route,TRUE
error,TRUE
search,TRUE
communication,TRUE
consistency,FALSE
check,TRUE
filter,FALSE
transmission,TRUE
compression,FALSE
measure,TRUE
analysis,TRUE
testing,TRUE
method,TRUE
test,TRUE
technique,TRUE
check,TRUE
counter,FALSE
machine,TRUE
device,TRUE
detection,TRUE
employ,TRUE
implement,TRUE
able,FALSE
design,TRUE
utilize,TRUE
perform,TRUE
establish,TRUE
deploy,TRUE
maintain,TRUE
verify,TRUE
guarantee,TRUE
preserve,TRUE
check,TRUE
protect,TRUE
secure,TRUE
assure,TRUE
determine,TRUE
establish,TRUE
monitor,TRUE
keep,TRUE
flow,TRUE
quality,TRUE
number,TRUE
validity,FALSE
length,TRUE
amount,TRUE
time,TRUE
integrity,TRUE
distance,TRUE
accuracy,TRUE
distribution,TRUE
ratio,FALSE
frequency,TRUE
balance,FALSE
datum,TRUE
transaction,TRUE
connection,TRUE
information,TRUE
communication,TRUE
relationship,TRUE
signal,TRUE
traffic,TRUE
relation,FALSE
transfer,TRUE
flow,TRUE
message,TRUE
correspondence,FALSE
network,TRUE
node,TRUE
material,TRUE
material,TRUE
file,TRUE
document,TRUE
tape,FALSE
file,TRUE
record,TRUE
footage,FALSE
evidence,TRUE
content,TRUE
output,TRUE
image,TRUE
recording,FALSE
need,TRUE
collect,TRUE
process,TRUE
generate,TRUE
gather,TRUE
take,TRUE
obtain,TRUE
provide,TRUE
compile,TRUE
produce,TRUE
make,TRUE
generate,TRUE
prepare,TRUE
complete,TRUE
submit,TRUE
form,TRUE
write,TRUE
publish,TRUE
program,TRUE
video,TRUE
application,TRUE
copy,TRUE
result,TRUE
store,TRUE
hold,TRUE
keep,TRUE
deposit,FALSE
retain,TRUE
record,TRUE
contain,TRUE
house,TRUE
preserve,TRUE
save,TRUE
period,TRUE
time,TRUE
duration,TRUE
term,TRUE
minimum,FALSE
total,TRUE
stay,FALSE
delay,TRUE
interval,TRUE
maximum,TRUE
span,TRUE
requirement,TRUE
day,TRUE
month,TRUE
hour,TRUE
week,TRUE
year,TRUE
minute,TRUE
second,TRUE
month,TRUE
min,TRUE
day,TRUE
night,TRUE
week,TRUE
cycle,TRUE
year,TRUE
year,TRUE
move,TRUE
load,TRUE
add,TRUE
conversion,FALSE
transfer,TRUE
transfer,TRUE
go,TRUE
pass,TRUE
log,TRUE
send,TRUE
build,TRUE
move,TRUE
delivery,FALSE
storage,TRUE
database,TRUE
email,TRUE
database,TRUE
paper,TRUE
cloud,FALSE
print,TRUE
audit,FALSE
internet,TRUE
backup,FALSE
computer,TRUE
source,TRUE
medium,TRUE
electronic,FALSE
record,TRUE
processing,TRUE
production,TRUE
digital,FALSE
#,FALSE
',FALSE
current,FALSE
new,FALSE
mobile,FALSE
device,TRUE
correspond,FALSE
next,FALSE
appropriate,FALSE
initial,FALSE
late,FALSE
correct,FALSE
physical,FALSE
default,FALSE
per,FALSE
level,TRUE
allow,TRUE
enable,TRUE
upon,FALSE
send,TRUE
supply,TRUE
transmit,TRUE
add,TRUE
present,TRUE
upload,FALSE
assign,TRUE
input,TRUE
give,TRUE
submit,TRUE
return,TRUE
download,TRUE
enter,TRUE
user,TRUE
server,TRUE
user,TRUE
client,TRUE
website,TRUE
administrator,TRUE
minute,TRUE
second,TRUE
bit,TRUE
digit,TRUE
step,TRUE
moment,TRUE
time,TRUE
#,FALSE
inch,TRUE
browser,FALSE
library,TRUE
field,TRUE
directory,FALSE
meter,FALSE
word,TRUE
metre,FALSE
receiver,TRUE
module,TRUE
team,TRUE
also,FALSE
driver,TRUE
#,FALSE
controller,TRUE
full,FALSE
separate,FALSE
final,FALSE
comprehensive,FALSE
general,FALSE
continuous,FALSE
partial,FALSE
detail,FALSE
basic,FALSE
element,TRUE
line,TRUE
panel,TRUE
loop,TRUE
reliability,TRUE
background,TRUE
stability,TRUE
safety,TRUE
configuration,TRUE
compatibility,TRUE
behavior,TRUE
status,TRUE
behaviour,FALSE
compliance,TRUE
test,TRUE
assessment,TRUE
inspection,FALSE
review,TRUE
function,TRUE
task,TRUE
profile,FALSE
cpu,TRUE
include,TRUE
see,TRUE
figure,TRUE
table,TRUE
figure,TRUE
table,TRUE
image,TRUE
step,TRUE
note,TRUE
they,FALSE
order,TRUE
weapon,FALSE
these,FALSE
troop,FALSE
force,TRUE
point,TRUE
unit,TRUE
number,TRUE
skill,FALSE
we,FALSE
resource,TRUE
Personnel,FALSE
rifle,FALSE
transfer,TRUE
pass,TRUE
change,TRUE
move,TRUE
issue,TRUE
award,TRUE
applicable,FALSE
grant,TRUE
draw,TRUE
unit,TRUE
officer,TRUE
force,TRUE
commander,TRUE
troop,FALSE
formation,FALSE
command,TRUE
battalion,FALSE
squadron,TRUE
general,TRUE
army,TRUE
division,TRUE
company,TRUE
one,TRUE
section,TRUE
example,TRUE
article,TRUE
page,TRUE
part,TRUE
version,TRUE
case,TRUE
reference,TRUE
volume,TRUE
chapter,TRUE
item,TRUE
column,TRUE
element,TRUE
show,TRUE
list,TRUE
describe,TRUE
mention,TRUE
represent,TRUE
display,TRUE
example,TRUE
paragraph,TRUE
report,TRUE
reference,TRUE
entry,TRUE
chart,TRUE
case,TRUE
show,TRUE
describe,TRUE
indicate,TRUE
illustrate,FALSE
represent,TRUE
reflect,TRUE
record,TRUE
demonstrate,TRUE
detail,TRUE
display,TRUE
suggest,TRUE
cover,TRUE
evolution,FALSE
range,TRUE
progression,FALSE
change,TRUE
transition,TRUE
change,TRUE
relationship,TRUE
translation,FALSE
shift,TRUE
transformation,FALSE
progress,TRUE
text,TRUE
character,TRUE
name,TRUE
letter,TRUE
language,TRUE
text,TRUE
draft,FALSE
the,FALSE
standard,FALSE
law,TRUE
a,FALSE
special,FALSE
with,FALSE
International,FALSE
board,FALSE
earth,FALSE
board,TRUE
identify,TRUE
contain,TRUE
detect,TRUE
track,TRUE
address,TRUE
register,TRUE
store,TRUE
active,FALSE
relevant,FALSE
field,TRUE
potential,FALSE
possible,FALSE
static,FALSE
field,TRUE
position,TRUE
sensor,TRUE
vehicle,TRUE
location,TRUE
machine,TRUE
usage,TRUE
request,TRUE
configuration,TRUE
movement,TRUE
activity,TRUE
setting,TRUE
type,TRUE
location,TRUE
input,TRUE
answer,TRUE
receive,TRUE
accept,TRUE
process,TRUE
initiate,TRUE
grant,TRUE
consider,TRUE
hear,TRUE
customer,TRUE
specific,FALSE
incoming,FALSE
instruction,TRUE
feedback,TRUE
report,TRUE
call,TRUE
recommendation,TRUE
order,TRUE
response,TRUE
warning,TRUE
approval,FALSE
every,FALSE
certain,FALSE
future,FALSE
safe,FALSE
target,TRUE
battery,TRUE
sensor,TRUE
cell,TRUE
switch,TRUE
activate,TRUE
switch,TRUE
button,FALSE
control,TRUE
station,TRUE
station,TRUE
room,TRUE
car,TRUE
house,TRUE
tower,TRUE
cockpit,FALSE
laboratory,TRUE
center,TRUE
basement,FALSE
studio,TRUE
#,FALSE
previous,FALSE
precede,FALSE
last,FALSE
latter,FALSE
context,TRUE
sense,FALSE
definition,TRUE
way,TRUE
definition,TRUE
literature,FALSE
command,TRUE
virtual,FALSE
variable,FALSE
dynamic,FALSE
atomic,FALSE
memory,TRUE
#,FALSE
#,FALSE
extend,TRUE
expand,TRUE
define,TRUE
generalize,FALSE
modify,TRUE
restrict,FALSE
amend,FALSE
limit,TRUE
shorten,FALSE
widen,TRUE
refine,FALSE
enlarge,FALSE
interpret,TRUE
mean,TRUE
denote,FALSE
specify,TRUE
imply,FALSE
exclude,FALSE
refer,TRUE
express,TRUE
involve,TRUE
instruction,TRUE
interface,TRUE
object,TRUE
tool,TRUE
interpreter,FALSE
string,TRUE
stack,FALSE
type,TRUE
vector,FALSE
procedure,TRUE
action,TRUE
mechanism,TRUE
desire,TRUE
request,TRUE
specify,TRUE
successful,FALSE
enable,TRUE
alter,TRUE
affect,TRUE
order,TRUE
action,TRUE
content,TRUE
path,TRUE
hardware,TRUE
compute,TRUE
different,FALSE
authority,TRUE
NSA,FALSE
secretary,FALSE
administrator,FALSE
office,TRUE
department,FALSE
operator,TRUE
court,TRUE
allow,TRUE
require,TRUE
call,TRUE
personnel,TRUE
activity,TRUE
person,TRUE
number,TRUE
call,TRUE
register,TRUE
engage,TRUE
interested,FALSE
work,TRUE
instal,TRUE
participate,TRUE
engage,TRUE
act,TRUE
locate,TRUE
#,FALSE
#,FALSE
#,FALSE
at,FALSE
charge,TRUE
certificate,FALSE
notice,FALSE
receive,TRUE
post,TRUE
do,TRUE
execute,TRUE
respective,FALSE
individual,FALSE
operational,FALSE
pick,FALSE
break,FALSE
pop,FALSE
pop,TRUE
round,FALSE
team,FALSE
make,FALSE
line,FALSE
pick,TRUE
power,FALSE
close,FALSE
EP,FALSE
up,FALSE
single,TRUE
remix,FALSE
[,FALSE
record,FALSE
single,FALSE
attacker,TRUE
agent,TRUE
os,TRUE
entity,TRUE
engineer,TRUE
employee,TRUE
architect,FALSE
perform,TRUE
make,TRUE
request,TRUE
handle,TRUE
track,TRUE
execute,TRUE
instal,TRUE
create,TRUE
order,TRUE
manage,TRUE
implement,TRUE
report,TRUE
decision,TRUE
adjustment,TRUE
demand,TRUE
improvement,TRUE
modification,TRUE
decision,TRUE
repair,FALSE
comment,FALSE
contact,TRUE
choice,TRUE
touch,TRUE
ID,FALSE
view,TRUE
#,FALSE
window,TRUE
screen,TRUE
manager,TRUE
console,TRUE
box,TRUE
reveal,TRUE
announce,TRUE
communicate,TRUE
convey,TRUE
confirm,TRUE
predict,FALSE
signal,TRUE
public,TRUE
operator,TRUE
observer,FALSE
viewer,TRUE
player,TRUE
caller,FALSE
processor,TRUE
terminal,TRUE
printer,FALSE
node,TRUE
connection,TRUE
suite,FALSE
package,TRUE
mode,TRUE
affect,TRUE
support,TRUE
impact,TRUE
power,TRUE
trigger,TRUE
influence,TRUE
access,TRUE
inspire,TRUE
occupy,FALSE
service,TRUE
inform,TRUE
fault,TRUE
door,TRUE
gate,TRUE
entrance,TRUE
exit,TRUE
portal,TRUE
locker,FALSE
lock,TRUE
tunnel,TRUE
door,TRUE
hatch,FALSE
open,TRUE
open,FALSE
close,TRUE
lock,TRUE
seal,TRUE
unlocked,FALSE
reopen,FALSE
shut,TRUE
bar,TRUE
raise,TRUE
fill,TRUE
fix,TRUE
lift,TRUE
advance,TRUE
part,TRUE
half,TRUE
turn,TRUE
unison,FALSE
front,TRUE
place,TRUE
sequence,TRUE
anticipation,FALSE
concert,FALSE
gain,TRUE
give,TRUE
get,TRUE
block,TRUE
prevent,TRUE
permit,TRUE
increase,TRUE
visitor,FALSE
admission,FALSE
entrance,TRUE
passage,FALSE
movement,TRUE
access,FALSE
admission,FALSE
expansion,FALSE
facility,TRUE
hall,FALSE
campus,FALSE
ground,TRUE
arena,FALSE
premise,FALSE
space,TRUE
property,TRUE
close,TRUE
close,FALSE
simply,FALSE
response,TRUE
attempt,TRUE
effect,TRUE
effort,TRUE
attempt,TRUE
event,TRUE
accordance,FALSE
enter,TRUE
leave,TRUE
empty,TRUE
bypass,FALSE
expand,TRUE
destroy,FALSE
terminate,TRUE
gate,TRUE
gateway,TRUE
extend,TRUE
relocate,FALSE
direct,TRUE
widen,TRUE
take,TRUE
push,TRUE
direction,TRUE
side,TRUE
direction,TRUE
zone,TRUE
district,TRUE
track,FALSE
cover,FALSE
almost,FALSE
schedule,FALSE
behind,FALSE
include,TRUE
exist,TRUE
need,TRUE
other,FALSE
for,FALSE
no,FALSE
two,FALSE
additional,FALSE
problem,TRUE
#,FALSE
error,TRUE
defect,FALSE
report,FALSE
incident,TRUE
connect,TRUE
attach,TRUE
similar,FALSE
connect,TRUE
identical,FALSE
attach,TRUE
add,TRUE
link,TRUE
adjacent,FALSE
return,TRUE
connect,TRUE
relate,TRUE
original,FALSE
exist,TRUE
actual,FALSE
primary,FALSE
shelf,TRUE
fly,TRUE
grid,FALSE
rack,FALSE
go,TRUE
road,TRUE
wall,FALSE
counter,FALSE
air,TRUE
market,TRUE
spot,FALSE
job,TRUE
ground,TRUE
inventory,FALSE
waste,FALSE
product,TRUE
resource,TRUE
risk,TRUE
asset,FALSE
food,FALSE
energy,TRUE
collection,TRUE
base,TRUE
solution,TRUE
kit,FALSE
suitable,FALSE
reason,TRUE
purpose,TRUE
system,FALSE
central,FALSE
owner,TRUE
administrator,TRUE
automatically,FALSE
successfully,FALSE
create,TRUE
read,TRUE
store,TRUE
maintain,TRUE
find,TRUE
open,TRUE
collect,TRUE
use,TRUE
load,TRUE
manage,TRUE
enter,TRUE
process,TRUE
request,TRUE
size,TRUE
retrieve,TRUE
collect,TRUE
analyze,TRUE
update,TRUE
examine,TRUE
scan,TRUE
inspect,TRUE
table,TRUE
value,TRUE
list,TRUE
entry,TRUE
value,TRUE
appear,TRUE
enter,TRUE
arrive,TRUE
inclusion,FALSE
store,TRUE
look,TRUE
arrival,FALSE
container,FALSE
cache,FALSE
inform,TRUE
alert,TRUE
relieve,FALSE
advise,TRUE
warn,TRUE
warn,TRUE
clear,FALSE
inform,TRUE
warn,TRUE
tell,TRUE
remind,FALSE
rid,TRUE
notify,TRUE
provider,FALSE
director,TRUE
function,TRUE
issue,TRUE
in,FALSE
off,FALSE
off,TRUE
up,TRUE
in,TRUE
out,FALSE
out,TRUE
point,FALSE
direct,TRUE
deliver,TRUE
drive,TRUE
order,TRUE
carry,TRUE
conduct,TRUE
aim,TRUE
face,TRUE
absence,FALSE
presence,TRUE
wake,FALSE
eye,FALSE
midst,FALSE
vicinity,FALSE
middle,TRUE
course,TRUE
face,TRUE
pedestrian,FALSE
northbound,FALSE
southbound,FALSE
exit,TRUE
motor,TRUE
foot,FALSE
highway,TRUE
surface,TRUE
exit,TRUE
lane,TRUE
segment,FALSE
approach,TRUE
vehicle,TRUE
corridor,TRUE
interchange,TRUE
line,TRUE
route,TRUE
start,TRUE
begin,TRUE
end,TRUE
start,TRUE
open,TRUE
begin,TRUE
originate,FALSE
depart,FALSE
stop,TRUE
initially,FALSE
terminate,TRUE
freeway,TRUE
curb,FALSE
ramp,TRUE
outer,FALSE
median,FALSE
street,TRUE
southern,FALSE
roadway,TRUE
western,FALSE
eastern,FALSE
northern,FALSE
intersection,FALSE
lane,TRUE
edge,TRUE
width,FALSE
corner,FALSE
cross,TRUE
continue,TRUE
head,TRUE
extend,TRUE
proceed,TRUE
descend,FALSE
advance,TRUE
return,TRUE
run,TRUE
turn,TRUE
curve,TRUE
lead,TRUE
right,FALSE
emergency,TRUE
approach,TRUE
leave,FALSE
rear,FALSE
directly,FALSE
#,FALSE
method,TRUE
option,TRUE
feature,TRUE
channel,TRUE
format,TRUE
algorithm,TRUE
connector,FALSE
bit,TRUE
side,FALSE
click,TRUE
piece,TRUE
port,TRUE
read,TRUE
shoot,FALSE
end,TRUE
transport,TRUE
video,TRUE
addition,TRUE
relation,TRUE
regard,TRUE
regard,TRUE
parallel,FALSE
comparison,TRUE
particular,FALSE
conjunction,FALSE
control,TRUE
regulate,TRUE
peripheral,FALSE
external,FALSE
controller,TRUE
centre,TRUE
directorate,FALSE
institute,TRUE
install,TRUE
employ,TRUE
carry,TRUE
operate,TRUE
circuit,TRUE
level,TRUE
installation,TRUE
monitor,TRUE
circuit,TRUE
instrument,TRUE
receiver,TRUE
basis,TRUE
maintain,TRUE
ensure,TRUE
improve,TRUE
assess,TRUE
overall,FALSE
improve,FALSE
measure,TRUE
proper,FALSE
feature,FALSE
level,TRUE
characteristic,TRUE
test,TRUE
control,FALSE
support,TRUE
management,FALSE
aspect,TRUE
principle,FALSE
evaluation,FALSE
problem,FALSE
status,FALSE
feature,TRUE
general,FALSE
project,FALSE
program,FALSE
operational,FALSE
type,FALSE
datum,FALSE
application,FALSE
log,TRUE
log,TRUE
file,TRUE
report,TRUE
minute,TRUE
note,TRUE
list,TRUE
statistic,FALSE
statistic,FALSE
item,TRUE
folder,FALSE
column,TRUE
segment,FALSE
hold,TRUE
contain,TRUE
gather,TRUE
news,TRUE
info,FALSE
update,TRUE
question,TRUE
five,FALSE
upcoming,FALSE
10,FALSE
event,TRUE
event,FALSE
episode,FALSE
occasion,FALSE
show,TRUE
episode,FALSE
satisfy,FALSE
fulfill,FALSE
achieve,TRUE
exceed,TRUE
accomplish,TRUE
attain,FALSE
reach,TRUE
functionality,TRUE
purpose,TRUE
provision,FALSE
outline,TRUE
state,TRUE
express,TRUE
prescribe,FALSE
indicate,TRUE
section,TRUE
step,FALSE
article,FALSE
chapter,TRUE
category,FALSE
§,FALSE
title,FALSE
message,TRUE
write,TRUE
treat,TRUE
encode,TRUE
know,TRUE
render,TRUE
ii,FALSE
j,FALSE
b,FALSE
#,FALSE
#,FALSE
#,FALSE
#,FALSE
#,FALSE
#,FALSE
#,FALSE
#,FALSE
business,TRUE
#,FALSE
structure,TRUE
link,TRUE
#,FALSE
stream,TRUE
#,FALSE
warehouse,FALSE
bank,TRUE
diagram,TRUE
map,TRUE
graph,TRUE
overview,FALSE
breakdown,FALSE
index,TRUE
summary,FALSE
matrix,TRUE
description,TRUE
describe,TRUE
display,TRUE
outline,TRUE
depict,FALSE
represent,TRUE
identify,TRUE
demonstrate,TRUE
present,TRUE
define,TRUE
indicate,TRUE
explain,TRUE
give,TRUE
phase,TRUE
domain,TRUE
category,TRUE
integration,FALSE
accounting,FALSE
security,FALSE
intelligence,FALSE
communication,FALSE
administration,FALSE
communication,TRUE
search,FALSE
application,FALSE
operation,FALSE
computing,FALSE
other,TRUE
performance,TRUE
software,FALSE
Institute,FALSE
Commission,FALSE
ieee,FALSE
committee,TRUE
offer,TRUE
deliver,TRUE
incorporate,TRUE
dimensional,FALSE
point,TRUE
stage,TRUE
parameter,TRUE
word,TRUE
digit,TRUE
scheme,TRUE
tree,FALSE
alternative,TRUE
aid,TRUE
aid,TRUE
instrument,TRUE
obstacle,FALSE
integral,FALSE
assistance,FALSE
essential,FALSE
extension,TRUE
protect,TRUE
establish,TRUE
secure,TRUE
preserve,TRUE
obtain,TRUE
collect,TRUE
restore,TRUE
identify,TRUE
acquire,TRUE
develop,TRUE
keep,TRUE
enhance,TRUE
authenticity,FALSE
availability,TRUE
efficiency,FALSE
tool,TRUE
resource,TRUE
object,TRUE
asset,FALSE
alarm,TRUE
threat,TRUE
danger,FALSE
panic,FALSE
hazard,TRUE
distress,FALSE
normal,FALSE
critical,FALSE
dangerous,FALSE
failure,TRUE
problem,TRUE
bug,FALSE
attack,TRUE
charge,TRUE
contrary,FALSE
appear,TRUE
come,TRUE
glow,TRUE
remain,TRUE
flash,TRUE
look,TRUE
play,TRUE
start,TRUE
color,TRUE
colour,FALSE
mean,TRUE
pattern,TRUE
tone,FALSE
effect,TRUE
high,FALSE
low,FALSE
low,FALSE
reduce,TRUE
secondary,FALSE
optional,FALSE
advance,FALSE
clock,TRUE
#,FALSE
#,FALSE
like,FALSE
extra,FALSE
special,FALSE
code,TRUE
manner,FALSE
lead,TRUE
help,TRUE
guide,TRUE
assist,TRUE
cause,TRUE
ask,TRUE
trigger,TRUE
pilot,TRUE
obtain,TRUE
fire,TRUE
weather,FALSE
voice,TRUE
stop,TRUE
send,TRUE
destination,FALSE
dispatch,TRUE
situation,TRUE
medical,FALSE
university,TRUE
school,TRUE
team,TRUE
state,TRUE
college,FALSE
reserve,FALSE
falcon,FALSE
squad,FALSE
university,FALSE
fc,FALSE
card,TRUE
driver,TRUE
transmit,TRUE
listen,TRUE
drive,TRUE
export,FALSE
import,FALSE
packet,TRUE
card,TRUE
payment,FALSE
host,TRUE
smart,FALSE
embed,TRUE
issue,TRUE
magnetic,FALSE
use,TRUE
via,FALSE
card,TRUE
#,FALSE
contrast,TRUE
complement,FALSE
provide,TRUE
deliver,TRUE
supply,TRUE
communicating,FALSE
feed,TRUE
distribute,TRUE
offer,TRUE
present,TRUE
transmit,TRUE
share,TRUE
give,TRUE
connectivity,FALSE
guidance,FALSE
advice,FALSE
enterprise,TRUE
internal,FALSE
web,TRUE
manager,TRUE
developer,TRUE
support,TRUE
congestion,TRUE
volume,TRUE
load,TRUE
center,TRUE
provider,FALSE
professional,TRUE
department,TRUE
supply,TRUE
distribute,TRUE
pass,TRUE
feed,TRUE
exchange,TRUE
link,TRUE
customer,TRUE
client,TRUE
server,TRUE
platform,TRUE
organization,TRUE
vendor,FALSE
entity,TRUE
#,FALSE
#,FALSE
online,FALSE
it,FALSE
layer,TRUE
solution,TRUE
product,TRUE
_,FALSE
mode,TRUE
phase,TRUE
mode,FALSE
condition,TRUE
cycle,TRUE
session,TRUE
programmer,TRUE
developer,TRUE
activate,TRUE
release,TRUE
deploy,TRUE
issue,TRUE
assign,TRUE
multiple,FALSE
speed,TRUE
range,TRUE
spectrum,FALSE
domain,TRUE
limit,TRUE
band,FALSE
determine,TRUE
detect,TRUE
good,FALSE
measurement,TRUE
advantage,TRUE
account,TRUE
care,TRUE
shape,TRUE
policy,TRUE
communicate,TRUE
entire,FALSE
group,TRUE
flag,FALSE
subordinate,FALSE
independent,FALSE
single,FALSE
associate,FALSE
operate,TRUE
class,TRUE
pass,TRUE
fail,TRUE
arrive,TRUE
die,TRUE
down,FALSE
turn,TRUE
project,TRUE
corridor,FALSE
north,TRUE
bridge,TRUE
south,TRUE
west,TRUE
legal,FALSE
regulatory,FALSE
financial,FALSE
functional,FALSE
#,FALSE
structure,TRUE
format,TRUE
intend,TRUE
propose,TRUE
approve,TRUE
authorize,FALSE
select,TRUE
registration,TRUE
interaction,FALSE
plan,TRUE
contract,TRUE
schedule,TRUE
cover,TRUE
protect,TRUE
govern,FALSE
permit,TRUE
regulate,TRUE
bind,FALSE
Database,FALSE
division,FALSE
source,FALSE
corporation,FALSE
technology,FALSE
difference,TRUE
boundary,TRUE
difference,TRUE
competition,FALSE
overlap,FALSE
boundary,TRUE
cooperation,FALSE
tie,TRUE
member,TRUE
office,TRUE
#,FALSE
headquarter,FALSE
#,FALSE
respectively,FALSE
continue,TRUE
cease,TRUE
begin,TRUE
tend,TRUE
soon,FALSE
seem,TRUE
monitor,TRUE
restore,TRUE
interrupt,TRUE
load,TRUE
integrate,TRUE
allow,TRUE
introduce,TRUE
map,TRUE
put,TRUE
feed,TRUE
bus,TRUE
later,FALSE
subsequent,FALSE
designate,TRUE
moment,TRUE
rate,TRUE
route,TRUE
trip,TRUE
#,FALSE
#,FALSE
#,FALSE
member,TRUE
#,FALSE
#,FALSE
#,FALSE
phone,TRUE
usb,FALSE
replacement,FALSE
inspiration,FALSE
proposal,FALSE
sign,TRUE
plaque,FALSE
mount,TRUE
situate,FALSE
station,TRUE
position,TRUE
fit,TRUE
date,TRUE
transit,FALSE
flight,TRUE
daytime,FALSE
hour,TRUE
temperature,TRUE
weekday,FALSE
season,FALSE
train,TRUE
locomotive,FALSE
practice,TRUE
principle,TRUE
stage,TRUE
theory,TRUE
mind,FALSE
place,TRUE
survive,TRUE
travel,TRUE
orbit,FALSE
midnight,FALSE
dark,FALSE
school,TRUE
rule,FALSE
Model,FALSE
rate,FALSE
#,FALSE
goal,FALSE
service,FALSE
start,FALSE
car,TRUE
record,FALSE
unit,FALSE
#,FALSE
use,TRUE
design,TRUE
how,FALSE
ability,TRUE
allow,TRUE
and,FALSE
download,TRUE
execute,TRUE
serial,FALSE
common,FALSE
real,FALSE
#,FALSE
programming,TRUE
remotely,FALSE
task,TRUE
terminal,TRUE
plug,FALSE
drop,TRUE
dial,TRUE
build,TRUE
walk,TRUE
back,FALSE
port,TRUE
site,TRUE
inside,FALSE
this,FALSE
its,FALSE
each,FALSE
your,FALSE
every,FALSE
that,FALSE
key,TRUE
radio,TRUE
option,TRUE
mechanism,TRUE
#,FALSE
rotation,FALSE
away,FALSE
separate,TRUE
apart,FALSE
sign,TRUE
#,FALSE
logo,FALSE
designation,FALSE
terminology,FALSE
route,TRUE
broadcast,FALSE
dispatch,TRUE
along,FALSE
sign,FALSE
mark,TRUE
sign,TRUE
border,FALSE
continue,TRUE
point,TRUE
fall,TRUE
reverse,FALSE
succession,FALSE
pair,TRUE
short,FALSE
essence,FALSE
airport,FALSE
fire,TRUE
adjustment,FALSE
end,TRUE
due,FALSE
prior,FALSE
close,FALSE
relative,FALSE
missile,FALSE
new,FALSE
coordinate,TRUE
label,TRUE
together,FALSE
stamp,TRUE
equip,FALSE
label,TRUE
name,TRUE
mission,TRUE
#,FALSE
stamp,TRUE
frame,TRUE
signature,FALSE
#,FALSE
bar,TRUE
#,FALSE
#,FALSE
indicate,TRUE
indication,FALSE
date,TRUE
arrive,TRUE
launch,TRUE
initiate,TRUE
call,TRUE
either,FALSE
cancel,TRUE
delay,TRUE
cancel,TRUE
fail,TRUE
postpone,FALSE
abandon,TRUE
plan,TRUE
complete,TRUE
incomplete,FALSE
cancellation,FALSE
stall,TRUE
miss,TRUE
terminate,TRUE
delay,TRUE
miss,TRUE
unsuccessful,FALSE
lose,TRUE
ineffective,FALSE
attempt,TRUE
damage,TRUE
disable,FALSE
compromise,FALSE
plan,TRUE
mechanical,FALSE
catastrophic,FALSE
cable,TRUE
violation,FALSE
induce,TRUE
impose,TRUE
adverse,FALSE
unacceptable,FALSE
incorrect,FALSE
abnormal,FALSE
invalid,FALSE
uncertain,FALSE
unstable,FALSE
unexpected,FALSE
unknown,FALSE
accident,TRUE
noise,TRUE
sound,TRUE
housing,FALSE
manufacture,FALSE
electrical,FALSE
instant,FALSE
instance,TRUE
encode,TRUE
block,TRUE
combination,TRUE
usually,FALSE
typically,FALSE
normally,FALSE
update,TRUE
delete,FALSE
alter,TRUE
replace,TRUE
drop,TRUE
copy,TRUE
discard,FALSE
destroy,FALSE
retire,FALSE
discontinue,FALSE
unused,FALSE
mark,TRUE
scale,TRUE
date,FALSE
time,FALSE
publish,TRUE
another,FALSE
which,FALSE
limit,TRUE
previously,FALSE
already,FALSE
period,TRUE
wait,TRUE
adjust,TRUE
game,TRUE
exist,TRUE
occur,TRUE
bend,FALSE
valve,TRUE
bank,TRUE
window,TRUE
road,TRUE
brake,FALSE
gap,FALSE
shift,TRUE
orient,TRUE
align,TRUE
rotate,FALSE
bottom,FALSE
top,TRUE
complex,FALSE
3d,FALSE
infrastructure,FALSE
barrier,TRUE
marker,FALSE
gps,FALSE
parking,FALSE
navigation,FALSE
measurement,TRUE
light,TRUE
lighting,FALSE
marker,FALSE
track,TRUE
appliance,FALSE
camera,FALSE
electronic,TRUE
machinery,FALSE
instrumentation,FALSE
measure,TRUE
construct,TRUE
drive,TRUE
surround,FALSE
race,FALSE
car,TRUE
seat,FALSE
copy,TRUE
valve,TRUE
socket,FALSE
notice,FALSE
indicator,TRUE
sheet,FALSE
unique,FALSE
equal,FALSE
report,TRUE
accord,TRUE
proportional,FALSE
closure,TRUE
closing,TRUE
chain,FALSE
failure,TRUE
flaw,FALSE
fault,TRUE
variation,FALSE
accident,TRUE
weakness,FALSE
injury,TRUE
bug,FALSE
prevent,TRUE
limit,TRUE
placement,FALSE
damage,TRUE
opening,TRUE
construction,TRUE
lock,TRUE
launch,TRUE
shut,TRUE
removal,FALSE
renovation,FALSE
closing,TRUE
boarding,FALSE
destruction,FALSE
lower,TRUE
collapse,FALSE
aquarium,FALSE
investigation,TRUE
just,FALSE
immediately,FALSE
hour,TRUE
if,FALSE
right,FALSE
shortly,FALSE
or,FALSE
app,FALSE
command,TRUE
program,TRUE
anything,FALSE
activity,TRUE
action,TRUE
everything,FALSE
even,FALSE
another,FALSE
repeat,TRUE
follow,TRUE
administer,FALSE
move,TRUE
act,TRUE
fall,TRUE
act,TRUE
work,TRUE
hierarchy,FALSE
row,TRUE
cluster,FALSE
accomplish,TRUE
obey,TRUE
party,FALSE
administrative,FALSE
declare,FALSE
environmental,FALSE
extreme,FALSE
#,FALSE
bell,FALSE
noise,TRUE
km,TRUE
mile,TRUE
death,FALSE
hear,TRUE
most,FALSE
electronic,FALSE
active,FALSE
several,FALSE
touch,TRUE
current,FALSE
modern,FALSE
logic,TRUE
switch,TRUE
attachment,FALSE
may,FALSE
interface,TRUE
algorithm,TRUE
utilize,TRUE
automatic,FALSE
positive,FALSE
negative,FALSE
passive,FALSE
differential,FALSE
activation,TRUE
lock,TRUE
acceleration,FALSE
couple,FALSE
often,FALSE
combine,TRUE
albeit,FALSE
life,TRUE
interval,TRUE
regulation,TRUE
rapidly,FALSE
button,TRUE
rapid,FALSE
opening,TRUE
set,TRUE
leave,TRUE
bandwidth,FALSE
address,TRUE
x,TRUE
c,FALSE
rely,TRUE
fit,TRUE
reside,TRUE
depend,TRUE
run,TRUE
Linux,FALSE
window,FALSE
java,FALSE
Unix,FALSE
pc,TRUE
dos,FALSE
web,TRUE
chip,FALSE
style,TRUE
compatible,FALSE
back,TRUE
capable,FALSE
like,FALSE
union,FALSE
operate,TRUE
environment,TRUE
system,TRUE
game,TRUE
#,FALSE
#,FALSE
question,TRUE
#,FALSE
#,FALSE
information,TRUE
distribute,TRUE
graphic,TRUE
Act,FALSE
provision,TRUE
clause,FALSE
legislation,FALSE
mention,TRUE
outline,TRUE
regulation,TRUE
need,TRUE
duty,FALSE
qualification,FALSE
provide,TRUE
establish,TRUE
offer,TRUE
justification,FALSE
scope,TRUE
timeline,TRUE
formula,FALSE
concern,TRUE
explain,TRUE
discuss,TRUE
summarize,FALSE
review,TRUE
write,TRUE
force,TRUE
depth,FALSE
english,FALSE
bracket,FALSE
rule,FALSE
open,TRUE
open,TRUE
accessible,FALSE
apply,TRUE
assignment,TRUE
near,FALSE
immediately,FALSE
whether,FALSE
occur,TRUE
commence,FALSE
arrive,TRUE
happen,TRUE
arise,TRUE
occur,TRUE
proceed,TRUE
early,FALSE
onset,FALSE
exposure,FALSE
decide,TRUE
officer,TRUE
hold,TRUE
hang,TRUE
still,FALSE
come,TRUE
switch,TRUE
wait,TRUE
seek,TRUE
aim,TRUE
calculation,TRUE
calculation,TRUE
non,FALSE
reliable,FALSE
monthly,FALSE
iso,FALSE
address,TRUE
rate,TRUE
rating,FALSE
price,FALSE
packet,TRUE
series,TRUE
agree,TRUE
correspond,TRUE
compare,TRUE
coincide,FALSE
compare,TRUE
consistent,FALSE
combine,TRUE
agree,TRUE
correspond,TRUE
differ,TRUE
currently,FALSE
acquire,TRUE
produce,TRUE
plan,FALSE
enhance,TRUE
program,TRUE
compensate,FALSE
upgrade,TRUE
addition,TRUE
alteration,FALSE
modification,TRUE
excessive,FALSE
significant,FALSE
require,TRUE
much,FALSE
unnecessary,FALSE
extensive,FALSE
affect,TRUE
considerable,FALSE
substantial,FALSE
less,FALSE
great,FALSE
॥,FALSE
discuss,TRUE
cover,TRUE
highlight,FALSE
examine,TRUE
consider,TRUE
explore,FALSE
Suite,FALSE
server,FALSE
group,FALSE
platform,FALSE
engine,FALSE
architecture,FALSE
process,FALSE
library,FALSE
framework,FALSE
connect,TRUE
relate,TRUE
respond,TRUE
compare,TRUE
extend,TRUE
translate,TRUE
relate,TRUE
bind,TRUE
spread,FALSE
app,FALSE
industry,TRUE
operate,TRUE
perform,TRUE
serve,TRUE
develop,TRUE
deal,TRUE
container,FALSE
form,TRUE
region,TRUE
quantity,FALSE
#,FALSE
use,TRUE
draw,TRUE
view,TRUE
see,FALSE
put,FALSE
set,FALSE
find,TRUE
send,FALSE
link,TRUE
show,TRUE
bring,TRUE
guide,TRUE
change,TRUE
release,FALSE
advance,FALSE
review,FALSE
buy,TRUE
follow,FALSE
check,TRUE
save,TRUE
indicator,TRUE
design,FALSE
select,FALSE
monitor,FALSE
match,FALSE
telephone,TRUE
password,TRUE
personal,FALSE
identification,TRUE
diagnostic,FALSE
find,TRUE
calculate,TRUE
extract,FALSE
secret,FALSE
account,TRUE
objective,TRUE
goal,TRUE
intent,FALSE
intention,FALSE
mandate,FALSE
role,TRUE
vision,FALSE
idea,TRUE
priority,TRUE
strengthen,FALSE
unlock,TRUE
retain,TRUE
gap,FALSE
tunnel,TRUE
morning,TRUE
afternoon,FALSE
evening,TRUE
night,TRUE
noon,FALSE
daylight,FALSE
morning,TRUE
dawn,FALSE
sunrise,FALSE
peak,TRUE
weekend,FALSE
overnight,FALSE
lunch,FALSE
evening,TRUE
Sunday,FALSE
fall,TRUE
high,FALSE
regular,FALSE
heavy,FALSE
light,TRUE
rush,TRUE
passenger,FALSE
restriction,FALSE
zone,TRUE
schedule,TRUE
host,TRUE
organize,TRUE
cause,TRUE
organise,FALSE
stage,TRUE
attend,TRUE
arrange,TRUE
law,TRUE
nature,TRUE
Expressway,FALSE
highway,FALSE
cost,TRUE
distance,TRUE
clue,FALSE
letter,TRUE
relay,FALSE
#,FALSE
#,FALSE
#,FALSE
alone,FALSE
reduce,TRUE
minimize,TRUE
probability,FALSE
capacity,TRUE
distinguish,FALSE
train,TRUE
half,TRUE
precisely,FALSE
specially,FALSE
properly,FALSE
specifically,FALSE
legally,FALSE
strictly,FALSE
clearly,FALSE
wide,FALSE
#,FALSE
constant,FALSE
#,FALSE
within,FALSE
simplicity,FALSE
convenience,FALSE
illustration,FALSE
clarity,FALSE
kernel,TRUE
robot,FALSE
send,TRUE
receive,TRUE
make,TRUE
get,TRUE
hear,TRUE
ask,TRUE
license,TRUE
motion,TRUE
gate,FALSE
fence,FALSE
note,TRUE
assume,TRUE
say,TRUE
lift,TRUE
raise,TRUE
result,TRUE
fail,TRUE
succeed,TRUE
assurance,FALSE
impression,FALSE
explanation,TRUE
argument,FALSE
estimate,FALSE
assumption,FALSE
illusion,FALSE
opinion,FALSE
effective,FALSE
technician,FALSE
student,TRUE
recipient,FALSE
crew,FALSE
locate,TRUE
flat,FALSE
desk,FALSE
pin,FALSE
hard,FALSE
trap,FALSE
bench,FALSE
generator,FALSE
wire,TRUE
floor,FALSE
transmission,TRUE
institution,FALSE
figure,TRUE
#,FALSE
#,FALSE
phase,TRUE
stage,FALSE
#,FALSE
#,FALSE
#,FALSE
day,FALSE
#,FALSE
mb,TRUE
gb,FALSE
kHz,FALSE
frame,FALSE
#,FALSE
#,FALSE
#,FALSE
#,FALSE
#,FALSE
#,FALSE
#,FALSE
#,FALSE
#,FALSE
MHz,FALSE
always,FALSE
depend,TRUE
dependent,FALSE
click,FALSE
air,TRUE
atmospheric,FALSE
under,FALSE
high,FALSE
low,FALSE
ambient,FALSE
water,TRUE
water,TRUE
quality,FALSE
pressure,TRUE
speed,FALSE
volume,FALSE
#,FALSE
loss,FALSE
temperature,TRUE
#,FALSE
#,FALSE
composition,FALSE
as,FALSE
when,FALSE
flow,TRUE
change,TRUE
energy,TRUE
heat,TRUE
humidity,FALSE
#,FALSE
#,FALSE
#,FALSE
#,FALSE
space,FALSE
motion,FALSE
bound,FALSE
realm,FALSE
threshold,TRUE
acceptable,FALSE
absolute,FALSE
knowledge,TRUE
note,TRUE
atmosphere,FALSE
boiler,FALSE
equation,FALSE
lung,FALSE
emergency,TRUE
safety,TRUE
medical,FALSE
internal,FALSE
personal,FALSE
civil,FALSE
warning,TRUE
#,FALSE
#,FALSE
#,FALSE
vehicle,FALSE
pilot,FALSE
pulse,FALSE
detector,TRUE
manufacturer,TRUE
manufacturer,TRUE
check,TRUE
measure,TRUE
test,TRUE
evaluate,TRUE
match,TRUE
assess,TRUE
calculate,TRUE
verify,TRUE
sensitive,FALSE
rating,FALSE
analyze,TRUE
avoid,TRUE
classification,FALSE
root,TRUE
underlie,TRUE
metric,FALSE
symbol,TRUE
index,FALSE
number,FALSE
rank,FALSE
require,TRUE
involve,TRUE
become,TRUE
structural,FALSE
website,TRUE
#,FALSE
#,FALSE
#,FALSE
#,FALSE
#,FALSE
#,FALSE
#,FALSE
#,FALSE
#,FALSE
#,FALSE
#,FALSE
#,FALSE
enable,TRUE
permit,TRUE
help,TRUE
invite,FALSE
let,TRUE
assist,TRUE
encourage,TRUE
reader,TRUE
author,FALSE
share,TRUE
idea,TRUE
statement,TRUE
argument,FALSE
expect,TRUE
speaker,FALSE
raise,TRUE
silence,FALSE
select,TRUE
opportunity,FALSE
capability,TRUE
discretion,FALSE
possibility,FALSE
mean,TRUE
chance,FALSE
ignore,TRUE
pause,TRUE
repeat,TRUE
acknowledge,FALSE
interrupt,TRUE
portion,FALSE
sound,TRUE
tone,FALSE
#,FALSE
audio,TRUE
couple,FALSE
fraction,FALSE
matter,FALSE
live,TRUE
quantity,FALSE
name,TRUE
word,TRUE
term,TRUE
letter,TRUE
article,TRUE
group,TRUE
example,TRUE
title,TRUE
Dictionary,FALSE
translation,FALSE
meaning,FALSE
symbol,TRUE
description,TRUE
style,FALSE
transaction,TRUE
fleet,FALSE
squadron,TRUE
region,TRUE
plane,FALSE
division,TRUE
deliver,TRUE
implement,TRUE
support,TRUE
hold,TRUE
produce,TRUE
certificate,FALSE
hook,TRUE
mock,FALSE
warm,FALSE
box,TRUE
cap,FALSE
top,TRUE
speaker,FALSE
filter,FALSE
battery,TRUE
mirror,FALSE
motor,TRUE
metal,FALSE
radiation,FALSE
voltage,TRUE
smoke,FALSE
heat,FALSE
vibration,FALSE
chemical,FALSE
gas,TRUE
#,FALSE
#,FALSE
hole,FALSE
board,TRUE
#,FALSE
pump,FALSE
fan,FALSE
vacuum,FALSE
optical,FALSE
wireless,FALSE
laser,FALSE
electric,FALSE
gauge,FALSE
drop,TRUE
generator,FALSE
vessel,FALSE
mask,FALSE
plate,FALSE
useful,FALSE
technological,FALSE
red,FALSE
menu,FALSE
home,TRUE
color,FALSE
flag,FALSE
screen,TRUE
keyboard,TRUE
want,TRUE
see,TRUE
like,TRUE
know,TRUE
understand,TRUE
recognize,TRUE
ask,TRUE
ask,TRUE
ask,TRUE
quote,TRUE
tell,TRUE
convince,FALSE
#,FALSE
influence,TRUE
impact,TRUE
govern,TRUE
constitute,FALSE
comprise,FALSE
influence,TRUE
development,FALSE
planning,FALSE
warrant,FALSE
remove,TRUE
fix,TRUE
seize,FALSE
world,TRUE
universe,TRUE
galaxy,FALSE
UK,FALSE
nation,FALSE
city,TRUE
globe,FALSE
weight,TRUE
area,TRUE
glass,FALSE
inability,FALSE
flexibility,FALSE
capability,TRUE
trust,TRUE
experience,TRUE
training,FALSE
expertise,FALSE
skill,FALSE
clearance,FALSE
competence,FALSE
tactical,FALSE
urgent,FALSE
immediate,FALSE
credential,FALSE
typical,FALSE
demand,TRUE
average,FALSE
catalog,FALSE
capture,TRUE
acquire,TRUE
organize,TRUE
save,TRUE
defend,TRUE
recover,TRUE
rescue,TRUE
whose,FALSE
print,TRUE
post,TRUE
mistake,FALSE
defect,TRUE
trouble,FALSE
interference,FALSE
weakness,FALSE
succeed,TRUE
lie,TRUE
consist,TRUE
happen,TRUE
come,TRUE
result,TRUE
succeed,TRUE
remove,TRUE
select,TRUE
replace,TRUE
contain,TRUE
fuel,FALSE
buffer,FALSE
crash,TRUE
prohibit,FALSE
ban,TRUE
halt,TRUE
eliminate,TRUE
restrict,FALSE
stick,TRUE
pattern,TRUE
trend,FALSE
trend,FALSE
river,FALSE
turbulent,FALSE
lava,FALSE
wind,FALSE
fluid,FALSE
blood,FALSE
sewage,FALSE
candidate,FALSE
patient,FALSE
fail,TRUE
unable,FALSE
completion,TRUE
occurrence,FALSE
ahead,FALSE
occur,TRUE
allot,FALSE
reasonable,FALSE
allocate,TRUE
#,FALSE
choose,TRUE
strike,TRUE
price,FALSE
score,FALSE
fee,FALSE
rise,TRUE
sunset,FALSE
departure,FALSE
termination,TRUE
once,FALSE
shot,TRUE
clock,FALSE
run,TRUE
entry,TRUE
million,FALSE
sequence,TRUE
schedule,TRUE
collection,TRUE
valid,FALSE
credibility,FALSE
truth,FALSE
acceptance,FALSE
identity,TRUE
#,FALSE
explanation,TRUE
review,TRUE
stimulus,FALSE
refer,TRUE
relate,TRUE
refer,TRUE
answer,TRUE
attention,FALSE
situation,TRUE
qualify,FALSE
advocate,FALSE
interception,FALSE
satellite,FALSE
ip,FALSE
social,FALSE
commercial,FALSE
telecommunication,FALSE
cable,TRUE
host,TRUE
scene,FALSE
fund,FALSE
allocation,FALSE
membership,FALSE
score,FALSE
split,FALSE
share,TRUE
divide,TRUE
isolate,FALSE
sell,TRUE
mixed,FALSE
merge,FALSE
library,TRUE
project,TRUE
picture,FALSE
graph,TRUE
follow,TRUE
exhibit,TRUE
show,TRUE
chart,TRUE
reflect,TRUE
spread,FALSE
circulation,FALSE
transportation,FALSE
good,TRUE
electricity,FALSE
passenger,FALSE
cargo,FALSE
freight,FALSE
language,TRUE
country,TRUE
city,TRUE
market,TRUE
community,TRUE
island,FALSE
violate,FALSE
without,FALSE
else,FALSE
otherwise,FALSE
automatic,FALSE
fire,TRUE
difficulty,FALSE
AI,FALSE
character,TRUE
station,FALSE
center,FALSE
area,FALSE
channel,TRUE
kind,TRUE
sort,TRUE
variety,TRUE
kind,TRUE
class,TRUE
size,TRUE
commander,FALSE
weapon,FALSE
exist,TRUE
survive,TRUE
lack,TRUE
loss,TRUE
free,FALSE
end,TRUE
transfer,TRUE
redundant,FALSE
restart,FALSE
cause,TRUE
encourage,TRUE
resume,TRUE
lose,TRUE
long,FALSE
achieve,TRUE
design,TRUE
produce,TRUE
#,FALSE
harbor,FALSE
#,FALSE
nuclear,FALSE
transformation,FALSE
property,TRUE
topology,FALSE
outcome,FALSE
expression,FALSE
bring,TRUE
type,TRUE
vote,FALSE
take,TRUE
lose,TRUE
assume,TRUE
retain,TRUE
responsibility,FALSE
credit,TRUE
participant,FALSE
eliminate,TRUE
kill,TRUE
goal,FALSE
policy,FALSE
vision,FALSE
strategy,FALSE
mission,FALSE
concept,FALSE
FAA,FALSE
airline,FALSE
carrier,FALSE
Navy,FALSE
undergo,FALSE
airline,FALSE
party,TRUE
daily,FALSE
flight,TRUE
lifetime,FALSE
oracle,FALSE
IBM,FALSE
desktop,TRUE
industry,TRUE
community,TRUE
Controller,FALSE
memory,FALSE
file,FALSE
image,TRUE
authority,FALSE
commissioner,FALSE
commission,TRUE
agency,FALSE
annual,FALSE
periodic,FALSE
scenario,FALSE
awareness,FALSE
resolution,FALSE
focus,TRUE
focus,TRUE
base,TRUE
rely,TRUE
center,TRUE
incident,TRUE
disaster,FALSE
vulnerability,FALSE
use,TRUE
crisis,FALSE
conflict,FALSE
•,FALSE
thereof,FALSE
concept,TRUE
theorem,FALSE
reaction,FALSE
interaction,FALSE
phenomenon,FALSE
manipulate,FALSE
reject,TRUE
deny,TRUE
sort,TRUE
choice,TRUE
return,TRUE
save,TRUE
generate,TRUE
bring,TRUE
title,TRUE
receive,TRUE
call,TRUE
print,TRUE
move,FALSE
read,FALSE
target,TRUE
let,TRUE
hook,TRUE
function,TRUE
employee,TRUE
want,TRUE
track,TRUE
confirm,TRUE
intelligence,TRUE
body,TRUE
arm,TRUE
direct,TRUE
contact,TRUE
engage,TRUE
attack,TRUE
target,TRUE
headquarter,FALSE
HQ,FALSE
#,FALSE
territorial,FALSE
Corps,FALSE
chief,FALSE
corps,FALSE
belong,TRUE
belong,FALSE
belong,FALSE
several,FALSE
depend,TRUE
conditional,FALSE
depend,TRUE
contingent,FALSE
comment,TRUE
almost,FALSE
not,FALSE
nearly,FALSE
of,FALSE
nearly,FALSE
today,TRUE
virtually,FALSE
cellular,FALSE
vote,FALSE
voter,FALSE
vote,FALSE
vote,FALSE
poll,FALSE
candidate,FALSE
high,FALSE
majority,FALSE
well,FALSE
low,FALSE
large,FALSE
rank,FALSE
winner,FALSE
infinite,FALSE
arbitrary,FALSE
ongoing,FALSE
intermediate,FALSE
arithmetic,FALSE
evolutionary,FALSE
offence,FALSE
phrase,FALSE
sentence,FALSE
film,TRUE
animation,FALSE
music,TRUE
song,FALSE
story,TRUE
play,TRUE
reverse,TRUE
finish,TRUE
end,TRUE
pin,FALSE
register,TRUE
token,FALSE
except,FALSE
especially,FALSE
ram,FALSE
insertion,FALSE
approach,FALSE
collision,TRUE
hit,FALSE
happen,TRUE
begin,TRUE
commence,FALSE
reach,TRUE
expire,FALSE
start,TRUE
strike,TRUE
permission,FALSE
investigate,FALSE
idle,FALSE
achieve,TRUE
recovery,FALSE
slot,FALSE
see,TRUE
circumstance,FALSE
sector,FALSE
crash,TRUE
crash,TRUE
collapse,TRUE
disaster,FALSE
maintenance,TRUE
directional,FALSE
lead,TRUE
neon,FALSE
label,FALSE
deal,TRUE
associate,TRUE
inconsistent,FALSE
former,FALSE
old,FALSE
category,TRUE
go,TRUE
transition,TRUE
shift,TRUE
jump,TRUE
natural,FALSE
legitimate,FALSE
illegal,FALSE
criminal,FALSE
territory,FALSE
possibly,FALSE
temporarily,FALSE
unclear,FALSE
correction,FALSE
transform,FALSE
vary,TRUE
sufficient,FALSE
payload,FALSE
wave,FALSE
dimension,FALSE
integer,TRUE
numerical,FALSE
exact,FALSE
swap,FALSE
#,FALSE
main,FALSE
key,FALSE
typical,FALSE
major,FALSE
core,FALSE
location,FALSE
equipment,FALSE
name,FALSE
range,FALSE
structure,TRUE
base,FALSE
navigation,FALSE
attempt,TRUE
effort,TRUE
try,TRUE
seek,TRUE
help,TRUE
way,TRUE
overcome,FALSE
solve,TRUE
resolve,FALSE
combat,FALSE
remedy,FALSE
extent,FALSE
magnitude,FALSE
severity,FALSE
significance,FALSE
importance,FALSE
reality,FALSE
gravity,FALSE
consequence,FALSE
implication,FALSE
origin,FALSE
understand,TRUE
carefully,FALSE
study,TRUE
aware,FALSE
bear,TRUE
perspective,FALSE
hand,TRUE
many,FALSE
expert,FALSE
engineer,TRUE
expert,FALSE
designer,FALSE
researcher,FALSE
specialist,FALSE
scientist,TRUE
analyst,FALSE
investigator,FALSE
technician,FALSE
student,TRUE
agent,TRUE
visitor,FALSE
inspector,FALSE
erect,FALSE
mount,TRUE
wear,TRUE
shop,FALSE
#,FALSE
#,FALSE
#,FALSE
#,FALSE
#,FALSE
#,FALSE
plate,FALSE
read,TRUE
view,TRUE
wheel,FALSE
outside,TRUE
compiler,FALSE
pipeline,FALSE
sum,FALSE
combination,TRUE
subset,FALSE
compilation,FALSE
list,TRUE
message,TRUE
random,FALSE
bin,FALSE
census,FALSE
edition,TRUE
census,FALSE
milestone,FALSE
anniversary,FALSE
generation,FALSE
consult,FALSE
visit,TRUE
remember,FALSE
suffer,TRUE
rf,FALSE
uc,FALSE
CP,FALSE
u,FALSE
CO,FALSE
DC,FALSE
post,FALSE
PA,FALSE
AC,FALSE
up,FALSE
co,FALSE
cc,FALSE
Signal,FALSE
bus,FALSE
loop,TRUE
upgrade,TRUE
back,FALSE
return,TRUE
update,TRUE
upgrade,TRUE
play,TRUE
gameplay,FALSE
serve,TRUE
follow,TRUE
aforementione,FALSE
#,FALSE
optimization,FALSE
profile,FALSE
percentage,FALSE
remain,TRUE
simultaneous,FALSE
six,FALSE
assume,TRUE
guarantee,TRUE
say,TRUE
likely,FALSE
prefix,FALSE
1000,FALSE
100,FALSE
800,FALSE
64,FALSE
16,FALSE
x,FALSE
#,FALSE
i,FALSE
injection,FALSE
insight,FALSE
contribution,FALSE
job,TRUE
handle,TRUE
undertake,FALSE
dedicate,FALSE
blank,FALSE
green,FALSE
preview,FALSE
such,FALSE
both,FALSE
subsequent,FALSE
code,TRUE
feature,TRUE
gate,FALSE
elevator,FALSE
introduce,TRUE
#,FALSE
slot,FALSE
passage,FALSE
hall,FALSE
space,TRUE
line,TRUE
opposite,FALSE
usual,FALSE
fashion,FALSE
position,TRUE
#,FALSE
#,FALSE
variant,FALSE
#,FALSE
#,FALSE
#,FALSE
#,FALSE
#,FALSE
#,FALSE
since,FALSE
approve,TRUE
search,TRUE
exception,TRUE
exclusion,FALSE
abstract,FALSE
binary,FALSE
center,FALSE
field,TRUE
cell,TRUE
also,FALSE
to,FALSE
computer,TRUE
direct,FALSE
video,TRUE
#,FALSE
#,FALSE
#,FALSE
sd,FALSE
punch,FALSE
surveillance,TRUE
toll,FALSE
sewer,FALSE
barrier,TRUE
drainage,FALSE
immune,FALSE
storm,FALSE
however,FALSE
particularly,FALSE
contrast,TRUE
construct,TRUE
#,FALSE
pad,TRUE
park,TRUE
Wikipedia,FALSE
existence,FALSE
three,FALSE
various,FALSE
different,FALSE
four,FALSE
multiple,FALSE
basic,FALSE
skill,FALSE
exception,TRUE
obstacle,FALSE
lie,TRUE
stand,TRUE
sit,TRUE
path,TRUE
curve,TRUE
travel,TRUE
highway,TRUE
privacy,FALSE
threat,TRUE
terrorism,FALSE
evacuation,FALSE
batch,FALSE
xml,FALSE
statistical,FALSE
accounting,FALSE
code,TRUE
processor,TRUE
module,TRUE
accessory,FALSE
collaborate,FALSE
interact,TRUE
cooperate,FALSE
disk,TRUE
sector,FALSE
voice,TRUE
officer,TRUE
Manual,FALSE
generally,FALSE
correctly,FALSE
reply,FALSE
reply,FALSE
respond,TRUE
confirmation,FALSE
microphone,FALSE
mouse,TRUE
transmitter,FALSE
specialize,FALSE
thousand,FALSE
million,TRUE
hundred,FALSE
generation,FALSE
thousand,FALSE
percent,FALSE
reader,TRUE
child,TRUE
consumer,FALSE
player,TRUE
join,TRUE
enjoy,TRUE
#,FALSE
#,FALSE
mark,TRUE
technique,TRUE
#,FALSE
flow,TRUE
speech,FALSE
code,TRUE
#,FALSE
#,FALSE
mathematical,FALSE
preservation,FALSE
determine,TRUE
declare,FALSE
choose,TRUE
grant,TRUE
define,TRUE
national,FALSE
#,FALSE
health,TRUE
#,FALSE
brand,FALSE
#,FALSE
human,TRUE
degree,TRUE
grade,TRUE
proof,FALSE
tier,TRUE
utility,FALSE
hybrid,FALSE
instance,TRUE
piece,FALSE
dimension,FALSE
tablet,FALSE
phone,TRUE
radio,TRUE
toy,FALSE
satellite,FALSE
balloon,FALSE
pull,TRUE
head,TRUE
shortage,FALSE
leak,FALSE
tie,FALSE
deficit,FALSE
loss,TRUE
cost,TRUE
consumption,FALSE
indeed,FALSE
insufficient,FALSE
violate,FALSE
decide,TRUE
regulator,FALSE
FDA,FALSE
assess,TRUE
evaluate,TRUE
confidence,FALSE
readiness,FALSE
shall,FALSE
must,FALSE
therefore,FALSE
would,FALSE
thus,FALSE
denote,FALSE
deck,FALSE
o,FALSE
d,FALSE
z,TRUE
p,TRUE
n,FALSE
III,FALSE
v,FALSE
g,FALSE
#,FALSE
bear,TRUE
#,FALSE
#,FALSE
#,FALSE
submission,FALSE
estimate,TRUE
devote,FALSE
commit,FALSE
pertain,FALSE
unable,FALSE
need,TRUE
ready,FALSE
history,TRUE
icon,FALSE
authorization,FALSE
#,FALSE
count,TRUE
exceed,TRUE
#,FALSE
#,FALSE
#,FALSE
exceed,TRUE
exceed,TRUE
version,TRUE
page,TRUE
tech,FALSE
visibility,FALSE
intensity,FALSE
practical,FALSE
strategic,FALSE
realistic,FALSE
scientific,FALSE
theoretical,FALSE
friendly,FALSE
interpretation,FALSE
understand,TRUE
characterization,FALSE
representation,FALSE
economy,FALSE
expand,TRUE
finish,TRUE
adequate,FALSE
choose,TRUE
accelerate,FALSE
artificial,FALSE
healthy,FALSE
permanent,FALSE
player,TRUE
ship,FALSE
array,FALSE
#,FALSE
simulation,FALSE
core,TRUE
editing,FALSE
time,TRUE
continuously,FALSE
manually,FALSE
periodically,FALSE
increase,TRUE
attribute,TRUE
retention,FALSE
kilometre,FALSE
semester,FALSE
arise,TRUE
appear,TRUE
sound,TRUE
engage,TRUE
risk,TRUE
finish,TRUE
manager,FALSE
trace,TRUE
NAS,FALSE
at,FALSE
Hz,FALSE
quote,FALSE
official,FALSE
branch,TRUE
tune,FALSE
warm,FALSE
lock,FALSE
hook,FALSE
mix,FALSE
drum,FALSE
#,FALSE
convert,TRUE
translate,TRUE
sort,TRUE
scan,TRUE
transform,FALSE
far,FALSE
face,TRUE
slightly,FALSE
downstream,FALSE
clockwise,FALSE
upstream,TRUE
forward,FALSE
outward,FALSE
onward,FALSE
upwards,FALSE
backwards,FALSE
downward,FALSE
backward,FALSE
inward,FALSE
#,FALSE
#,FALSE
#,FALSE
jurisdiction,FALSE
#,FALSE
#,FALSE
#,FALSE
#,FALSE
#,FALSE
refer,TRUE
subject,FALSE
contribute,FALSE
sample,TRUE
prevent,TRUE
protect,TRUE
keep,TRUE
stop,TRUE
prevent,TRUE
benefit,TRUE
remove,TRUE
separate,TRUE
change,TRUE
reach,TRUE
alter,TRUE
observe,TRUE
display,TRUE
represent,TRUE
see,TRUE
less,FALSE
large,FALSE
well,FALSE
weak,FALSE
publication,FALSE
ministry,FALSE
ministry,FALSE
council,FALSE
government,FALSE
appearance,FALSE
tap,TRUE
booth,FALSE
fill,TRUE
charge,TRUE
responsible,FALSE
ACC,FALSE
MAC,FALSE
basis,TRUE
estate,FALSE
#,FALSE
scheduling,FALSE
android,FALSE
ios,FALSE
worldwide,FALSE
concern,TRUE
convey,TRUE
club,FALSE
applicant,FALSE
rider,FALSE
contestant,FALSE
athlete,FALSE
voter,FALSE
coach,FALSE
viewer,FALSE
listener,FALSE
subscriber,FALSE
household,FALSE
audience,FALSE
participant,FALSE
resistance,FALSE
strength,FALSE
hazard,TRUE
explosion,FALSE
fire,TRUE
fact,TRUE
government,TRUE
human,TRUE
contractor,TRUE
supplier,FALSE
agency,TRUE
authority,TRUE
yield,FALSE
rise,FALSE
architectural,FALSE
reactor,FALSE
industrial,FALSE
certification,FALSE
release,TRUE
beam,FALSE
panel,TRUE
bar,FALSE
stair,FALSE
weapon,FALSE
bridge,TRUE
bolt,FALSE
shaft,FALSE
cut,TRUE
throw,FALSE
erect,TRUE
stretch,FALSE
plain,FALSE
valley,FALSE
land,TRUE
landscape,FALSE
expanse,FALSE
bad,FALSE
truck,FALSE
can,FALSE
traveler,FALSE
patron,FALSE
rider,FALSE
resident,FALSE
depart,TRUE
cross,TRUE
escape,TRUE
junction,FALSE
beyond,FALSE
nearby,FALSE
travel,TRUE
expressway,FALSE
interstate,FALSE
turnpike,FALSE
shuttle,FALSE
#,FALSE
fare,TRUE
might,FALSE
could,FALSE
consist,TRUE
consist,TRUE
consist,TRUE
compose,FALSE
dispose,FALSE
instead,FALSE
transport,TRUE
#,FALSE
tank,FALSE
wire,TRUE
hand,FALSE
visual,FALSE
external,FALSE
assessment,TRUE
#,FALSE
#,FALSE
restore,TRUE
service,FALSE
research,FALSE
API,FALSE
exchange,FALSE
license,FALSE
meet,TRUE
election,FALSE
conference,FALSE
fair,TRUE
eclipse,FALSE
election,FALSE
assembly,FALSE
festival,FALSE
eligibility,FALSE
subscription,FALSE
technical,FALSE
membership,FALSE
r,FALSE
session,TRUE
weekend,FALSE
day,TRUE
meeting,TRUE
quarter,FALSE
trip,TRUE
compound,TRUE
compound,TRUE
generic,FALSE
incorporate,TRUE
comprise,FALSE
carry,TRUE
simultaneously,FALSE
factor,TRUE
#,FALSE
#,FALSE
mile,TRUE
m,FALSE
hour,TRUE
journey,FALSE
#,FALSE
float,FALSE
horizon,FALSE
Europe,FALSE
Canada,FALSE
Australia,FALSE
Japan,FALSE
exchange,TRUE
ideal,FALSE
improvement,TRUE
easy,FALSE
proximity,FALSE
mobility,FALSE
die,TRUE
fold,TRUE
culminate,FALSE
bring,TRUE
cause,TRUE
denial,FALSE
breach,FALSE
abuse,FALSE
disruption,FALSE
abandonment,FALSE
reduction,FALSE
coverage,FALSE
build,TRUE
straight,FALSE
roll,TRUE
cut,TRUE
clean,FALSE
runner,FALSE
shop,FALSE
toilet,FALSE
number,TRUE
form,TRUE
line,TRUE
concrete,FALSE
circular,FALSE
staircase,FALSE
land,TRUE
downtown,FALSE
engineering,FALSE
bridge,FALSE
defense,FALSE
particle,FALSE
layout,FALSE
#,FALSE
#,FALSE
reaction,FALSE
response,FALSE
boot,FALSE
disturbance,FALSE
sleep,FALSE
visible,FALSE
reflect,TRUE
announce,TRUE
recorder,FALSE
#,FALSE
pm,FALSE
pm,FALSE
#,FALSE
#,FALSE
begin,TRUE
debut,FALSE
begin,TRUE
appear,TRUE
start,TRUE
benefit,TRUE
grow,TRUE
evolve,TRUE
stem,TRUE
growth,FALSE
widen,FALSE
relocation,FALSE
extension,FALSE
road,FALSE
#,FALSE
enhance,TRUE
recommend,TRUE
grace,FALSE
insert,FALSE
try,TRUE
launch,TRUE
concept,TRUE
prepare,TRUE
correlate,FALSE
ship,FALSE
upper,FALSE
extension,TRUE
migration,FALSE
unlike,FALSE
behave,FALSE
defensive,FALSE
defense,TRUE
battle,FALSE
#,FALSE
#,FALSE
#,FALSE
replay,FALSE
double,FALSE
deem,TRUE
think,TRUE
presume,FALSE
believe,TRUE
unlikely,FALSE
launch,TRUE
pick,TRUE
prefer,TRUE
effectively,FALSE
deal,TRUE
negotiate,FALSE
compete,FALSE
ready,FALSE
willing,FALSE
interfere,FALSE
connection,TRUE
transport,TRUE
distribution,TRUE
transportation,TRUE
#,FALSE
order,TRUE
intelligent,FALSE
come,TRUE
FCC,FALSE
laboratory,FALSE
director,FALSE
altitude,FALSE
cell,TRUE
biological,FALSE
their,FALSE
wire,TRUE
shell,FALSE
disk,TRUE
surface,FALSE
bundle,FALSE
confuse,FALSE
exchange,TRUE
ship,TRUE
integrate,TRUE
reference,FALSE
†,FALSE
an,FALSE
discussion,FALSE
variety,TRUE
sentence,FALSE
cite,TRUE
reference,TRUE
unless,FALSE
react,FALSE
simple,FALSE