make,TRUE
make,TRUE
make,TRUE
make,TRUE
make,TRUE
when,FALSE
make,TRUE
be,FALSE
keep,TRUE
be,FALSE
how,FALSE
with,FALSE
keep,TRUE
where,FALSE
the,FALSE
differentiation,FALSE
inclusion,FALSE
change,TRUE
development,TRUE
interaction,TRUE
diversity,FALSE
adaptation,FALSE
selection,FALSE
growth,FALSE
recognition,FALSE
learn,FALSE
creation,FALSE
integration,FALSE
innovation,FALSE
knowledge,TRUE
evolution,FALSE
adaptation,FALSE
adjustment,FALSE
modification,FALSE
extension,TRUE
transformation,FALSE
improvement,FALSE
flexibility,FALSE
expansion,FALSE
adapt,FALSE
make,TRUE
also,FALSE
equally,FALSE
especially,FALSE
particularly,FALSE
fully,FALSE
immediately,FALSE
clearly,FALSE
consider,TRUE
individual,TRUE
researcher,FALSE
patient,FALSE
reader,TRUE
person,TRUE
public,TRUE
researcher,FALSE
community,TRUE
child,FALSE
therapist,FALSE
people,TRUE
author,FALSE
observer,FALSE
mind,FALSE
audience,FALSE
research,FALSE
design,TRUE
collaboration,FALSE
training,FALSE
variation,FALSE
change,TRUE
necessary,FALSE
possible,FALSE
involve,FALSE
present,FALSE
appropriate,FALSE
require,TRUE
applicable,FALSE
discuss,FALSE
absent,FALSE
support,TRUE
requirement,TRUE
support,TRUE
rule,TRUE
control,TRUE
standard,FALSE
principle,FALSE
protection,TRUE
design,TRUE
recommendation,TRUE
guideline,FALSE
security,TRUE
criterion,FALSE
safety,FALSE
strategy,FALSE
control,TRUE
input,TRUE
automatic,FALSE
control,TRUE
autonomous,FALSE
control,TRUE
output,FALSE
active,FALSE
electronic,FALSE
functional,FALSE
hardware,TRUE
device,TRUE
integrate,FALSE
digital,FALSE
system,TRUE
controller,FALSE
device,TRUE
signal,FALSE
power,FALSE
software,TRUE
process,TRUE
control,TRUE
interface,TRUE
interface,TRUE
controller,TRUE
activation,FALSE
system,TRUE
automation,FALSE
functionality,TRUE
safety,FALSE
management,TRUE
these,FALSE
all,FALSE
user,TRUE
computer,TRUE
such,FALSE
some,FALSE
software,TRUE
autonomous,FALSE
independence,FALSE
autonomy,FALSE
feedback,FALSE
switch,FALSE
module,TRUE
isolation,FALSE
environment,TRUE
design,TRUE
able,FALSE
use,TRUE
include,TRUE
enable,TRUE
provide,TRUE
modify,TRUE
adapt,FALSE
specify,TRUE
sufficient,FALSE
update,TRUE
set,TRUE
define,TRUE
select,TRUE
allow,TRUE
facilitate,TRUE
prevent,TRUE
enable,TRUE
avoid,TRUE
permit,TRUE
reduce,TRUE
ease,TRUE
minimize,FALSE
handle,TRUE
detect,TRUE
encourage,TRUE
promote,FALSE
use,TRUE
manipulation,FALSE
application,TRUE
operation,TRUE
movement,FALSE
installation,FALSE
removal,FALSE
attachment,FALSE
share,TRUE
datum,TRUE
input,TRUE
command,TRUE
signal,FALSE
application,TRUE
information,TRUE
memory,TRUE
component,TRUE
function,TRUE
number,TRUE
combination,TRUE
variety,TRUE
pair,FALSE
group,TRUE
series,TRUE
collection,TRUE
network,TRUE
subset,FALSE
range,TRUE
cluster,FALSE
sequence,FALSE
external,FALSE
different,FALSE
internal,FALSE
independent,FALSE
peripheral,FALSE
method,TRUE
technology,TRUE
mechanism,TRUE
unit,FALSE
option,FALSE
process,TRUE
tool,TRUE
we,FALSE
they,FALSE
to,FALSE
user,TRUE
you,FALSE
researcher,FALSE
please,FALSE
People,TRUE
critic,FALSE
many,FALSE
require,TRUE
expect,TRUE
consider,TRUE
want,TRUE
need,TRUE
request,FALSE
order,TRUE
interpret,FALSE
define,TRUE
find,TRUE
perceive,FALSE
declare,FALSE
report,TRUE
declare,FALSE
text,TRUE
incoming,FALSE
email,FALSE
sms,FALSE
detection,FALSE
message,TRUE
correction,FALSE
code,TRUE
report,TRUE
response,TRUE
code,TRUE
warning,FALSE
vector,FALSE
report,TRUE
result,TRUE
way,TRUE
place,TRUE
language,TRUE
location,TRUE
direction,TRUE
format,TRUE
position,FALSE
state,TRUE
time,TRUE
manner,FALSE
key,TRUE
form,TRUE
mouse,FALSE
search,TRUE
web,TRUE
program,TRUE
default,FALSE
computer,TRUE
human,FALSE
main,FALSE
graphical,FALSE
browser,TRUE
command,FALSE
standard,FALSE
',FALSE
project,TRUE
library,TRUE
service,TRUE
facility,FALSE
platform,TRUE
internet,TRUE
website,TRUE
site,TRUE
database,TRUE
infrastructure,TRUE
capacity,TRUE
capability,TRUE
capability,TRUE
ability,TRUE
feature,TRUE
provision,FALSE
access,TRUE
facility,FALSE
scope,FALSE
mean,TRUE
provide,TRUE
give,TRUE
offer,TRUE
ensure,TRUE
secure,TRUE
restrict,FALSE
gain,TRUE
access,FALSE
disclosure,FALSE
attention,FALSE
allocation,FALSE
connection,TRUE
subscription,FALSE
communication,TRUE
link,TRUE
link,TRUE
connection,TRUE
mapping,FALSE
transport,FALSE
wealth,FALSE
lot,FALSE
body,FALSE
mix,FALSE
multitude,FALSE
spectrum,FALSE
source,TRUE
service,TRUE
resource,TRUE
content,TRUE
database,TRUE
program,TRUE
activity,TRUE
product,TRUE
education,FALSE
technology,TRUE
audit,TRUE
assessment,FALSE
review,TRUE
accounting,FALSE
credit,FALSE
financial,FALSE
performance,TRUE
event,TRUE
inspection,FALSE
environmental,FALSE
#,FALSE
#,FALSE
trail,TRUE
track,TRUE
#,FALSE
path,FALSE
log,FALSE
#,FALSE
track,FALSE
#,FALSE
component,TRUE
unit,TRUE
mechanism,TRUE
function,TRUE
alert,FALSE
operator,TRUE
equipment,TRUE
implement,TRUE
instal,FALSE
complete,TRUE
establish,TRUE
introduce,FALSE
activate,FALSE
add,TRUE
disable,FALSE
restore,FALSE
complete,FALSE
deploy,FALSE
release,FALSE
monitor,TRUE
manage,TRUE
identify,TRUE
schedule,FALSE
record,TRUE
trigger,FALSE
predict,FALSE
analyze,FALSE
initiate,FALSE
user,TRUE
error,TRUE
transaction,FALSE
customer,FALSE
problem,FALSE
operation,FALSE
client,TRUE
compliance,FALSE
issue,TRUE
violation,FALSE
intervention,TRUE
assistance,FALSE
effort,FALSE
monitor,FALSE
supervision,FALSE
action,TRUE
include,TRUE
store,TRUE
leave,FALSE
put,TRUE
publish,FALSE
share,TRUE
add,TRUE
bring,TRUE
incorporate,FALSE
pass,FALSE
keep,TRUE
release,FALSE
account,FALSE
inventory,FALSE
app,TRUE
document,TRUE
trail,TRUE
file,TRUE
log,TRUE
tree,FALSE
detail,TRUE
fact,TRUE
documentation,TRUE
statistic,FALSE
detail,TRUE
document,TRUE
record,TRUE
info,FALSE
#,FALSE
#,FALSE
#,FALSE
#,FALSE
#,FALSE
#,FALSE
#,FALSE
#,FALSE
#,FALSE
#,FALSE
#,FALSE
#,FALSE
#,FALSE
#,FALSE
#,FALSE
intend,TRUE
mean,TRUE
expect,TRUE
develop,TRUE
plan,TRUE
expand,FALSE
say,TRUE
aim,FALSE
tailor,FALSE
create,TRUE
focus,TRUE
concentrate,FALSE
work,TRUE
build,TRUE
rely,FALSE
act,TRUE
improve,TRUE
depend,FALSE
carry,FALSE
deliver,FALSE
operate,TRUE
expand,FALSE
add,TRUE
provide,TRUE
deliver,TRUE
bring,TRUE
give,TRUE
increase,TRUE
find,TRUE
create,TRUE
offer,TRUE
identify,TRUE
reduce,TRUE
build,TRUE
generate,TRUE
intelligence,FALSE
solution,TRUE
update,FALSE
care,FALSE
advice,FALSE
help,TRUE
investigator,FALSE
police,FALSE
officer,FALSE
prosecutor,FALSE
resident,FALSE
lawyer,FALSE
citizen,FALSE
member,TRUE
business,TRUE
victim,FALSE
staff,FALSE
agency,TRUE
judge,FALSE
emergency,FALSE
operate,TRUE
conference,FALSE
meet,FALSE
back,FALSE
fire,FALSE
clean,FALSE
interrogation,FALSE
screen,TRUE
evidence,FALSE
hear,FALSE
wait,FALSE
investigation,FALSE
industry,FALSE
enforcement,FALSE
company,TRUE
keep,TRUE
department,FALSE
relate,FALSE
business,TRUE
operator,TRUE
manager,FALSE
provider,FALSE
personnel,TRUE
employee,FALSE
worker,FALSE
administrator,TRUE
professional,FALSE
owner,FALSE
specialist,FALSE
other,TRUE
individual,TRUE
agent,TRUE
partner,FALSE
stakeholder,FALSE
participant,FALSE
volunteer,FALSE
criminal,FALSE
case,TRUE
crime,TRUE
accident,FALSE
security,TRUE
fraud,FALSE
crime,TRUE
forensic,FALSE
incident,FALSE
threat,FALSE
government,TRUE
impact,FALSE
prevention,FALSE
scene,FALSE
reduction,FALSE
recovery,FALSE
coverage,FALSE
protection,FALSE
rate,TRUE
fight,FALSE
analysis,FALSE
area,TRUE
content,FALSE
information,TRUE
technology,TRUE
knowledge,FALSE
medium,TRUE
datum,TRUE
communication,TRUE
service,TRUE
network,FALSE
social,FALSE
semantic,FALSE
participation,FALSE
experience,TRUE
involvement,FALSE
engagement,FALSE
interaction,TRUE
group,TRUE
relationship,FALSE
behavior,FALSE
understanding,FALSE
change,TRUE
extend,TRUE
change,TRUE
use,TRUE
direct,FALSE
relate,TRUE
connect,FALSE
improve,TRUE
manage,TRUE
integrate,FALSE
from,FALSE
layout,FALSE
presentation,FALSE
structure,TRUE
architecture,FALSE
display,TRUE
appearance,FALSE
characteristic,TRUE
single,FALSE
common,FALSE
share,FALSE
visual,FALSE
web,TRUE
new,FALSE
relationship,FALSE
organization,TRUE
resource,TRUE
profile,TRUE
activity,TRUE
computer,TRUE
website,TRUE
organization,FALSE
project,TRUE
object,TRUE
company,TRUE
site,TRUE
small,FALSE
large,FALSE
task,FALSE
interest,TRUE
work,TRUE
peer,FALSE
large,FALSE
community,TRUE
profile,TRUE
setting,FALSE
account,FALSE
model,TRUE
tool,TRUE
method,TRUE
strategy,FALSE
technique,TRUE
approach,FALSE
option,FALSE
solution,TRUE
framework,TRUE
step,FALSE
acquire,FALSE
obtain,TRUE
gather,FALSE
preserve,FALSE
understand,TRUE
capture,FALSE
communicating,FALSE
collect,FALSE
discover,FALSE
something,FALSE
value,TRUE
importance,FALSE
benefit,FALSE
relevance,FALSE
concern,TRUE
significance,FALSE
quality,FALSE
convenience,FALSE
import,FALSE
consequence,FALSE
consumer,FALSE
participant,FALSE
viewer,FALSE
customer,TRUE
allow,TRUE
enable,TRUE
gain,TRUE
promote,FALSE
enhance,FALSE
get,TRUE
ensure,TRUE
reference,TRUE
response,TRUE
contribution,FALSE
improvement,FALSE
reference,TRUE
adjustment,FALSE
exposure,FALSE
modification,FALSE
material,FALSE
material,FALSE
medium,TRUE
topic,FALSE
file,FALSE
title,TRUE
personal,FALSE
electronic,FALSE
business,FALSE
property,FALSE
category,FALSE
publishing,FALSE
online,FALSE
domain,TRUE
image,TRUE
format,TRUE
rule,TRUE
file,TRUE
history,TRUE
term,TRUE
terminology,FALSE
absence,FALSE
presence,FALSE
face,FALSE
circumstance,FALSE
case,TRUE
occurrence,FALSE
midst,FALSE
instance,FALSE
scenario,FALSE
aftermath,FALSE
course,FALSE
event,TRUE
wake,FALSE
error,TRUE
failure,FALSE
interrupt,FALSE
bug,FALSE
programming,FALSE
failure,FALSE
fault,FALSE
backup,FALSE
physical,FALSE
battery,FALSE
loss,FALSE
fail,TRUE
crash,FALSE
damage,FALSE
fail,TRUE
problem,FALSE
disaster,FALSE
degradation,FALSE
maintain,TRUE
run,TRUE
update,TRUE
restart,FALSE
restore,TRUE
execute,FALSE
terminate,FALSE
extend,TRUE
proper,FALSE
full,FALSE
perfect,FALSE
correct,FALSE
constant,FALSE
adequate,FALSE
maximum,FALSE
continuous,FALSE
compatibility,TRUE
mode,FALSE
॥,FALSE
system,FALSE
server,FALSE
server,TRUE
search,TRUE
Google,FALSE
perform,TRUE
need,TRUE
conduct,FALSE
attempt,FALSE
require,TRUE
request,FALSE
want,TRUE
try,FALSE
run,TRUE
use,TRUE
provide,TRUE
start,TRUE
search,TRUE
check,TRUE
search,TRUE
scan,FALSE
optimization,FALSE
survey,FALSE
enter,FALSE
appear,FALSE
type,TRUE
send,TRUE
write,TRUE
call,TRUE
fill,FALSE
look,TRUE
print,TRUE
turn,FALSE
final,FALSE
test,TRUE
search,TRUE
list,TRUE
return,FALSE
end,TRUE
#,FALSE
engine,FALSE
result,TRUE
#,FALSE
register,FALSE
except,FALSE
item,TRUE
item,TRUE
entry,FALSE
name,TRUE
object,TRUE
property,FALSE
os,FALSE
right,TRUE
opportunity,FALSE
authority,FALSE
desire,FALSE
frequency,FALSE
amount,FALSE
risk,FALSE
number,TRUE
proportion,FALSE
incidence,FALSE
probability,FALSE
number,TRUE
percentage,FALSE
level,TRUE
total,FALSE
severity,FALSE
day,FALSE
year,TRUE
month,FALSE
hour,TRUE
week,FALSE
instance,FALSE
time,TRUE
minute,FALSE
cycle,FALSE
period,FALSE
incident,FALSE
point,TRUE
episode,FALSE
occasion,FALSE
violence,FALSE
termination,FALSE
employment,FALSE
attack,FALSE
action,TRUE
deployment,FALSE
terrorism,FALSE
exceed,FALSE
increase,TRUE
vary,TRUE
decrease,FALSE
equal,FALSE
differ,FALSE
reach,FALSE
exceed,TRUE
exceed,TRUE
occur,FALSE
exist,TRUE
every,FALSE
per,FALSE
minimum,FALSE
_,FALSE
hour,FALSE
day,TRUE
year,TRUE
month,TRUE
minute,FALSE
week,TRUE
digit,FALSE
period,TRUE
notice,FALSE
cycle,FALSE
interval,FALSE
term,TRUE
window,FALSE
interval,FALSE
warn,FALSE
delay,FALSE
plan,TRUE
consistency,TRUE
cooperation,FALSE
similarity,FALSE
relation,FALSE
agreement,FALSE
similarity,FALSE
conflict,FALSE
difference,FALSE
change,TRUE
equality,FALSE
relation,FALSE
problem,TRUE
navigation,TRUE
navigation,FALSE
map,TRUE
guidance,FALSE
guide,TRUE
translation,FALSE
element,TRUE
part,TRUE
aspect,FALSE
factor,FALSE
overview,FALSE
imagery,FALSE
context,TRUE
two,FALSE
map,FALSE
section,TRUE
chart,FALSE
article,TRUE
description,TRUE
channel,FALSE
tag,FALSE
content,TRUE
present,TRUE
display,TRUE
write,TRUE
describe,TRUE
show,TRUE
employ,TRUE
publish,TRUE
conjunction,TRUE
parallel,FALSE
accordance,FALSE
line,TRUE
depth,FALSE
narrative,FALSE
video,FALSE
original,FALSE
continuity,FALSE
relation,TRUE
distinction,FALSE
balance,FALSE
correlation,FALSE
contact,FALSE
description,FALSE
exploration,FALSE
observation,FALSE
element,TRUE
part,TRUE
aspect,TRUE
model,TRUE
one,TRUE
one,TRUE
article,TRUE
view,TRUE
version,TRUE
portion,FALSE
section,FALSE
provider,TRUE
maintain,TRUE
ensure,TRUE
achieve,FALSE
verify,FALSE
determine,FALSE
assess,TRUE
check,FALSE
demonstrate,FALSE
measure,FALSE
indicate,FALSE
confirm,FALSE
prove,FALSE
address,TRUE
obtain,TRUE
expert,FALSE
everyone,FALSE
anyone,FALSE
confidence,FALSE
someone,FALSE
relevant,FALSE
graphic,FALSE
diagram,FALSE
column,FALSE
literature,FALSE
module,TRUE
link,TRUE
agency,TRUE
court,FALSE
agent,TRUE
government,FALSE
driver,FALSE
general,FALSE
question,FALSE
particular,FALSE
India,FALSE
Mexico,FALSE
Singapore,FALSE
Afghanistan,FALSE
Pakistan,FALSE
China,FALSE
Washington,FALSE
sweden,FALSE
France,FALSE
Canada,FALSE
force,TRUE
get,TRUE
modify,TRUE
adjust,FALSE
alter,FALSE
manipulate,FALSE
cause,TRUE
utilize,FALSE
speak,FALSE
talk,FALSE
respond,FALSE
appeal,FALSE
connect,FALSE
communicate,FALSE
refer,FALSE
attend,FALSE
cater,FALSE
point,TRUE
question,FALSE
threat,FALSE
call,TRUE
situation,FALSE
event,TRUE
traffic,FALSE
complaint,FALSE
riot,FALSE
reaction,FALSE
jail,FALSE
free,FALSE
spare,FALSE
leisure,FALSE
screen,TRUE
available,FALSE
travel,FALSE
lose,FALSE
waste,FALSE
waste,FALSE
real,FALSE
dictionary,FALSE
product,TRUE
implement,TRUE
feature,TRUE
contain,TRUE
remain,FALSE
follow,TRUE
become,TRUE
language,TRUE
drag,FALSE
lift,FALSE
resistance,FALSE
pressure,FALSE
fatigue,FALSE
wear,FALSE
distortion,FALSE
load,FALSE
motion,FALSE
avoid,TRUE
allow,TRUE
follow,TRUE
remove,FALSE
replace,FALSE
algorithm,FALSE
encryption,FALSE
receiver,FALSE
machine,FALSE
protocol,TRUE
perform,TRUE
employ,TRUE
processing,TRUE
storage,TRUE
filter,FALSE
record,TRUE
edit,FALSE
compression,FALSE
log,FALSE
preservation,FALSE
store,TRUE
raw,FALSE
encode,FALSE
transmit,FALSE
collect,FALSE
record,TRUE
underlie,FALSE
value,TRUE
for,FALSE
help,TRUE
allow,TRUE
enable,TRUE
free,FALSE
encourage,FALSE
ask,TRUE
encourage,FALSE
developer,TRUE
reader,TRUE
we,FALSE
create,TRUE
see,TRUE
remove,FALSE
read,TRUE
save,FALSE
install,FALSE
edit,TRUE
download,TRUE
construct,FALSE
profile,FALSE
app,TRUE
page,TRUE
biography,FALSE
non,FALSE
pre,FALSE
self,FALSE
vendor,FALSE
manufacturer,FALSE
otherwise,FALSE
sub,FALSE
already,FALSE
post,FALSE
specific,FALSE
friendly,FALSE
generate,TRUE
submit,FALSE
drive,FALSE
initiate,FALSE
center,FALSE
upload,FALSE
attribute,FALSE
parameter,FALSE
support,TRUE
unavailable,FALSE
need,TRUE
desire,TRUE
visitor,FALSE
select,TRUE
drop,FALSE
switch,TRUE
compare,FALSE
page,TRUE
window,FALSE
facebook,FALSE
it,FALSE
processor,FALSE
kernel,FALSE
core,FALSE
network,TRUE
communication,TRUE
area,TRUE
configuration,TRUE
maintenance,FALSE
route,FALSE
operational,FALSE
revision,FALSE
#,FALSE
assurance,FALSE
layer,TRUE
layer,TRUE
protocol,TRUE
view,TRUE
see,TRUE
classify,FALSE
treat,FALSE
build,TRUE
package,FALSE
along,FALSE
implementation,TRUE
minor,FALSE
image,TRUE
line,TRUE
file,TRUE
area,TRUE
text,FALSE
chart,FALSE
picture,FALSE
those,FALSE
book,TRUE
paper,TRUE
photo,FALSE
program,TRUE
combine,TRUE
contrast,FALSE
mixed,FALSE
associate,FALSE
compatible,FALSE
match,TRUE
fill,TRUE
#,FALSE
match,TRUE
align,FALSE
consistent,FALSE
compare,FALSE
contrast,TRUE
background,FALSE
correspond,FALSE
small,FALSE
choose,TRUE
well,FALSE
primary,FALSE
image,TRUE
picture,TRUE
color,TRUE
picture,FALSE
photo,FALSE
scene,FALSE
music,FALSE
colour,TRUE
arrange,FALSE
render,TRUE
cover,TRUE
handle,TRUE
organize,FALSE
adjust,TRUE
place,TRUE
mark,FALSE
decorate,FALSE
fashion,FALSE
sense,FALSE
measure,FALSE
degree,FALSE
way,TRUE
pattern,FALSE
affect,FALSE
disturb,FALSE
disrupt,FALSE
involve,TRUE
block,FALSE
limit,FALSE
#,FALSE
#,FALSE
perception,FALSE
effect,FALSE
integrity,FALSE
representation,FALSE
accuracy,FALSE
film,FALSE
include,TRUE
class,FALSE
category,FALSE
level,FALSE
rating,FALSE
zone,FALSE
index,FALSE
interactive,FALSE
neural,FALSE
simplify,FALSE
edit,FALSE
extend,TRUE
balance,FALSE
change,TRUE
tune,FALSE
redesign,FALSE
render,FALSE
show,TRUE
auto,FALSE
multi,FALSE
meta,FALSE
counter,FALSE
well,FALSE
retrieve,FALSE
move,TRUE
Sunday,FALSE
sunday,FALSE
later,FALSE
first,FALSE
\,FALSE
early,FALSE
#,FALSE
#,FALSE
10,FALSE
#,FALSE
#,FALSE
12,FALSE
#,FALSE
#,FALSE
#,FALSE
#,FALSE
#,FALSE
#,FALSE
#,FALSE
#,FALSE
#,FALSE
semester,FALSE
quarter,FALSE
season,FALSE
week,FALSE
possess,FALSE
produce,TRUE
develop,TRUE
paper,TRUE
energy,FALSE
audio,FALSE
sound,FALSE
instrument,FALSE
store,FALSE
display,TRUE
receive,FALSE
analyze,TRUE
manage,TRUE
release,FALSE
publish,TRUE
distribute,FALSE
news,TRUE
everything,FALSE
#,FALSE
conflict,FALSE
interference,FALSE
collapse,FALSE
separation,FALSE
discrimination,FALSE
apply,TRUE
do,TRUE
utilize,FALSE
scheme,FALSE
client,TRUE
NSA,FALSE
accept,TRUE
adopt,FALSE
network,TRUE
compute,FALSE
multiplayer,FALSE
play,TRUE
distribution,FALSE
title,TRUE
version,TRUE
#,FALSE
story,FALSE
book,TRUE
#,FALSE
#,FALSE
form,TRUE
sentence,FALSE
#,FALSE
photo,FALSE
illustration,FALSE
review,FALSE
home,FALSE
discussion,FALSE
archive,FALSE
style,TRUE
family,FALSE
office,FALSE
journal,FALSE
table,FALSE
aid,FALSE
guide,FALSE
board,FALSE
list,TRUE
note,FALSE
even,FALSE
online,FALSE
desktop,FALSE
internet,TRUE
sheet,FALSE
paper,TRUE
wish,TRUE
like,TRUE
prefer,FALSE
refuse,FALSE
wait,FALSE
continue,FALSE
tend,FALSE
scan,FALSE
translate,FALSE
access,TRUE
print,TRUE
process,TRUE
sort,FALSE
likely,FALSE
liable,FALSE
know,TRUE
deem,FALSE
guarantee,FALSE
believe,TRUE
suppose,FALSE
advise,FALSE
assume,FALSE
node,FALSE
achieve,FALSE
#,FALSE
function,TRUE
task,TRUE
operation,FALSE
check,FALSE
test,FALSE
inability,FALSE
deficiency,FALSE
violation,FALSE
injury,FALSE
condition,TRUE
weakness,FALSE
due,FALSE
harmful,FALSE
cause,FALSE
attribute,TRUE
happen,FALSE
fatal,FALSE
confine,FALSE
destructive,FALSE
trace,FALSE
connect,FALSE
commit,FALSE
catastrophic,FALSE
member,TRUE
source,TRUE
unit,FALSE
center,FALSE
centre,FALSE
station,FALSE
division,FALSE
program,FALSE
group,FALSE
act,TRUE
serve,TRUE
serve,TRUE
act,TRUE
serve,TRUE
work,TRUE
operate,TRUE
function,TRUE
exist,TRUE
act,TRUE
double,FALSE
hub,FALSE
medium,TRUE
basis,FALSE
base,TRUE
vehicle,FALSE
gateway,FALSE
center,FALSE
portal,FALSE
bridge,FALSE
cultural,FALSE
virtual,FALSE
message,TRUE
exchange,TRUE
exchange,TRUE
exchange,TRUE
transfer,FALSE
flow,FALSE
transmission,FALSE
interchange,FALSE
transfer,FALSE
military,FALSE
citizen,TRUE
army,FALSE
civilian,FALSE
soldier,FALSE
civilian,FALSE
civil,FALSE
student,FALSE
authority,FALSE
governmental,FALSE
foreign,FALSE
professional,FALSE
official,FALSE
force,TRUE
department,FALSE
station,FALSE
entity,FALSE
person,TRUE
jump,FALSE
transform,FALSE
proceed,FALSE
go,FALSE
convert,FALSE
use,TRUE
type,TRUE
quality,TRUE
feature,TRUE
structure,TRUE
classification,FALSE
resolution,FALSE
composition,FALSE
table,FALSE
read,TRUE
study,FALSE
analysis,FALSE
shade,FALSE
form,TRUE
text,TRUE
read,TRUE
display,FALSE
find,TRUE
contain,TRUE
screen,TRUE
table,FALSE
fly,FALSE
keyboard,FALSE
board,FALSE
panel,FALSE
front,FALSE
take,TRUE
take,TRUE
take,TRUE
take,TRUE
take,TRUE
take,TRUE
bear,FALSE
draw,TRUE
hold,TRUE
play,FALSE
carry,TRUE
consideration,FALSE
perspective,FALSE
hand,FALSE
graphic,FALSE
various,FALSE
detail,FALSE
write,TRUE
handwriting,FALSE
spatial,FALSE
character,FALSE
temporal,FALSE
linguistic,FALSE
literary,FALSE
size,TRUE
height,FALSE
width,FALSE
speed,FALSE
angle,FALSE
length,FALSE
size,FALSE
space,FALSE
resolution,FALSE
dimension,FALSE
condition,FALSE
property,FALSE
application,TRUE
Digital,FALSE
Microsoft,FALSE
open,FALSE
virtual,FALSE
engineering,TRUE
administration,FALSE
standard,TRUE
foundation,FALSE
set,TRUE
developer,FALSE
editor,FALSE
age,FALSE
policy,TRUE
situation,FALSE
touch,FALSE
simulation,FALSE
line,TRUE
#,FALSE
#,FALSE
scheme,FALSE
source,TRUE
set,TRUE
scenario,FALSE
environment,TRUE
comment,TRUE
effect,FALSE
policy,FALSE
decision,FALSE
constraint,FALSE
statement,FALSE
major,FALSE
domain,TRUE
premise,FALSE
experience,TRUE
API,FALSE
open,FALSE
suitable,FALSE
ready,FALSE
accessible,FALSE
easy,FALSE
transparent,FALSE
target,FALSE
flexible,FALSE
delivery,FALSE
view,TRUE
cloud,FALSE
ip,FALSE
pc,FALSE
Linux,FALSE
java,FALSE
Unix,FALSE
base,TRUE
aware,FALSE
wide,FALSE
orient,FALSE
capable,FALSE
server,TRUE
impose,TRUE
meet,TRUE
satisfy,FALSE
place,TRUE
bear,FALSE
restriction,FALSE
limitation,FALSE
cost,TRUE
cost,TRUE
overhead,FALSE
censorship,FALSE
limitation,FALSE
penalty,FALSE
barrier,FALSE
host,FALSE
mobile,FALSE
target,FALSE
host,TRUE
entire,FALSE
#,FALSE
level,TRUE
capacity,TRUE
platform,TRUE
building,FALSE
variant,FALSE
vehicle,FALSE
designate,FALSE
list,TRUE
number,TRUE
code,TRUE
assign,TRUE
rate,FALSE
standardize,FALSE
give,TRUE
identify,TRUE
express,FALSE
edition,FALSE
volume,TRUE
Manual,FALSE
simple,FALSE
multiple,FALSE
alternative,FALSE
new,FALSE
limit,FALSE
two,FALSE
print,TRUE
Non,FALSE
standard,FALSE
alternative,FALSE
pdf,FALSE
print,TRUE
support,TRUE
read,TRUE
copy,FALSE
copy,FALSE
book,TRUE
manuscript,FALSE
paragraph,FALSE
word,TRUE
spread,FALSE
fold,FALSE
stretch,FALSE
spread,FALSE
distribute,FALSE
run,TRUE
structure,TRUE
compress,FALSE
scatter,FALSE
usually,FALSE
row,FALSE
column,FALSE
frame,FALSE
region,FALSE
region,FALSE
font,TRUE
publication,FALSE
circulation,FALSE
scan,FALSE
usage,TRUE
publisher,FALSE
printer,TRUE
copyright,FALSE
edition,FALSE
variant,FALSE
reproduction,FALSE
render,FALSE
side,FALSE
version,FALSE
replica,FALSE
produce,TRUE
offer,FALSE
present,TRUE
contain,TRUE
print,TRUE
store,FALSE
deliver,TRUE
offer,TRUE
describe,TRUE
save,FALSE
show,TRUE
shape,FALSE
publisher,FALSE
b,FALSE
color,TRUE
subject,TRUE
local,FALSE
topic,FALSE
debate,FALSE
immediate,FALSE
surround,FALSE
geographical,FALSE
educational,FALSE
multimedia,FALSE
sensory,FALSE
ownership,FALSE
availability,FALSE
consumption,FALSE
play,TRUE
play,TRUE
hold,TRUE
occupy,FALSE
fill,FALSE
carry,FALSE
assume,FALSE
role,TRUE
role,TRUE
factor,FALSE
role,TRUE
player,FALSE
influence,FALSE
ingredient,FALSE
editing,FALSE
screen,TRUE
visual,FALSE
graphic,FALSE
picture,TRUE
write,TRUE
programming,FALSE
action,TRUE
animation,FALSE
character,FALSE
language,TRUE
process,TRUE
technique,TRUE
interpretation,FALSE
mean,TRUE
expression,FALSE
type,TRUE
passage,FALSE
corpus,FALSE
manuscript,FALSE
accomplish,FALSE
facilitate,FALSE
aid,TRUE
improve,TRUE
enhance,FALSE
accompany,FALSE
guide,TRUE
encourage,FALSE
assist,FALSE
undertake,FALSE
procedure,FALSE
strategy,FALSE
measure,TRUE
practice,TRUE
include,TRUE
whether,FALSE
namely,FALSE
without,FALSE
avoid,TRUE
involve,TRUE
addition,TRUE
production,FALSE
formation,FALSE
introduction,FALSE
repetition,FALSE
composition,FALSE
construction,FALSE
phrase,FALSE
word,FALSE
#,FALSE
piece,FALSE
clip,FALSE
burst,FALSE
fragment,FALSE
sequence,FALSE
pause,FALSE
division,FALSE
break,FALSE
split,FALSE
subdivision,FALSE
cut,FALSE
divide,FALSE
fold,FALSE
group,TRUE
split,FALSE
sort,FALSE
break,FALSE
sentence,FALSE
story,FALSE
chapter,FALSE
segment,FALSE
portion,FALSE
placement,FALSE
short,FALSE
certain,FALSE
brief,FALSE
simply,FALSE
directly,FALSE
either,FALSE
often,FALSE
light,FALSE
title,TRUE
dialogue,FALSE
descriptive,FALSE
#,FALSE
#,FALSE
#,FALSE
#,FALSE
#,FALSE
#,FALSE
#,FALSE
approach,TRUE
adopt,FALSE
propose,FALSE
suggest,FALSE
achieve,TRUE
fulfil,FALSE
reach,FALSE
address,FALSE
implement,TRUE
satisfy,FALSE
pursue,FALSE
realize,FALSE
balance,FALSE
complete,TRUE
support,TRUE
goal,TRUE
objective,FALSE
benefit,FALSE
aim,TRUE
end,TRUE
advantage,FALSE
outcome,FALSE
supply,FALSE
help,TRUE
present,TRUE
assist,FALSE
engage,FALSE
consumer,FALSE
designer,FALSE
child,FALSE
player,FALSE
opportunity,FALSE
suggestion,FALSE
idea,TRUE
tip,FALSE
adjust,FALSE
apply,TRUE
fit,FALSE
alter,FALSE
use,TRUE
expand,FALSE
game,TRUE
accord,FALSE
relative,FALSE
preference,FALSE
advantage,FALSE
mail,TRUE
one,FALSE
he,FALSE
anyone,FALSE
student,FALSE
player,FALSE
it,FALSE
exploit,FALSE
channel,FALSE
obtain,FALSE
extract,FALSE
collect,FALSE
receive,FALSE
retrieve,FALSE
hide,FALSE
gather,FALSE
seek,FALSE
acquire,FALSE
steal,FALSE
draw,TRUE
praise,FALSE
thank,FALSE
letter,FALSE
approval,FALSE
respect,FALSE
permission,FALSE
money,FALSE
aid,FALSE
funding,FALSE
not,FALSE
stop,FALSE
without,FALSE
by,FALSE
never,FALSE
prevent,FALSE
prevent,FALSE
potentially,FALSE
many,FALSE
unnecessary,FALSE
unwanted,FALSE
previously,FALSE
window,TRUE
door,FALSE
window,TRUE
extension,FALSE
lock,FALSE
icon,FALSE
preview,FALSE
destination,FALSE
flash,FALSE
green,FALSE
pop,TRUE
dial,FALSE
pop,TRUE
sign,FALSE
bottom,FALSE
start,TRUE
top,FALSE
plug,FALSE
close,FALSE
flip,FALSE
mark,FALSE
pull,FALSE
box,FALSE
open,TRUE
unlocked,FALSE
suit,FALSE
become,TRUE
defeat,FALSE
finish,FALSE
pass,FALSE
implement,TRUE
help,TRUE
conclude,FALSE
fail,FALSE
programmer,FALSE
visitor,FALSE
attacker,FALSE
administrator,TRUE
owner,FALSE
architecture,FALSE
manager,FALSE
mode,FALSE
management,FALSE
would,FALSE
must,FALSE
shall,FALSE
could,FALSE
may,FALSE
help,TRUE
ensure,TRUE
keep,TRUE
go,TRUE
evolve,FALSE
prior,FALSE
conform,FALSE
accordingly,FALSE
similar,FALSE
appropriately,FALSE
current,FALSE
iso,FALSE
specification,FALSE
specification,FALSE
regard,TRUE
regard,TRUE
comparison,FALSE
maintain,TRUE
exist,TRUE
structure,TRUE
type,TRUE
definition,FALSE
#,FALSE
three,FALSE
date,TRUE
procedure,TRUE
perform,TRUE
exploit,FALSE
#,FALSE
engineer,FALSE
scientist,FALSE
observer,FALSE
intend,TRUE
choose,TRUE
attempt,TRUE
aim,FALSE
try,TRUE
inspect,FALSE
assess,TRUE
verify,FALSE
evaluate,FALSE
understand,TRUE
examine,TRUE
locate,TRUE
unlock,FALSE
load,TRUE
recover,FALSE
hold,TRUE
second,FALSE
gb,FALSE
percent,FALSE
mb,FALSE
mm,FALSE
load,TRUE
deliver,TRUE
recover,FALSE
ship,FALSE
empty,FALSE
clean,FALSE
retrieve,TRUE
purchase,FALSE
digit,TRUE
step,FALSE
second,FALSE
minute,FALSE
volume,FALSE
quantity,FALSE
lack,FALSE
density,FALSE
cell,FALSE
room,FALSE
seat,FALSE
package,FALSE
note,TRUE
so,FALSE
give,TRUE
note,TRUE
consider,TRUE
assume,FALSE
difference,FALSE
clause,FALSE
dimension,FALSE
rule,TRUE
office,FALSE
department,FALSE
branch,FALSE
section,FALSE
Bureau,FALSE
committee,FALSE
board,FALSE
officer,FALSE
service,FALSE
promote,FALSE
manage,TRUE
extend,FALSE
address,FALSE
assist,FALSE
practice,TRUE
purpose,TRUE
mission,FALSE
establish,TRUE
develop,TRUE
produce,TRUE
form,TRUE
discuss,FALSE
proceeding,FALSE
meeting,FALSE
session,FALSE
hearing,FALSE
conduct,FALSE
respective,FALSE
legal,FALSE
allege,FALSE
follow,TRUE
goal,TRUE
objective,FALSE
success,FALSE
emphasis,FALSE
#,FALSE
#,FALSE
#,FALSE
#,FALSE
focus,TRUE
concentrate,FALSE
centre,FALSE
focus,TRUE
dependent,FALSE
intent,FALSE
focus,TRUE
found,FALSE
concentrate,FALSE
restore,FALSE
raise,FALSE
enlist,FALSE
police,TRUE
Police,FALSE
senior,FALSE
sector,FALSE
workforce,FALSE
leadership,FALSE
policeman,FALSE
stand,FALSE
serve,TRUE
locate,FALSE
live,FALSE
position,FALSE
remain,FALSE
outer,FALSE
lead,TRUE
competitive,FALSE
northern,FALSE
defensive,FALSE
field,TRUE
disciplinary,FALSE
administrative,FALSE
corporate,FALSE
political,FALSE
street,FALSE
edge,TRUE
edge,TRUE
station,FALSE
centre,FALSE
desk,FALSE
coordinate,FALSE
oversee,FALSE
handle,TRUE
night,TRUE
day,FALSE
evening,FALSE
morning,FALSE
moment,FALSE
afternoon,FALSE
everyday,FALSE
dusk,FALSE
tomorrow,FALSE
night,FALSE
Friday,FALSE
noon,FALSE
life,TRUE
live,FALSE
responsibility,FALSE
patrol,FALSE
whole,FALSE
official,FALSE
responsible,FALSE
revise,FALSE
mandatory,FALSE
essential,FALSE
valid,FALSE
international,FALSE
technical,FALSE
future,FALSE
#,FALSE
#,FALSE
#,FALSE
#,FALSE
#,FALSE
entry,FALSE
recognize,FALSE
xml,FALSE
gps,FALSE
NFC,FALSE
usb,FALSE
basic,FALSE
prefer,FALSE
maximum,FALSE
total,FALSE
zero,FALSE
human,FALSE
critical,FALSE
good,FALSE
high,FALSE
good,FALSE
well,FALSE
great,FALSE
computational,FALSE
creative,FALSE
overall,FALSE
conscious,FALSE
efficiency,TRUE
complexity,FALSE
difficulty,FALSE
difficult,FALSE
cognitive,FALSE
mental,FALSE
manual,FALSE
effort,TRUE
navigate,FALSE
capture,FALSE
piece,TRUE
kind,TRUE
genre,FALSE
terrain,FALSE
land,FALSE
ground,FALSE
scenery,FALSE
habitat,FALSE
reduce,TRUE
minimal,FALSE
limit,TRUE
increase,TRUE
significant,FALSE
keep,TRUE
restrict,FALSE
unlimited,FALSE
state,TRUE
ability,FALSE
skill,FALSE
faculty,FALSE
think,FALSE
think,FALSE
plan,TRUE
decision,FALSE
vision,FALSE
choice,FALSE
mode,FALSE
algorithm,FALSE
pattern,FALSE
expectation,FALSE
attitude,FALSE
behavior,FALSE
intention,FALSE
interest,TRUE
brain,FALSE
bring,TRUE
call,TRUE
hold,TRUE
draw,FALSE
#,FALSE
#,FALSE
#,FALSE
enhance,TRUE
boost,FALSE
advance,FALSE
assist,FALSE
student,FALSE
drive,FALSE
passenger,FALSE
satisfaction,FALSE
productivity,FALSE
comfort,FALSE
a,FALSE
more,FALSE
most,FALSE
any,FALSE
other,FALSE
less,FALSE
very,FALSE
common,FALSE
another,FALSE
name,TRUE
symbol,FALSE
concept,TRUE
label,FALSE
expression,FALSE
character,FALSE
notation,FALSE
route,FALSE
cable,FALSE
node,FALSE
useful,FALSE
within,FALSE
outside,FALSE
inside,FALSE
across,FALSE
around,FALSE
route,FALSE
supplement,FALSE
confuse,FALSE
pair,FALSE
distinguish,FALSE
synonymous,FALSE
meaning,FALSE
sign,FALSE
pilot,FALSE
diver,FALSE
recipient,FALSE
depend,TRUE
contingent,FALSE
rely,FALSE
depend,TRUE
depend,TRUE
base,TRUE
conditional,FALSE
depend,TRUE
expertise,TRUE
taste,FALSE
skill,FALSE
nautical,FALSE
maritime,FALSE
marine,FALSE
aviation,FALSE
geographic,FALSE
world,FALSE
possibility,FALSE
likelihood,FALSE
intention,FALSE
several,FALSE
observe,FALSE
explore,FALSE
instrument,FALSE
guide,TRUE
scientific,FALSE
theoretical,FALSE
conceptual,FALSE
organize,FALSE
fundamental,FALSE
principle,TRUE
principle,TRUE
theory,FALSE
spirit,FALSE
philosophy,FALSE
wheel,FALSE
idea,FALSE
thread,FALSE
figure,FALSE
#,FALSE
characterization,FALSE
evaluation,FALSE
identification,FALSE
put,TRUE
have,FALSE
place,FALSE
get,TRUE
read,TRUE
monitor,TRUE
set,TRUE
be,FALSE
Map,FALSE
both,FALSE
sensor,FALSE
represent,FALSE
shelf,FALSE
margin,FALSE
margin,FALSE
middle,FALSE
begin,TRUE
magazine,FALSE
newspaper,FALSE
supplement,FALSE
external,FALSE
miss,FALSE
direct,FALSE
find,TRUE
support,TRUE
link,TRUE
towards,FALSE
proposal,FALSE
open,TRUE
open,TRUE
introduce,FALSE
launch,FALSE
indicate,FALSE
shop,FALSE
glass,FALSE
house,FALSE
studio,FALSE
gallery,FALSE
wrap,FALSE
examine,TRUE
illustrate,FALSE
take,TRUE
an,FALSE
give,TRUE
take,TRUE
on,FALSE
full,FALSE
charge,FALSE
stock,FALSE
responsibility,FALSE
diverse,FALSE
differ,TRUE
vary,FALSE
behaviour,FALSE
routine,FALSE
instruction,FALSE
demand,TRUE
supply,FALSE
consider,TRUE
design,TRUE
compare,FALSE
choose,TRUE
select,TRUE
define,TRUE
describe,TRUE
determine,FALSE
discuss,FALSE
evaluate,FALSE
examine,TRUE
assess,FALSE
transportation,FALSE
flight,FALSE
#,FALSE
path,TRUE
organizational,FALSE
pathway,FALSE
direction,TRUE
group,FALSE
population,FALSE
organisation,FALSE
category,FALSE
zone,FALSE
band,FALSE
movement,FALSE
logistic,FALSE
entertainment,FALSE
desire,TRUE
cluster,FALSE
association,FALSE
team,FALSE
enter,FALSE
incorporate,TRUE
registry,FALSE
vocabulary,FALSE
methodology,FALSE
syntax,FALSE
teach,FALSE
code,TRUE
forum,FALSE
cooperation,FALSE
•,FALSE
risk,FALSE
consequence,FALSE
impact,FALSE
say,TRUE
destroy,FALSE
replace,TRUE
fix,FALSE
forget,FALSE
erase,FALSE
impose,FALSE
force,TRUE
inflict,FALSE
execute,FALSE
variable,FALSE
victim,FALSE
suspect,FALSE
witness,FALSE
friend,FALSE
jurisdiction,FALSE
motive,FALSE
conspiracy,FALSE
this,FALSE
game,FALSE
memory,FALSE
image,TRUE
turn,TRUE
feel,TRUE
#,FALSE
council,FALSE
EU,FALSE
country,FALSE
Commission,FALSE
state,FALSE
society,FALSE
organisation,FALSE
association,FALSE
law,FALSE
Minister,FALSE
establish,TRUE
demonstrate,FALSE
degree,FALSE
rate,FALSE
amount,FALSE
privacy,FALSE
connectivity,FALSE
transparency,FALSE
governance,FALSE
border,FALSE
effective,FALSE
crowd,FALSE
centralize,FALSE
#,FALSE
right,TRUE
editor,FALSE
team,FALSE
comprise,FALSE
incorporate,FALSE
satellite,FALSE
chart,FALSE
#,FALSE
sensitive,FALSE
critical,FALSE
gear,FALSE
participate,FALSE
engage,FALSE
steering,FALSE
preserve,FALSE
clear,FALSE
air,FALSE
rail,FALSE
feasible,FALSE
permit,TRUE
reasonable,FALSE
duration,FALSE
purpose,TRUE
lifetime,FALSE
entity,FALSE
institution,FALSE
apply,TRUE
belong,FALSE
relate,TRUE
refer,TRUE
assign,FALSE
matter,TRUE
respond,FALSE
contribute,FALSE
occur,FALSE
location,TRUE
list,TRUE
construction,FALSE
length,FALSE
burn,FALSE
loss,FALSE
space,TRUE
house,FALSE
furniture,FALSE
seat,FALSE
road,FALSE
corridor,FALSE
floor,FALSE
contexts,FALSE
design,TRUE
game,TRUE
noun,FALSE
specie,FALSE
animal,FALSE
group,TRUE
categorize,FALSE
divide,FALSE
construct,FALSE
style,TRUE
class,FALSE
require,TRUE
classification,TRUE
number,FALSE
name,TRUE
encode,FALSE
rhyme,FALSE
rank,FALSE
score,FALSE
designer,FALSE
box,FALSE
acceleration,FALSE
stability,FALSE
attain,FALSE
compromise,FALSE
affect,FALSE
chip,FALSE
socket,FALSE
government,TRUE
representative,FALSE
leader,FALSE
industry,FALSE
country,TRUE
firm,FALSE
institution,FALSE
corporation,FALSE
sector,FALSE
enterprise,FALSE
employer,FALSE
discipline,FALSE
study,FALSE
investigate,FALSE
judge,FALSE
measure,TRUE
employee,FALSE
progress,FALSE
attitude,FALSE
contribute,FALSE
listen,FALSE
respond,FALSE
agree,FALSE
attend,FALSE
commitment,FALSE
reaction,FALSE
view,TRUE
belief,FALSE
opinion,FALSE
thought,FALSE
distinct,FALSE
derive,FALSE
separate,FALSE
differentiate,FALSE
far,FALSE
apart,FALSE
evident,FALSE
observation,FALSE
indicator,FALSE
anything,FALSE
comment,FALSE
decide,FALSE
inform,FALSE
advise,FALSE
reflect,FALSE
check,FALSE
opinion,FALSE
party,FALSE
broad,FALSE
inch,FALSE
acquire,FALSE
deposit,FALSE
moment,FALSE
actual,FALSE
container,FALSE
battery,FALSE
color,TRUE
choice,FALSE
apply,TRUE
correspond,FALSE
relate,TRUE
stick,FALSE
belong,FALSE
lead,TRUE
cover,FALSE
graph,FALSE
different,FALSE
various,FALSE
three,FALSE
alternative,FALSE
insight,FALSE
clarity,FALSE
frame,TRUE
frame,TRUE
wise,FALSE
less,FALSE
filter,FALSE
camera,FALSE
photograph,FALSE
ambiguous,FALSE
sparse,FALSE
insufficient,FALSE
unreliable,FALSE
redundant,FALSE
express,FALSE
represent,TRUE
show,TRUE
explain,FALSE
explanation,FALSE
pause,FALSE
prompt,FALSE
hierarchy,FALSE
prepare,FALSE
equip,FALSE
manage,TRUE
compilation,FALSE
calculation,FALSE
execution,FALSE
replication,FALSE
library,FALSE
encounter,FALSE
occur,FALSE
cite,FALSE
visit,FALSE
request,FALSE
its,FALSE
design,TRUE
special,FALSE
smart,FALSE
requirement,TRUE
specify,FALSE
determine,FALSE
fulfill,FALSE
glance,FALSE
least,FALSE
distance,FALSE
stage,FALSE
issue,TRUE
submit,FALSE
prepare,FALSE
generate,TRUE
justification,FALSE
instruction,FALSE
court,FALSE
investigation,FALSE
parliament,FALSE
prosecution,FALSE
justice,FALSE
consultation,FALSE
target,FALSE
mission,FALSE
concern,FALSE
regard,FALSE
pende,FALSE
exception,FALSE
amendment,FALSE
alteration,FALSE
exception,FALSE
addition,TRUE
regulation,FALSE
asset,FALSE
vote,FALSE
registration,FALSE
password,FALSE
privilege,FALSE
membership,FALSE
pay,FALSE
limit,TRUE
certificate,FALSE
authorization,FALSE
credential,FALSE
privilege,FALSE
status,FALSE
signature,FALSE
bandwidth,FALSE
enforce,FALSE
approve,FALSE
detect,FALSE
have,TRUE
interpret,FALSE
understand,TRUE
save,FALSE
manipulate,FALSE
via,FALSE
utilize,FALSE
supply,FALSE
operate,TRUE
program,TRUE
alone,FALSE
manually,FALSE
patient,FALSE
human,TRUE
subject,FALSE
adult,FALSE
dog,FALSE
swimmer,FALSE
infant,FALSE
difficulty,TRUE
trouble,FALSE
disability,FALSE
trouble,FALSE
concern,FALSE
recognize,FALSE
see,TRUE
distinguish,TRUE
shape,FALSE
colour,TRUE
sound,FALSE
tone,FALSE
marking,FALSE
paint,FALSE
special,FALSE
combination,FALSE
variation,FALSE
disorder,FALSE
spot,FALSE
field,FALSE
near,FALSE
pitch,FALSE
double,FALSE
color,TRUE
sight,FALSE
blue,FALSE
red,FALSE
white,FALSE
partial,FALSE
blind,FALSE
block,FALSE
switch,FALSE
sensitivity,FALSE
shift,FALSE
one,FALSE
the,FALSE
and,FALSE
as,FALSE
who,FALSE
in,FALSE
survival,FALSE
end,TRUE
of,FALSE
ACT,FALSE
ii,FALSE
be,FALSE
#,FALSE
ask,TRUE
direct,TRUE
reception,FALSE
seek,TRUE
team,FALSE
kit,FALSE
manager,FALSE
officer,FALSE
representative,FALSE
late,FALSE
potential,FALSE
health,FALSE
repair,FALSE
defect,FALSE
replacement,FALSE
defect,FALSE
gender,FALSE
rank,FALSE
career,FALSE
taste,FALSE
grade,FALSE
reply,FALSE
statement,FALSE
declaration,FALSE
precede,FALSE
characterize,FALSE
highlight,FALSE
denote,FALSE
terminate,FALSE
remark,FALSE
quote,FALSE
outline,FALSE
announcement,FALSE
indication,FALSE
example,TRUE
illustration,FALSE
estimate,FALSE
answer,FALSE
caller,FALSE
commit,FALSE
undertake,FALSE
exercise,FALSE
tax,FALSE
score,FALSE
return,FALSE
reason,FALSE
need,TRUE
lose,FALSE
destroy,FALSE
affect,TRUE
replace,FALSE
purchase,FALSE
remove,FALSE
revenue,FALSE
issue,TRUE
carry,TRUE
send,TRUE
receive,FALSE
allocate,FALSE
#,FALSE
bus,FALSE
broadband,FALSE
array,FALSE
handful,FALSE
convey,FALSE
voice,FALSE
tone,FALSE
finish,FALSE
fit,TRUE
texture,FALSE
smell,FALSE
investigate,FALSE
resolve,FALSE
exclude,FALSE
cover,TRUE
sort,FALSE
election,FALSE
census,FALSE
electoral,FALSE
trial,FALSE
engine,FALSE
order,FALSE
definition,TRUE
assumption,FALSE
concept,FALSE
breach,FALSE
scrutiny,FALSE
precision,FALSE
secrecy,FALSE
certainty,FALSE
legislation,FALSE
deal,FALSE
concern,FALSE
deal,FALSE
face,FALSE
charge,FALSE
arise,FALSE
pertain,FALSE
link,TRUE
conflict,FALSE
election,FALSE
defence,FALSE
club,FALSE
school,FALSE
last,FALSE
continue,FALSE
claim,FALSE
continue,FALSE
appear,FALSE
come,FALSE
plan,TRUE
begin,TRUE
machine,FALSE
campus,FALSE
companion,FALSE
patch,FALSE
complement,FALSE
port,FALSE
Wikipedia,FALSE
next,FALSE
previous,FALSE
compensate,FALSE
advocate,FALSE
menu,FALSE
testing,FALSE
model,TRUE
aircraft,FALSE
troop,FALSE
force,FALSE
command,FALSE
wing,FALSE
give,TRUE
give,TRUE
grant,TRUE
guarantee,FALSE
permit,FALSE
grant,FALSE
qualified,FALSE
army,FALSE
commander,FALSE
detective,FALSE
chief,FALSE
chance,FALSE
freedom,FALSE
mount,FALSE
begin,FALSE
attack,FALSE
trust,FALSE
ex,FALSE
co,FALSE
micro,FALSE
maker,FALSE
pick,FALSE
custom,FALSE
personal,FALSE
contact,FALSE
fee,FALSE
assign,FALSE
expose,FALSE
fund,FALSE
move,TRUE
differentiate,FALSE
distinguish,FALSE
alternate,FALSE
shift,FALSE
rotate,FALSE
swap,FALSE
AI,FALSE
key,TRUE
multiple,FALSE
remote,FALSE
button,FALSE
light,FALSE
arrow,FALSE
motor,FALSE
wire,FALSE
driver,FALSE
know,TRUE
enjoy,FALSE
playback,FALSE
speech,FALSE
button,FALSE
phone,FALSE
phone,FALSE
#,FALSE
mechanical,FALSE
electrical,FALSE
comply,TRUE
agree,FALSE
coincide,FALSE
cooperate,FALSE
come,TRUE
accord,TRUE
find,TRUE
select,FALSE
lense,FALSE
expensive,FALSE
simple,FALSE
complicated,FALSE
problematic,FALSE
caution,FALSE
care,TRUE
priority,FALSE
measurement,FALSE
exercise,FALSE
pay,FALSE
address,TRUE
solve,FALSE
eliminate,FALSE
complication,FALSE
accident,FALSE
mistake,FALSE
crash,FALSE
delay,FALSE
confusion,FALSE
bug,FALSE
example,TRUE
simplicity,FALSE
press,FALSE
press,FALSE
click,FALSE
tap,FALSE
push,FALSE
click,FALSE
push,FALSE
press,FALSE
#,FALSE
#,FALSE
camera,FALSE
buffer,FALSE
#,FALSE
wall,FALSE
flip,FALSE
rotation,FALSE
merge,FALSE
move,TRUE
overlap,FALSE
theft,FALSE
retention,FALSE
destruction,FALSE
extraction,FALSE
serial,FALSE
another,FALSE
host,FALSE
reliability,FALSE
click,TRUE
rely,FALSE
rely,FALSE
remain,FALSE
sit,FALSE
turn,FALSE
reveal,FALSE
confirm,FALSE
discover,FALSE
shoot,FALSE
cartridge,FALSE
weapon,FALSE
match,FALSE
gun,FALSE
bomb,FALSE
song,FALSE
prompt,FALSE
trigger,FALSE
net,FALSE
small,FALSE
individual,FALSE
large,FALSE
real,FALSE
complex,FALSE
no,FALSE
major,FALSE
global,FALSE
principal,FALSE
average,FALSE
practical,FALSE
effectiveness,FALSE
loss,FALSE
expense,FALSE
spend,FALSE
learn,FALSE
profit,FALSE
protect,FALSE
heal,FALSE
stem,FALSE
distract,FALSE
injury,FALSE
abuse,FALSE
investigate,FALSE
eliminate,FALSE
note,TRUE
evaluate,FALSE
#,FALSE
#,FALSE
#,FALSE
#,FALSE
#,FALSE
important,FALSE
indicate,FALSE
denote,FALSE
prove,FALSE
prove,FALSE
confirm,FALSE
establish,TRUE
imply,FALSE
recognize,TRUE
declare,FALSE
assert,FALSE
check,TRUE
indicate,FALSE
identity,FALSE
citation,FALSE
opening,FALSE
building,FALSE
instal,FALSE
get,TRUE
their,FALSE
shock,FALSE
upset,FALSE
hurt,FALSE
scare,FALSE
anger,FALSE
surprise,FALSE
attract,FALSE
alarm,FALSE
threaten,FALSE
harm,FALSE
slow,FALSE
kill,FALSE
stall,FALSE
stress,FALSE
insult,FALSE
distress,FALSE
shame,FALSE
viewer,FALSE
couple,FALSE
reason,TRUE
cause,FALSE
thing,FALSE
describe,TRUE
explain,FALSE
remember,FALSE
decide,FALSE
nature,FALSE
react,FALSE
attach,FALSE
interact,FALSE
general,FALSE
basic,FALSE
primary,FALSE
elementary,FALSE
key,FALSE
essential,FALSE
theory,FALSE
awareness,FALSE
consciousness,FALSE
reason,TRUE
judgment,FALSE
psychology,FALSE
review,TRUE
notebook,FALSE
bear,FALSE
recognise,FALSE
guarantee,FALSE
assure,FALSE
realise,FALSE
#,FALSE
#,FALSE
#,FALSE
#,FALSE
occasion,FALSE
demand,FALSE
arrival,FALSE
Monday,FALSE
monitor,TRUE
inspect,FALSE
register,FALSE
review,TRUE
report,TRUE
observe,FALSE
document,TRUE
notify,FALSE
disclose,FALSE
freely,FALSE
publicly,FALSE
readily,FALSE
safely,FALSE
easily,FALSE
widely,FALSE
reasonably,FALSE
conduct,FALSE
employ,TRUE
hire,FALSE
consulting,FALSE
competent,FALSE
body,FALSE
contractor,FALSE
affiliation,FALSE
that,FALSE
word,TRUE
time,TRUE
money,FALSE
death,FALSE
love,FALSE
education,FALSE
fear,FALSE
involve,TRUE
encompasse,FALSE
suggest,FALSE
purchase,FALSE
marketing,FALSE
ad,FALSE
advertising,FALSE
prepare,FALSE
generation,FALSE
name,FALSE
value,FALSE
derive,TRUE
result,TRUE
exclude,FALSE
extract,FALSE
arise,FALSE
come,FALSE
p,FALSE
bracket,FALSE
x,FALSE
discuss,FALSE
define,TRUE
verbal,FALSE
speak,FALSE
animate,FALSE
indirect,FALSE
speak,FALSE
#,FALSE
gesture,FALSE
advance,FALSE
enterprise,FALSE
modular,FALSE
model,TRUE
rapid,FALSE
global,FALSE
automate,FALSE
dynamic,FALSE
efficient,FALSE
foster,FALSE
coordination,FALSE
completion,FALSE
technological,FALSE
subsequent,FALSE
fast,FALSE
emerge,FALSE
innovative,FALSE
defendant,FALSE
plaintiff,FALSE
lawyer,FALSE
prisoner,FALSE
judge,FALSE
prosecutor,FALSE
party,FALSE
refusal,FALSE
attempt,TRUE
unable,FALSE
settle,FALSE
pursue,FALSE
deny,TRUE
grant,FALSE
entrance,FALSE
admission,FALSE
immunity,FALSE
infringement,FALSE
prevent,TRUE
admit,FALSE
correct,FALSE
claim,FALSE
constitute,FALSE
constitute,FALSE
elsewhere,FALSE
congestion,FALSE
denial,FALSE
drawing,FALSE
act,TRUE
follow,TRUE
working,FALSE
build,TRUE
found,FALSE
accord,TRUE
in,FALSE
operate,TRUE
mathematical,FALSE
hypothesis,FALSE
theorem,FALSE
outline,FALSE
state,TRUE
mention,FALSE
explain,FALSE
block,TRUE
family,FALSE
test,FALSE
framework,FALSE
model,TRUE
ground,FALSE
highly,FALSE
telephone,FALSE
district,FALSE
guide,TRUE
research,TRUE
regulation,FALSE
handbook,FALSE
interact,FALSE
combine,TRUE
incorporate,TRUE
perform,TRUE
kind,FALSE
variety,FALSE
sort,FALSE
measurement,FALSE
manufacture,FALSE
surgical,FALSE
reflect,FALSE
advise,FALSE
warn,FALSE
remind,FALSE
administrator,FALSE
grant,FALSE
liability,FALSE
payment,FALSE
visit,FALSE
private,FALSE
location,TRUE
date,TRUE
venue,FALSE
date,TRUE
award,FALSE
death,FALSE
birth,FALSE
competition,FALSE
separate,TRUE
distance,FALSE
separate,FALSE
post,FALSE
merely,FALSE
get,TRUE
calculate,FALSE
analyze,FALSE
visible,FALSE
anywhere,FALSE
static,FALSE
sample,FALSE
fast,FALSE
slow,FALSE
rapid,FALSE
quick,FALSE
easy,FALSE
quick,FALSE
fast,FALSE
automatic,FALSE
hard,FALSE
swift,FALSE
short,FALSE
slow,FALSE
fast,FALSE
forward,FALSE
hard,FALSE
#,FALSE
#,FALSE
justify,FALSE
incorporation,FALSE
establishment,FALSE
headline,FALSE
#,FALSE
string,FALSE
argument,FALSE
make,TRUE
train,FALSE
careful,FALSE
face,TRUE
eye,FALSE
modern,FALSE
advance,FALSE
high,FALSE
low,FALSE
poor,FALSE
leave,FALSE
bring,TRUE
analyst,FALSE
ask,FALSE
permit,FALSE
force,TRUE
tell,FALSE
invite,FALSE
assignment,FALSE
report,FALSE
survey,FALSE
charge,FALSE
report,FALSE
within,FALSE
quantity,FALSE
temperature,FALSE
unit,TRUE
meter,FALSE
currency,FALSE
scale,FALSE
construct,FALSE
audience,FALSE
society,FALSE
supply,FALSE
generation,FALSE
export,FALSE
price,FALSE
weight,FALSE
mark,TRUE
law,TRUE
weight,FALSE
magnitude,FALSE
temperature,FALSE
pH,FALSE
frequency,FALSE
longitude,FALSE
postal,FALSE
bank,FALSE
car,FALSE
#,FALSE
stamp,FALSE
passport,FALSE
city,FALSE
custom,FALSE
airport,FALSE
district,FALSE
public,FALSE
social,FALSE
private,FALSE
certification,FALSE
reflect,FALSE
obligation,FALSE
#,FALSE
label,TRUE
mark,TRUE
origin,FALSE
reference,TRUE
imply,FALSE
influence,FALSE
recognize,FALSE
header,FALSE
unlike,FALSE
convention,FALSE
tag,FALSE
signature,FALSE
author,FALSE
editor,FALSE
contributor,FALSE
enough,FALSE
person,TRUE
player,FALSE
candidate,FALSE
driver,FALSE
member,FALSE
seek,TRUE
lose,TRUE
gain,FALSE
refuse,FALSE
lack,FALSE
deny,FALSE
receive,TRUE
answer,FALSE
reply,FALSE
pay,TRUE
ask,FALSE
ask,FALSE
wait,FALSE
four,FALSE
five,FALSE
six,FALSE
through,FALSE
besides,FALSE
under,FALSE
beyond,FALSE
Via,FALSE
throughout,FALSE
during,FALSE
warrant,FALSE
investigative,FALSE
FBI,FALSE
rescue,FALSE
hunt,FALSE
watch,FALSE
commission,FALSE
suspect,FALSE
arrest,FALSE
transaction,FALSE
residence,FALSE
etc,FALSE
locality,FALSE
record,FALSE
summary,FALSE
chain,FALSE
string,FALSE
reading,FALSE
direct,TRUE
increase,TRUE
raise,FALSE
build,TRUE
reduce,TRUE
maintain,TRUE
decrease,FALSE
sustainability,FALSE
welfare,FALSE
sanitation,FALSE
firefighter,FALSE
politician,FALSE
farmer,FALSE
cut,TRUE
let,FALSE
cut,TRUE
lay,FALSE
catch,FALSE
stay,FALSE
sale,FALSE
sale,FALSE
acquisition,FALSE
sum,FALSE
pile,FALSE
stack,FALSE
collection,FALSE
alcohol,FALSE
good,FALSE
metal,FALSE
water,FALSE
food,FALSE
length,FALSE
restriction,FALSE
glass,FALSE
seem,FALSE
look,TRUE
tend,FALSE
happen,FALSE
begin,TRUE
resemble,FALSE
small,FALSE
short,FALSE
long,FALSE
well,FALSE
strong,FALSE
new,FALSE
license,FALSE
county,FALSE
division,FALSE
territory,FALSE
boundary,FALSE
deed,FALSE
population,FALSE
caste,FALSE
tribal,FALSE
clan,FALSE
tribe,FALSE
power,FALSE
municipality,FALSE
geography,FALSE
religion,FALSE
religion,FALSE
demographic,FALSE
religious,FALSE