action,TRUE
task,TRUE
action,TRUE
control,TRUE
command,TRUE
feature,TRUE
activity,TRUE
function,TRUE
object,TRUE
interaction,TRUE
operation,TRUE
step,TRUE
behavior,TRUE
process,TRUE
application,TRUE
function,TRUE
behavior,TRUE
#,FALSE
mechanism,TRUE
operation,TRUE
step,TRUE
pattern,TRUE
task,TRUE
type,TRUE
activity,TRUE
field,TRUE
sequence,TRUE
process,TRUE
option,TRUE
user,TRUE
web,TRUE
search,TRUE
web,TRUE
software,TRUE
computer,TRUE
Google,FALSE
business,TRUE
datum,TRUE
database,TRUE
browser,TRUE
text,TRUE
internet,TRUE
interface,TRUE
environment,TRUE
program,TRUE
application,TRUE
setting,TRUE
interface,TRUE
tool,TRUE
contexts,FALSE
service,TRUE
app,TRUE
system,TRUE
group,TRUE
include,TRUE
involve,TRUE
include,TRUE
include,TRUE
allow,TRUE
involve,TRUE
involve,TRUE
require,TRUE
concern,TRUE
support,TRUE
describe,TRUE
comprise,TRUE
use,TRUE
collect,TRUE
gather,TRUE
load,TRUE
processing,TRUE
search,TRUE
find,TRUE
store,TRUE
handle,TRUE
analyze,TRUE
check,TRUE
display,TRUE
scan,TRUE
share,TRUE
read,TRUE
sort,TRUE
personal,FALSE
input,TRUE
raw,FALSE
source,TRUE
domain,TRUE
store,TRUE
file,TRUE
resource,TRUE
traffic,TRUE
code,TRUE
functionality,TRUE
parameter,TRUE
request,TRUE
create,TRUE
manage,TRUE
track,TRUE
scheduling,FALSE
generate,TRUE
route,TRUE
automate,TRUE
make,TRUE
conduct,TRUE
include,TRUE
host,TRUE
command,TRUE
transaction,TRUE
analysis,TRUE
search,TRUE
edit,TRUE
monitor,TRUE
communication,TRUE
integration,TRUE
navigation,TRUE
relate,FALSE
call,TRUE
programming,TRUE
interactive,FALSE
avoid,TRUE
perform,TRUE
measure,TRUE
event,TRUE
method,TRUE
procedure,TRUE
technique,TRUE
strategy,TRUE
protocol,TRUE
open,TRUE
start,TRUE
instal,TRUE
launch,TRUE
enter,TRUE
add,TRUE
buy,TRUE
build,TRUE
select,TRUE
discover,TRUE
introduce,TRUE
mail,TRUE
chat,FALSE
commerce,FALSE
store,TRUE
book,TRUE
mail,FALSE
message,TRUE
service,TRUE
reader,TRUE
reader,FALSE
file,TRUE
search,TRUE
learn,TRUE
account,TRUE
address,TRUE
page,TRUE
server,TRUE
site,TRUE
box,TRUE
window,TRUE
terminal,TRUE
screen,TRUE
run,TRUE
use,TRUE
execute,TRUE
closing,FALSE
answer,TRUE
new,FALSE
call,TRUE
request,TRUE
transfer,TRUE
different,FALSE
session,TRUE
line,TRUE
room,TRUE
#,FALSE
#,FALSE
#,FALSE
program,TRUE
#,FALSE
event,TRUE
content,TRUE
information,TRUE
base,TRUE
orient,TRUE
drive,TRUE
specific,FALSE
management,TRUE
like,FALSE
level,TRUE
direct,TRUE
type,TRUE
style,TRUE
response,TRUE
movement,TRUE
act,TRUE
behaviour,TRUE
compile,TRUE
write,TRUE
publish,TRUE
prepare,TRUE
post,TRUE
produce,TRUE
list,TRUE
set,TRUE
table,TRUE
collection,TRUE
block,TRUE
stream,FALSE
stack,FALSE
batch,TRUE
pool,FALSE
series,TRUE
string,TRUE
portfolio,FALSE
test,TRUE
possible,FALSE
desire,TRUE
project,TRUE
potential,FALSE
job,TRUE
election,TRUE
available,FALSE
object,TRUE
result,TRUE
item,TRUE
point,TRUE
physical,FALSE
network,TRUE
system,TRUE
state,TRUE
central,FALSE
next,FALSE
transport,TRUE
base,TRUE
local,FALSE
client,TRUE
layer,TRUE
capability,TRUE
tool,TRUE
module,TRUE
modify,TRUE
select,TRUE
create,TRUE
manage,TRUE
define,TRUE
save,TRUE
change,TRUE
update,TRUE
access,TRUE
add,TRUE
build,TRUE
specify,TRUE
load,TRUE
design,TRUE
replace,TRUE
connect,TRUE
bind,TRUE
attach,TRUE
extend,TRUE
migrate,FALSE
switch,TRUE
adapt,TRUE
apply,TRUE
link,TRUE
refer,TRUE
commit,TRUE
default,TRUE
core,TRUE
exist,TRUE
internal,FALSE
underlie,TRUE
main,FALSE
basic,FALSE
component,TRUE
#,FALSE
architecture,TRUE
protocol,TRUE
model,TRUE
requirement,TRUE
API,FALSE
component,TRUE
depend,TRUE
dependent,FALSE
depend,TRUE
rely,TRUE
depend,TRUE
contingent,FALSE
depend,TRUE
depend,TRUE
act,TRUE
focus,TRUE
conditional,FALSE
focus,TRUE
build,TRUE
hardware,TRUE
performance,TRUE
security,TRUE
configuration,TRUE
device,TRUE
customer,TRUE
variable,TRUE
space,TRUE
specify,TRUE
parameter,TRUE
use,TRUE
integrate,TRUE
combine,TRUE
merge,TRUE
replace,TRUE
confuse,TRUE
share,TRUE
mixed,FALSE
contrast,TRUE
associate,TRUE
couple,FALSE
pair,TRUE
implement,TRUE
bundle,FALSE
additional,FALSE
support,TRUE
library,TRUE
network,TRUE
class,FALSE
domain,TRUE
node,TRUE
package,FALSE
database,TRUE
category,TRUE
server,TRUE
language,TRUE
provide,TRUE
support,TRUE
offer,TRUE
provide,TRUE
contain,TRUE
comprise,TRUE
encompasse,FALSE
represent,TRUE
contain,TRUE
use,TRUE
define,TRUE
element,TRUE
attribute,TRUE
part,TRUE
feature,TRUE
path,TRUE
define,TRUE
determine,TRUE
require,TRUE
designate,TRUE
identify,TRUE
provide,TRUE
cover,TRUE
measure,TRUE
describe,TRUE
order,TRUE
assign,TRUE
support,TRUE
allocate,TRUE
prescribe,TRUE
use,TRUE
use,TRUE
find,TRUE
read,TRUE
replace,TRUE
editing,FALSE
select,FALSE
for,FALSE
write,TRUE
manage,TRUE
move,TRUE
find,TRUE
frame,TRUE
frame,TRUE
picture,TRUE
image,TRUE
photograph,TRUE
frame,TRUE
photo,TRUE
format,TRUE
context,TRUE
format,TRUE
medium,TRUE
page,TRUE
ease,TRUE
error,TRUE
link,TRUE
restriction,TRUE
constraint,FALSE
color,TRUE
control,TRUE
camera,TRUE
filter,FALSE
lense,FALSE
window,TRUE
computer,TRUE
screen,TRUE
difficult,FALSE
need,TRUE
useful,FALSE
expensive,FALSE
necessary,FALSE
simple,FALSE
complicated,FALSE
unnecessary,FALSE
problematic,FALSE
unreliable,FALSE
easy,FALSE
limit,FALSE
care,TRUE
caution,FALSE
care,TRUE
consideration,TRUE
time,TRUE
effort,TRUE
priority,TRUE
measurement,TRUE
attention,TRUE
take,TRUE
exercise,TRUE
give,TRUE
make,TRUE
take,TRUE
do,TRUE
show,TRUE
place,TRUE
assume,TRUE
pay,TRUE
follow,TRUE
consider,TRUE
undertake,TRUE
avoid,TRUE
identify,TRUE
prevent,TRUE
minimize,TRUE
consider,TRUE
solve,TRUE
eliminate,TRUE
resolve,TRUE
handle,TRUE
reduce,TRUE
cover,TRUE
fix,TRUE
find,TRUE
remove,TRUE
problem,TRUE
complication,FALSE
accident,FALSE
mistake,TRUE
crash,TRUE
delay,TRUE
situation,TRUE
issue,TRUE
incident,TRUE
difficulty,TRUE
effect,TRUE
confusion,TRUE
bug,FALSE
violation,FALSE
example,TRUE
instance,TRUE
example,TRUE
illustration,FALSE
simplicity,FALSE
short,FALSE
one,FALSE
particular,FALSE
comparison,TRUE
other,TRUE
convenience,TRUE
clarity,FALSE
contrast,TRUE
general,FALSE
involve,TRUE
require,TRUE
regard,TRUE
concern,TRUE
press,TRUE
press,TRUE
click,TRUE
tap,FALSE
push,FALSE
movement,TRUE
click,TRUE
push,FALSE
release,TRUE
press,TRUE
removal,FALSE
touch,TRUE
placement,FALSE
#,FALSE
cover,TRUE
#,FALSE
camera,FALSE
panel,FALSE
buffer,FALSE
end,TRUE
#,FALSE
#,FALSE
wall,FALSE
view,TRUE
flip,FALSE
shift,TRUE
fold,TRUE
rotation,FALSE
turn,TRUE
number,TRUE
change,TRUE
merge,TRUE
move,TRUE
overlap,FALSE
line,TRUE
title,TRUE
character,TRUE
document,TRUE
loss,TRUE
lack,TRUE
storage,TRUE
theft,FALSE
manipulation,TRUE
retention,FALSE
destruction,FALSE
exchange,TRUE
extraction,FALSE
disclosure,FALSE
block,TRUE
paper,TRUE
word,TRUE
document,TRUE
original,FALSE
leaf,FALSE
letter,TRUE
sheet,TRUE
print,TRUE
layout,TRUE
size,TRUE
form,TRUE
volume,TRUE
shape,TRUE
language,TRUE
image,TRUE
color,TRUE
order,TRUE
medium,TRUE
spatial,FALSE
architectural,FALSE
map,TRUE
geographic,FALSE
thickness,FALSE
orientation,FALSE
width,TRUE
weight,TRUE
position,TRUE
surface,FALSE
structure,TRUE
length,TRUE
pdf,FALSE
similar,FALSE
distribution,TRUE
say,TRUE
likely,FALSE
liable,FALSE
expect,TRUE
know,TRUE
declare,TRUE
deem,TRUE
guarantee,TRUE
believe,TRUE
design,TRUE
suppose,FALSE
advise,TRUE
part,TRUE
unit,TRUE
element,TRUE
operator,TRUE
person,TRUE
module,TRUE
system,FALSE
node,TRUE
perform,TRUE
maintain,TRUE
complete,TRUE
run,TRUE
execute,TRUE
operate,TRUE
restore,TRUE
achieve,TRUE
operate,TRUE
#,FALSE
function,TRUE
work,TRUE
work,TRUE
operation,FALSE
maintenance,TRUE
check,TRUE
test,TRUE
failure,TRUE
damage,TRUE
fault,FALSE
problem,TRUE
error,TRUE
inability,FALSE
deficiency,FALSE
degradation,FALSE
violation,FALSE
injury,TRUE
condition,TRUE
weakness,FALSE
due,FALSE
harmful,FALSE
cause,TRUE
attribute,TRUE
happen,TRUE
apply,TRUE
fatal,FALSE
confine,FALSE
destructive,FALSE
trace,TRUE
connect,TRUE
commit,TRUE
catastrophic,FALSE
aspect,TRUE
member,TRUE
portion,TRUE
user,TRUE
source,TRUE
the,FALSE
a,FALSE
more,FALSE
some,FALSE
most,FALSE
any,FALSE
other,FALSE
less,FALSE
very,FALSE
common,FALSE
another,FALSE
term,TRUE
word,TRUE
terminology,TRUE
name,TRUE
symbol,TRUE
concept,TRUE
phrase,FALSE
term,TRUE
label,TRUE
expression,TRUE
notation,FALSE
navigation,FALSE
mapping,TRUE
communication,TRUE
connect,TRUE
link,TRUE
route,TRUE
cable,FALSE
aid,TRUE
channel,TRUE
website,TRUE
connection,TRUE
within,FALSE
outside,FALSE
inside,FALSE
across,FALSE
around,FALSE
channel,TRUE
route,TRUE
path,TRUE
supplement,FALSE
compare,TRUE
treat,TRUE
distinguish,TRUE
synonymous,FALSE
fill,TRUE
write,TRUE
meaning,TRUE
letter,TRUE
characteristic,TRUE
number,TRUE
value,TRUE
sign,TRUE
pilot,FALSE
diver,FALSE
recipient,FALSE
driver,TRUE
author,TRUE
individual,TRUE
developer,TRUE
visitor,TRUE
observer,FALSE
participant,TRUE
found,TRUE
draw,TRUE
base,TRUE
rely,TRUE
knowledge,TRUE
experience,TRUE
expertise,TRUE
interest,TRUE
understand,TRUE
interest,TRUE
need,TRUE
perspective,TRUE
environment,TRUE
taste,FALSE
preference,TRUE
situation,TRUE
background,TRUE
location,TRUE
experience,TRUE
training,TRUE
education,TRUE
skill,TRUE
involvement,TRUE
development,TRUE
practice,TRUE
research,TRUE
usage,TRUE
nautical,FALSE
maritime,FALSE
marine,FALSE
aviation,FALSE
technical,FALSE
engineering,TRUE
operational,FALSE
relevant,FALSE
field,TRUE
area,TRUE
world,TRUE
possibility,FALSE
capability,TRUE
mean,TRUE
capable,FALSE
year,TRUE
ability,TRUE
history,TRUE
likelihood,FALSE
intention,TRUE
way,TRUE
many,FALSE
various,FALSE
several,FALSE
observe,TRUE
explore,FALSE
technology,TRUE
device,TRUE
instrument,TRUE
source,TRUE
not,FALSE
be,FALSE
part,TRUE
equipment,TRUE
be,FALSE
also,FALSE
item,TRUE
one,TRUE
year,TRUE
generation,FALSE
value,TRUE
version,TRUE
time,TRUE
entry,TRUE
version,TRUE
complexity,TRUE
equation,FALSE
solution,TRUE
description,TRUE
#,FALSE
definition,TRUE
significance,FALSE
formula,FALSE
representation,TRUE
similarity,FALSE
profile,TRUE
resolution,TRUE
limit,TRUE
#,FALSE
#,FALSE
#,FALSE
#,FALSE
#,FALSE
#,FALSE
#,FALSE
illustrate,TRUE
present,TRUE
display,TRUE
represent,TRUE
depict,FALSE
see,TRUE
outline,TRUE
detail,TRUE
summarize,FALSE
indicate,TRUE
demonstrate,TRUE
highlight,TRUE
figure,TRUE
section,TRUE
table,TRUE
section,TRUE
chart,TRUE
diagram,TRUE
table,TRUE
article,TRUE
graph,TRUE
figure,TRUE
server,FALSE
service,FALSE
website,TRUE
perform,TRUE
make,TRUE
conduct,TRUE
attempt,TRUE
require,TRUE
want,TRUE
try,TRUE
run,TRUE
start,TRUE
check,TRUE
scan,TRUE
optimization,FALSE
survey,TRUE
enter,TRUE
appear,TRUE
send,TRUE
put,TRUE
write,TRUE
place,TRUE
fill,TRUE
look,TRUE
publish,TRUE
turn,TRUE
final,FALSE
correct,FALSE
search,TRUE
return,TRUE
#,FALSE
engine,TRUE
result,TRUE
#,FALSE
register,TRUE
except,FALSE
name,TRUE
property,TRUE
number,TRUE
os,TRUE
option,TRUE
right,TRUE
power,TRUE
capacity,TRUE
opportunity,TRUE
authority,TRUE
desire,TRUE
government,TRUE
agency,TRUE
police,TRUE
court,TRUE
company,TRUE
agent,TRUE
public,TRUE
government,FALSE
community,TRUE
question,TRUE
India,FALSE
Mexico,FALSE
Singapore,FALSE
Afghanistan,FALSE
Pakistan,FALSE
China,FALSE
need,TRUE
Washington,FALSE
sweden,FALSE
France,FALSE
Canada,FALSE
force,TRUE
get,TRUE
help,TRUE
expect,TRUE
adjust,TRUE
alter,TRUE
manipulate,TRUE
cause,TRUE
utilize,TRUE
speak,TRUE
talk,TRUE
respond,TRUE
appeal,TRUE
report,TRUE
signal,TRUE
reach,TRUE
communicate,TRUE
attend,FALSE
cater,TRUE
point,TRUE
question,TRUE
threat,TRUE
call,TRUE
crime,TRUE
case,TRUE
crime,TRUE
attack,TRUE
complaint,TRUE
violence,FALSE
riot,FALSE
reaction,FALSE
jail,FALSE
free,FALSE
recovery,TRUE
spare,FALSE
leisure,FALSE
travel,FALSE
lose,TRUE
waste,FALSE
waste,FALSE
real,FALSE
',FALSE
one,FALSE
the,FALSE
and,FALSE
as,FALSE
who,FALSE
in,FALSE
survival,FALSE
end,TRUE
of,FALSE
ACT,FALSE
ii,FALSE
10,FALSE
be,FALSE
#,FALSE
॥,FALSE
implement,TRUE
incorporate,TRUE
employ,TRUE
offer,TRUE
follow,TRUE
service,FALSE
information,FALSE
support,FALSE
program,FALSE
solution,TRUE
understand,TRUE
learn,TRUE
deploy,TRUE
interpret,TRUE
secure,TRUE
efficient,FALSE
lack,TRUE
implement,TRUE
employ,TRUE
maintain,TRUE
graphical,FALSE
human,FALSE
guide,TRUE
intervention,FALSE
mode,TRUE
enable,TRUE
encourage,TRUE
permit,TRUE
invite,TRUE
ask,TRUE
assist,TRUE
trust,TRUE
direct,TRUE
challenge,TRUE
engage,TRUE
allow,TRUE
developer,TRUE
player,TRUE
people,TRUE
customer,TRUE
user,FALSE
anyone,FALSE
designer,FALSE
see,TRUE
edit,TRUE
navigate,TRUE
technology,TRUE
platform,TRUE
product,TRUE
infrastructure,TRUE
able,FALSE
ready,FALSE
intend,TRUE
allow,TRUE
enable,TRUE
mean,TRUE
deploy,TRUE
deliver,TRUE
embed,TRUE
operate,TRUE
instal,TRUE
perform,TRUE
usable,FALSE
distribute,TRUE
axi,FALSE
d,FALSE
dimensional,FALSE
stage,FALSE
tier,FALSE
phase,FALSE
bit,TRUE
#,FALSE
modular,FALSE
hybrid,FALSE
enterprise,TRUE
grid,FALSE
comment,TRUE
message,TRUE
detail,TRUE
list,TRUE
document,TRUE
find,TRUE
register,TRUE
present,FALSE
record,TRUE
verify,TRUE
follow,TRUE
produce,TRUE
make,TRUE
generate,TRUE
submit,TRUE
issue,TRUE
prepare,TRUE
take,TRUE
give,TRUE
obtain,TRUE
collect,TRUE
guidance,TRUE
guideline,TRUE
instruction,TRUE
rule,TRUE
protection,TRUE
recommendation,TRUE
justification,FALSE
advice,TRUE
review,TRUE
judge,FALSE
expert,FALSE
authority,TRUE
audit,TRUE
inspection,TRUE
project,TRUE
site,TRUE
matter,TRUE
demand,TRUE
topic,TRUE
handle,TRUE
detect,TRUE
manage,TRUE
affect,TRUE
report,TRUE
conduct,TRUE
serve,TRUE
bring,TRUE
address,TRUE
jurisdiction,FALSE
country,TRUE
region,TRUE
law,TRUE
telephone,TRUE
case,TRUE
vehicle,TRUE
patient,FALSE
district,TRUE
land,TRUE
mobile,FALSE
staff,TRUE
home,TRUE
competition,FALSE
school,FALSE
course,FALSE
curriculum,FALSE
library,TRUE
facility,TRUE
plan,TRUE
programme,FALSE
equip,TRUE
govern,FALSE
develop,TRUE
test,TRUE
enforce,FALSE
structure,TRUE
assess,TRUE
certify,FALSE
review,TRUE
evaluate,TRUE
three,FALSE
four,FALSE
two,FALSE
follow,TRUE
five,FALSE
appropriate,FALSE
follow,FALSE
usual,FALSE
principle,TRUE
objective,TRUE
criterion,TRUE
goal,TRUE
theme,FALSE
standard,TRUE
specification,TRUE
approach,TRUE
patient,FALSE
child,TRUE
individual,TRUE
student,TRUE
animal,FALSE
human,TRUE
subject,TRUE
person,TRUE
adult,FALSE
specie,FALSE
dog,FALSE
swimmer,FALSE
infant,FALSE
difficulty,TRUE
trouble,FALSE
limitation,TRUE
disability,FALSE
success,TRUE
trouble,FALSE
concern,TRUE
ability,TRUE
recognize,TRUE
identify,TRUE
see,TRUE
choose,TRUE
distinguish,TRUE
obtain,TRUE
match,TRUE
view,TRUE
shape,TRUE
colour,TRUE
sound,TRUE
tone,FALSE
marking,FALSE
colour,TRUE
visual,FALSE
paint,FALSE
character,TRUE
certain,FALSE
special,FALSE
color,TRUE
key,FALSE
combination,TRUE
variation,FALSE
vision,FALSE
disorder,FALSE
signature,TRUE
spot,FALSE
condition,TRUE
difference,TRUE
near,FALSE
pitch,FALSE
photo,TRUE
double,FALSE
color,TRUE
sight,FALSE
flash,TRUE
blue,FALSE
red,FALSE
white,FALSE
partial,FALSE
non,FALSE
light,TRUE
blind,FALSE
code,TRUE
sensitive,FALSE
wise,FALSE
switch,TRUE
sensitivity,FALSE
correction,FALSE
ensure,TRUE
declare,TRUE
change,TRUE
modification,TRUE
exception,TRUE
adjustment,TRUE
update,TRUE
amendment,FALSE
reference,TRUE
alteration,FALSE
improvement,TRUE
reference,TRUE
exception,TRUE
addition,TRUE
access,FALSE
policy,TRUE
level,TRUE
regulation,FALSE
policy,TRUE
client,TRUE
organization,TRUE
administrator,TRUE
member,TRUE
entity,TRUE
asset,FALSE
vote,FALSE
privacy,TRUE
registration,TRUE
name,TRUE
password,TRUE
ownership,FALSE
#,FALSE
right,TRUE
speed,TRUE
privilege,TRUE
connection,TRUE
entry,TRUE
membership,FALSE
pay,TRUE
limit,TRUE
certificate,FALSE
encryption,TRUE
availability,TRUE
authorization,FALSE
credential,FALSE
privilege,TRUE
status,TRUE
compliance,TRUE
resource,TRUE
memory,TRUE
bandwidth,FALSE
allocation,TRUE
#,FALSE
creation,TRUE
lock,FALSE
achieve,TRUE
approve,TRUE
accomplish,TRUE
execute,TRUE
control,TRUE
agent,TRUE
establish,TRUE
accounting,FALSE
financial,FALSE
assessment,TRUE
tax,FALSE
record,TRUE
report,TRUE
#,FALSE
log,TRUE
documentation,TRUE
evidence,TRUE
score,FALSE
return,TRUE
purpose,TRUE
reason,TRUE
purpose,TRUE
period,TRUE
area,TRUE
need,TRUE
alter,TRUE
lose,TRUE
destroy,TRUE
affect,TRUE
provide,TRUE
purchase,FALSE
remove,TRUE
actual,FALSE
inventory,FALSE
credit,FALSE
revenue,FALSE
entire,FALSE
statement,TRUE
material,TRUE
generate,TRUE
issue,TRUE
produce,TRUE
create,TRUE
carry,TRUE
maintain,TRUE
supply,TRUE
send,TRUE
receive,TRUE
unit,FALSE
network,FALSE
center,FALSE
centre,FALSE
station,FALSE
division,FALSE
program,FALSE
group,FALSE
serve,TRUE
act,TRUE
act,TRUE
serve,TRUE
work,TRUE
operate,TRUE
function,TRUE
exist,TRUE
double,TRUE
hub,FALSE
basis,TRUE
mechanism,TRUE
gateway,FALSE
center,TRUE
portal,FALSE
bridge,FALSE
framework,TRUE
cultural,FALSE
electronic,FALSE
intelligence,TRUE
virtual,FALSE
digital,FALSE
online,FALSE
energy,TRUE
exchange,TRUE
exchange,TRUE
flow,TRUE
transmission,TRUE
interchange,FALSE
transfer,TRUE
communicating,TRUE
military,FALSE
citizen,TRUE
citizen,TRUE
army,FALSE
civilian,FALSE
soldier,FALSE
civilian,TRUE
civil,FALSE
governmental,FALSE
foreign,FALSE
professional,FALSE
officer,TRUE
official,TRUE
agency,TRUE
force,TRUE
personnel,TRUE
unit,TRUE
department,TRUE
station,TRUE
employee,FALSE
community,TRUE
standard,TRUE
specification,TRUE
framework,FALSE
model,TRUE
model,TRUE
ground,TRUE
department,FALSE
branch,FALSE
office,FALSE
section,FALSE
directorate,FALSE
team,FALSE
committee,FALSE
Bureau,FALSE
director,FALSE
officer,FALSE
manage,TRUE
oversee,FALSE
monitor,TRUE
describe,TRUE
coordinate,TRUE
guide,TRUE
lead,TRUE
direct,TRUE
begin,TRUE
organize,TRUE
selection,TRUE
evaluation,TRUE
investigation,TRUE
recruitment,FALSE
report,TRUE
plan,TRUE
administrative,FALSE
acquisition,FALSE
team,TRUE
procedure,TRUE
mission,TRUE
effort,TRUE
ensure,TRUE
establish,TRUE
develop,TRUE
promote,TRUE
create,TRUE
enable,TRUE
increase,TRUE
identify,TRUE
reduce,TRUE
challenge,FALSE
skill,TRUE
aspect,TRUE
flexibility,TRUE
opportunity,TRUE
complete,TRUE
undertaking,FALSE
solve,TRUE
cover,TRUE
implement,TRUE
eliminate,TRUE
fulfil,FALSE
investigation,TRUE
decision,TRUE
proceeding,FALSE
take,TRUE
take,TRUE
take,TRUE
take,TRUE
assume,TRUE
may,FALSE
take,TRUE
fall,TRUE
effect,TRUE
precedence,FALSE
hold,TRUE
place,TRUE
place,FALSE
finding,FALSE
preparation,FALSE
arrest,FALSE
assumption,FALSE
order,TRUE
observation,FALSE
assessment,FALSE
complete,TRUE
process,TRUE
submit,TRUE
obtain,TRUE
clear,TRUE
publish,TRUE
release,TRUE
all,FALSE
these,FALSE
software,TRUE
human,FALSE
such,FALSE
public,FALSE
computer,TRUE
social,FALSE
open,FALSE
its,FALSE
knowledge,TRUE
private,FALSE
satisfaction,FALSE
choice,TRUE
feedback,TRUE
safety,TRUE
organization,TRUE
certification,FALSE
meet,TRUE
fulfill,TRUE
satisfy,TRUE
reflect,TRUE
bear,TRUE
determine,TRUE
expectation,TRUE
aim,TRUE
demand,TRUE
obligation,FALSE
practice,TRUE
facilitate,TRUE
allow,TRUE
gain,TRUE
enable,TRUE
connectivity,TRUE
internet,TRUE
market,TRUE
phone,TRUE
app,TRUE
voice,FALSE
#,FALSE
capacity,TRUE
model,TRUE
platform,TRUE
set,TRUE
building,TRUE
variant,TRUE
vehicle,TRUE
classify,FALSE
number,TRUE
code,TRUE
rate,TRUE
standardize,FALSE
express,TRUE
edition,TRUE
volume,TRUE
margin,FALSE
form,TRUE
pause,FALSE
hour,TRUE
length,TRUE
view,TRUE
reader,TRUE
editor,FALSE
publisher,TRUE
consumer,TRUE
viewer,TRUE
visitor,TRUE
participant,TRUE
want,TRUE
wish,TRUE
try,TRUE
attempt,TRUE
choose,TRUE
prefer,TRUE
intend,TRUE
seek,TRUE
share,TRUE
read,TRUE
display,TRUE
preview,FALSE
match,TRUE
watch,TRUE
compare,TRUE
copy,TRUE
journal,TRUE
newspaper,FALSE
magazine,FALSE
restriction,TRUE
permission,TRUE
glass,FALSE
prompt,FALSE
notice,FALSE
story,FALSE
fail,TRUE
appear,TRUE
seem,TRUE
look,TRUE
tend,TRUE
happen,TRUE
become,TRUE
resemble,FALSE
carry,TRUE
receive,TRUE
large,FALSE
small,FALSE
short,FALSE
long,FALSE
well,FALSE
strong,FALSE
fast,FALSE
new,FALSE
flight,FALSE
exceed,TRUE
affect,TRUE
exist,TRUE
occur,TRUE
increase,TRUE
#,FALSE
last,TRUE
vary,TRUE
#,FALSE
#,FALSE
#,FALSE
#,FALSE
#,FALSE
#,FALSE
#,FALSE
#,FALSE
#,FALSE
#,FALSE
#,FALSE
#,FALSE
#,FALSE
#,FALSE
day,TRUE
month,TRUE
day,TRUE
week,TRUE
min,FALSE
hour,TRUE
night,TRUE
minute,TRUE
minute,TRUE
every,FALSE
per,FALSE
minimum,FALSE
full,FALSE
month,TRUE
quarter,FALSE
clock,FALSE
digit,TRUE
period,TRUE
cycle,TRUE
schedule,FALSE
contract,FALSE
deployment,FALSE
calendar,FALSE
interval,FALSE
average,FALSE
number,TRUE
list,TRUE
loss,TRUE
control,FALSE
location,TRUE
identification,FALSE
presence,FALSE
design,TRUE
management,FALSE
release,TRUE
keyboard,TRUE
hide,TRUE
alternate,FALSE
private,FALSE
space,TRUE
center,TRUE
equipment,TRUE
room,TRUE
card,TRUE
key,TRUE
product,TRUE
book,TRUE
game,TRUE
country,TRUE
material,TRUE
song,FALSE
size,TRUE
style,TRUE
weight,TRUE
age,FALSE
definition,TRUE
kind,TRUE
kind,FALSE
scope,FALSE
quality,TRUE
game,TRUE
player,TRUE
show,TRUE
film,TRUE
focus,TRUE
concentrate,TRUE
count,TRUE
rely,TRUE
draw,TRUE
machine,TRUE
processor,TRUE
method,TRUE
technique,TRUE
instrument,TRUE
access,TRUE
exploit,FALSE
utilize,TRUE
employ,TRUE
disable,FALSE
activate,TRUE
modify,TRUE
enhance,TRUE
extend,TRUE
#,FALSE
researcher,FALSE
engineer,FALSE
operator,TRUE
investigator,TRUE
scientist,TRUE
specialist,FALSE
observer,FALSE
aim,TRUE
analyze,TRUE
monitor,TRUE
inspect,FALSE
assess,TRUE
verify,TRUE
evaluate,TRUE
examine,TRUE
detect,TRUE
record,TRUE
measure,TRUE
track,TRUE
external,FALSE
external,FALSE
miss,TRUE
direct,FALSE
new,FALSE
support,TRUE
link,TRUE
towards,FALSE
open,TRUE
door,TRUE
suggestion,FALSE
way,TRUE
note,TRUE
proposal,FALSE
those,FALSE
unlock,FALSE
open,TRUE
open,TRUE
introduce,TRUE
launch,TRUE
indicate,TRUE
start,TRUE
shop,FALSE
glass,FALSE
front,FALSE
office,TRUE
side,TRUE
picture,TRUE
house,TRUE
studio,FALSE
gallery,FALSE
extension,TRUE
pop,TRUE
dial,TRUE
back,TRUE
bottom,FALSE
sign,TRUE
pop,TRUE
plug,TRUE
top,TRUE
mark,TRUE
log,TRUE
flip,FALSE
wrap,FALSE
display,TRUE
examine,TRUE
check,TRUE
update,TRUE
discuss,TRUE
Manual,FALSE
editor,FALSE
department,TRUE
incorporate,TRUE
gps,FALSE
cloud,FALSE
satellite,FALSE
ground,FALSE
#,FALSE
critical,FALSE
gear,FALSE
aid,TRUE
assist,TRUE
help,TRUE
assistance,TRUE
assist,TRUE
participate,FALSE
aid,TRUE
steering,FALSE
transportation,FALSE
application,TRUE
online,FALSE
datum,TRUE
Digital,FALSE
Microsoft,FALSE
virtual,FALSE
administration,TRUE
foundation,FALSE
set,TRUE
body,TRUE
implementation,TRUE
article,TRUE
collaboration,FALSE
it,FALSE
#,FALSE
story,FALSE
#,FALSE
#,FALSE
sentence,FALSE
#,FALSE
description,TRUE
map,TRUE
chart,TRUE
graphic,TRUE
news,TRUE
illustration,FALSE
review,TRUE
discussion,FALSE
archive,FALSE
family,FALSE
board,TRUE
list,TRUE
note,TRUE
even,FALSE
desktop,TRUE
sheet,TRUE
paper,TRUE
refuse,TRUE
fail,TRUE
wait,TRUE
continue,TRUE
tend,TRUE
edit,TRUE
scan,TRUE
translate,TRUE
change,TRUE
print,TRUE
sort,TRUE
store,TRUE
store,FALSE
install,FALSE
video,TRUE
video,TRUE
text,TRUE
host,TRUE
mechanical,FALSE
electrical,FALSE
functional,FALSE
comply,TRUE
conform,TRUE
agree,TRUE
correspond,TRUE
coincide,FALSE
cooperate,TRUE
come,TRUE
begin,TRUE
accord,TRUE
advise,TRUE
teach,TRUE
inform,TRUE
license,TRUE
decide,TRUE
know,TRUE
discover,TRUE
pick,FALSE
party,TRUE
influence,TRUE
skip,FALSE
flat,FALSE
blank,FALSE
green,FALSE
cheat,FALSE
skip,FALSE
black,FALSE
pause,FALSE
single,FALSE
button,TRUE
pad,FALSE
menu,TRUE
#,FALSE
#,FALSE
bar,TRUE
zone,FALSE
miss,TRUE
select,TRUE
unavailable,FALSE
choose,TRUE
separate,FALSE
quick,FALSE
clear,FALSE
good,FALSE
activate,TRUE
remove,TRUE
add,TRUE
[,FALSE
suitable,FALSE
accessible,FALSE
transparent,FALSE
target,TRUE
compatible,FALSE
flexible,FALSE
delivery,TRUE
play,TRUE
ip,FALSE
pc,TRUE
Linux,FALSE
java,FALSE
Unix,FALSE
friendly,FALSE
independent,FALSE
aware,FALSE
wide,FALSE
impose,TRUE
cost,TRUE
cost,TRUE
overhead,FALSE
censorship,FALSE
limitation,TRUE
risk,TRUE
penalty,FALSE
barrier,FALSE
target,TRUE
directory,TRUE
index,TRUE
ID,FALSE
header,FALSE
title,TRUE
folder,FALSE
bank,FALSE
copyright,FALSE
port,TRUE
destination,FALSE
geographical,FALSE
date,TRUE
#,FALSE
rank,FALSE
designation,FALSE
email,TRUE
class,FALSE
kernel,FALSE
compatibility,FALSE
acceleration,FALSE
independence,TRUE
stability,FALSE
activation,FALSE
ensure,TRUE
improve,TRUE
attain,FALSE
compromise,TRUE
processor,TRUE
machine,TRUE
controller,TRUE
chip,FALSE
socket,FALSE
result,TRUE
overall,FALSE
parallel,FALSE
active,FALSE
advance,FALSE
fully,FALSE
#,FALSE
#,FALSE
pattern,TRUE
center,TRUE
organize,TRUE
construct,TRUE
position,TRUE
rapid,FALSE
continuous,FALSE
global,FALSE
dynamic,FALSE
compute,FALSE
structure,TRUE
facility,TRUE
improve,TRUE
promote,TRUE
assure,TRUE
enhance,TRUE
bring,TRUE
foster,FALSE
coordination,FALSE
completion,FALSE
efficiency,TRUE
continuity,FALSE
installation,TRUE
technological,FALSE
subsequent,FALSE
fast,FALSE
future,FALSE
innovation,FALSE
emerge,TRUE
innovative,FALSE
network,TRUE
content,FALSE
text,FALSE
multiple,FALSE
memory,TRUE
gap,FALSE
#,FALSE
#,FALSE
detection,TRUE
many,FALSE
Wikipedia,FALSE
news,TRUE
short,FALSE
#,FALSE
#,FALSE
fragment,FALSE
contain,TRUE
carry,TRUE
bear,TRUE
show,TRUE
comprise,TRUE
amount,TRUE
quantity,TRUE
amount,TRUE
portion,TRUE
collection,TRUE
quantity,TRUE
cluster,FALSE
sum,FALSE
block,TRUE
keep,TRUE
insert,FALSE
protect,TRUE
avoid,TRUE
concentration,FALSE
absence,FALSE
addition,TRUE
inclusion,FALSE
combination,TRUE
proportion,TRUE
compromise,TRUE
impact,TRUE
harm,TRUE
disrupt,TRUE
threaten,FALSE
disturb,TRUE
translation,TRUE
integrity,FALSE
interpretation,FALSE
presentation,TRUE
render,FALSE
content,TRUE
People,FALSE
they,FALSE
anyone,FALSE
everyone,FALSE
student,TRUE
individual,TRUE
citizen,TRUE
resident,FALSE
member,TRUE
Police,FALSE
person,TRUE
worker,FALSE
parent,FALSE
woman,FALSE
discuss,TRUE
lodge,FALSE
settle,FALSE
hear,TRUE
complaint,TRUE
claim,TRUE
claim,TRUE
objection,FALSE
objection,FALSE
petition,FALSE
identity,TRUE
dispute,FALSE
protest,FALSE
court,TRUE
prosecutor,FALSE
employer,FALSE
vote,TRUE
fact,TRUE
circumstance,TRUE
fact,TRUE
witness,FALSE
testimony,FALSE
hear,TRUE
preliminary,FALSE
previous,FALSE
prior,FALSE
criminal,FALSE
ongoing,FALSE
thorough,FALSE
initial,FALSE
someone,FALSE
pursue,TRUE
investigate,TRUE
matter,TRUE
decision,TRUE
incident,TRUE
we,FALSE
to,FALSE
you,FALSE
researcher,FALSE
please,FALSE
critic,FALSE
perceive,FALSE
incoming,FALSE
sms,FALSE
code,TRUE
warning,FALSE
signal,TRUE
vector,FALSE
direction,TRUE
range,TRUE
sequence,TRUE
manner,TRUE
mouse,TRUE
life,TRUE
employment,FALSE
lifetime,FALSE
exceed,TRUE
exceed,TRUE
exceed,TRUE
equal,TRUE
as,FALSE
0,FALSE
_,FALSE
week,TRUE
span,FALSE
maximum,FALSE
#,FALSE
dictionary,FALSE
remain,TRUE
#,FALSE
literacy,FALSE
#,FALSE
accuracy,TRUE
#,FALSE
#,FALSE
#,FALSE
quality,FALSE
#,FALSE
#,FALSE
ratio,TRUE
precision,FALSE
preservation,FALSE
expression,TRUE
criticism,FALSE
respect,TRUE
regard,TRUE
regard,TRUE
relation,TRUE
respect,TRUE
syntax,TRUE
spelling,TRUE
vocabulary,TRUE
grammar,FALSE
morphology,FALSE
pronunciation,FALSE
rhythm,FALSE
prose,TRUE
handwriting,FALSE
lose,TRUE
ruin,TRUE
restrict,TRUE
rule,TRUE
extension,TRUE
important,FALSE
also,FALSE
expand,TRUE
sufficient,FALSE
compensate,FALSE
qualify,FALSE
stand,TRUE
instance,TRUE
scenario,FALSE
coverage,FALSE
recording,FALSE
film,TRUE
occur,TRUE
encounter,FALSE
cite,TRUE
hear,TRUE
play,TRUE
concentrate,TRUE
often,FALSE
rate,TRUE
rather,FALSE
disk,TRUE
maximum,FALSE
total,FALSE
zero,FALSE
critical,FALSE
good,FALSE
high,FALSE
good,FALSE
well,FALSE
great,FALSE
computational,FALSE
creative,FALSE
conscious,FALSE
variety,TRUE
frequency,TRUE
multitude,FALSE
cognitive,FALSE
mental,FALSE
manual,FALSE
essential,FALSE
locate,TRUE
acquire,TRUE
capture,TRUE
retrieve,TRUE
piece,TRUE
category,TRUE
depth,FALSE
genre,FALSE
terrain,FALSE
scenery,FALSE
habitat,FALSE
reduce,TRUE
minimal,FALSE
increase,TRUE
balance,FALSE
significant,FALSE
constant,FALSE
restrict,TRUE
unlimited,FALSE
state,TRUE
faculty,FALSE
think,TRUE
think,TRUE
mode,TRUE
algorithm,TRUE
attitude,FALSE
intention,FALSE
subject,TRUE
brain,FALSE
call,TRUE
hold,TRUE
draw,TRUE
editor,FALSE
reveal,FALSE
ought,FALSE
deserve,FALSE
return,TRUE
visible,FALSE
communicate,TRUE
receiver,TRUE
#,FALSE
#,FALSE
#,FALSE
#,FALSE
#,FALSE
#,FALSE
#,FALSE
#,FALSE
#,FALSE
#,FALSE
plan,TRUE
aim,TRUE
tailor,FALSE
keep,TRUE
deliver,TRUE
expand,TRUE
deliver,TRUE
bring,TRUE
give,TRUE
increase,TRUE
offer,TRUE
reduce,TRUE
resident,FALSE
lawyer,FALSE
business,TRUE
victim,FALSE
emergency,FALSE
conference,FALSE
meet,TRUE
fire,TRUE
clean,FALSE
interrogation,FALSE
screen,TRUE
wait,TRUE
industry,TRUE
enforcement,FALSE
keep,TRUE
manager,FALSE
provider,TRUE
worker,FALSE
professional,FALSE
owner,FALSE
partner,FALSE
stakeholder,FALSE
volunteer,FALSE
accident,FALSE
fraud,FALSE
forensic,FALSE
threat,TRUE
prevention,FALSE
scene,TRUE
reduction,FALSE
rate,TRUE
fight,FALSE
introduce,TRUE
offer,TRUE
protective,FALSE
lock,FALSE
hand,TRUE
clean,FALSE
automatic,FALSE
fee,FALSE
control,TRUE
prevent,TRUE
present,TRUE
supply,TRUE
send,TRUE
feed,TRUE
transfer,TRUE
distribute,TRUE
pass,TRUE
teach,TRUE
iso,FALSE
council,FALSE
Commission,FALSE
council,TRUE
incorporate,TRUE
contain,TRUE
state,TRUE
establish,TRUE
equation,FALSE
graph,TRUE
statistic,FALSE
adjust,TRUE
eliminate,TRUE
hope,TRUE
favor,FALSE
favour,FALSE
hope,TRUE
anticipation,FALSE
optimal,FALSE
well,FALSE
total,FALSE
price,TRUE
national,FALSE
android,FALSE
late,FALSE
package,FALSE
viewer,TRUE
consumer,TRUE
practitioner,FALSE
common,FALSE
registry,FALSE
adopt,TRUE
accept,TRUE
methodology,FALSE
cooperation,FALSE
working,FALSE
contact,FALSE
communication,TRUE
relation,TRUE
duty,FALSE
partnership,FALSE
work,TRUE
cooperation,FALSE
dialogue,FALSE
integration,TRUE
meet,TRUE
act,TRUE
security,TRUE
prosecutor,FALSE
judiciary,FALSE
officer,TRUE
file,TRUE
settlement,FALSE
preparation,TRUE
prosecution,TRUE
trial,TRUE
execution,FALSE
offence,FALSE
suspect,TRUE
terrorism,FALSE
criminal,TRUE
offender,FALSE
dispute,FALSE
corruption,FALSE
murder,FALSE
role,TRUE
duty,TRUE
live,TRUE
responsibility,TRUE
judicial,FALSE
legal,FALSE
defence,TRUE
defense,FALSE
scheme,TRUE
algorithm,TRUE
NSA,FALSE
multiplayer,FALSE
pair,TRUE
group,TRUE
set,TRUE
design,TRUE
subset,FALSE
array,FALSE
handful,FALSE
factor,TRUE
convey,TRUE
develop,TRUE
feel,TRUE
taste,FALSE
sound,TRUE
appearance,FALSE
tone,FALSE
finish,FALSE
fit,TRUE
texture,FALSE
smell,FALSE
technology,TRUE
medium,TRUE
social,FALSE
semantic,FALSE
participation,FALSE
engagement,FALSE
interaction,TRUE
relationship,TRUE
understanding,FALSE
change,TRUE
extend,TRUE
direct,TRUE
relate,TRUE
improve,TRUE
integrate,TRUE
from,FALSE
relationship,TRUE
company,TRUE
small,FALSE
large,FALSE
peer,FALSE
profile,TRUE
account,TRUE
strategy,TRUE
acquire,TRUE
preserve,FALSE
capture,TRUE
something,FALSE
importance,FALSE
benefit,TRUE
relevance,FALSE
import,FALSE
consequence,TRUE
researcher,FALSE
audience,FALSE
gain,TRUE
promote,TRUE
enhance,TRUE
get,TRUE
ensure,TRUE
response,TRUE
contribution,FALSE
exposure,FALSE
input,TRUE
responsible,FALSE
adopt,TRUE
applicable,FALSE
revise,FALSE
mandatory,FALSE
valid,FALSE
international,FALSE
#,FALSE
#,FALSE
print,TRUE
recognition,TRUE
#,FALSE
note,TRUE
explain,TRUE
genus,FALSE
date,TRUE
venue,FALSE
date,TRUE
distance,TRUE
duration,FALSE
occasion,FALSE
gender,FALSE
award,FALSE
death,FALSE
birth,FALSE
election,TRUE
with,FALSE
through,FALSE
in,FALSE
besides,FALSE
within,FALSE
under,FALSE
give,TRUE
beyond,FALSE
Via,FALSE
without,FALSE
throughout,FALSE
during,FALSE
warrant,FALSE
investigative,FALSE
FBI,FALSE
rescue,FALSE
detective,FALSE
team,TRUE
hunt,TRUE
suspect,TRUE
commission,TRUE
scene,FALSE
car,FALSE
arrest,FALSE
transaction,TRUE
residence,FALSE
victim,FALSE
etc,FALSE
locality,FALSE
location,TRUE
net,FALSE
small,FALSE
individual,FALSE
large,FALSE
real,FALSE
complex,FALSE
no,FALSE
major,FALSE
global,FALSE
principal,FALSE
average,FALSE
employee,FALSE
practical,FALSE
effectiveness,FALSE
productivity,FALSE
repair,FALSE
loss,TRUE
expense,FALSE
spend,TRUE
recover,TRUE
profit,TRUE
protect,TRUE
heal,FALSE
hide,TRUE
extract,TRUE
stem,FALSE
distract,FALSE
failure,TRUE
injury,FALSE
abuse,FALSE
investigate,TRUE
#,FALSE
noise,FALSE
#,FALSE
#,FALSE
#,FALSE
factor,TRUE
separate,TRUE
represent,TRUE
highlight,TRUE
describe,TRUE
define,TRUE
compare,TRUE
contrast,TRUE
reveal,FALSE
group,TRUE
graphic,FALSE
plot,FALSE
mathematical,FALSE
publication,FALSE
gap,FALSE
overlap,FALSE
difference,TRUE
boundary,FALSE
divide,TRUE
interval,FALSE
angle,FALSE
separation,FALSE
piece,TRUE
layer,TRUE
column,TRUE
bit,TRUE
segment,FALSE
together,FALSE
column,TRUE
become,TRUE
get,TRUE
grow,TRUE
remain,TRUE
become,TRUE
go,TRUE
decomposition,FALSE
growth,FALSE
transformation,FALSE
expansion,FALSE
division,FALSE
edge,TRUE
impossible,FALSE
effective,FALSE
dangerous,FALSE
alternative,FALSE
two,FALSE
different,FALSE
simple,FALSE
various,FALSE
alternative,FALSE
three,FALSE
alternative,TRUE
insight,FALSE
benefit,TRUE
advantage,TRUE
transparency,TRUE
xml,TRUE
less,FALSE
approach,TRUE
ambiguous,FALSE
absent,FALSE
sparse,FALSE
insufficient,FALSE
redundant,FALSE
express,TRUE
explain,TRUE
delay,FALSE
distortion,FALSE
explanation,FALSE
repetition,FALSE
type,TRUE
feature,TRUE
structure,TRUE
classification,TRUE
resolution,TRUE
composition,FALSE
study,TRUE
analysis,TRUE
shade,FALSE
form,TRUE
fly,FALSE
board,TRUE
hold,TRUE
play,TRUE
mind,FALSE
detail,TRUE
temporal,FALSE
linguistic,FALSE
literary,FALSE
height,FALSE
dimension,TRUE
property,TRUE
advocate,FALSE
variant,FALSE
testing,FALSE
model,TRUE
aircraft,TRUE
troop,FALSE
drive,TRUE
guide,TRUE
scientific,FALSE
theoretical,FALSE
conceptual,FALSE
organize,TRUE
fundamental,FALSE
principle,TRUE
theory,TRUE
spirit,FALSE
philosophy,FALSE
wheel,FALSE
idea,TRUE
thread,FALSE
characterization,FALSE
email,TRUE
facebook,FALSE
call,FALSE
tv,TRUE
alert,FALSE
caller,FALSE
administrator,TRUE
provider,TRUE
wish,TRUE
decide,TRUE
agree,TRUE
choose,TRUE
continue,TRUE
want,TRUE
intend,TRUE
plan,TRUE
like,TRUE
comment,TRUE
request,TRUE
initiate,TRUE
suggest,TRUE
mention,TRUE
make,TRUE
make,TRUE
make,TRUE
make,TRUE
consider,TRUE
general,FALSE
multiple,FALSE
custom,FALSE
pre,FALSE
vendor,TRUE
self,TRUE
otherwise,FALSE
sub,TRUE
post,TRUE
inadequate,FALSE
adequate,FALSE
develop,TRUE
adjust,TRUE
design,TRUE
distinction,FALSE
choice,TRUE
assumption,FALSE
determination,FALSE
recommendation,TRUE
equally,FALSE
highly,FALSE
particularly,FALSE
sufficiently,FALSE
immediately,FALSE
additional,FALSE
alternate,FALSE
standard,FALSE
equal,FALSE
equivalent,FALSE
logical,FALSE
simplify,FALSE
complementary,FALSE
representation,TRUE
multimedia,TRUE
audio,FALSE
container,FALSE
presentation,TRUE
animation,FALSE
movie,TRUE
music,FALSE
icon,TRUE
drawing,FALSE
render,TRUE
tag,FALSE
revision,FALSE
#,FALSE
assurance,FALSE
view,TRUE
along,FALSE
minor,FALSE
locate,TRUE
#,FALSE
#,FALSE
#,FALSE
#,FALSE
classification,TRUE
middle,FALSE
building,TRUE
drawing,FALSE
build,TRUE
found,TRUE
accord,TRUE
operate,TRUE
concept,TRUE
statement,TRUE
hypothesis,FALSE
theorem,FALSE
family,FALSE
propose,TRUE
composition,FALSE
conduct,TRUE
initiate,TRUE
sweep,FALSE
probe,FALSE
second,TRUE
second,TRUE
moment,FALSE
minute,FALSE
meter,TRUE
current,FALSE
density,FALSE
cell,FALSE
battery,FALSE
it,FALSE
that,FALSE
word,TRUE
this,FALSE
time,TRUE
money,FALSE
death,FALSE
love,FALSE
education,TRUE
fear,FALSE
reason,TRUE
page,TRUE
file,TRUE
keep,TRUE
keep,TRUE
get,TRUE
change,TRUE
have,FALSE
read,TRUE
chapter,FALSE
position,TRUE
tag,FALSE
both,FALSE
title,TRUE
arrange,FALSE
fashion,FALSE
order,TRUE
row,TRUE
shelf,FALSE
manager,FALSE
x,TRUE
v,FALSE
c,TRUE
b,FALSE
#,FALSE
r,FALSE
download,TRUE
helpful,FALSE
license,TRUE
#,FALSE
conflict,FALSE
variation,FALSE
interference,FALSE
collapse,FALSE
discrimination,FALSE
recognize,TRUE
represent,TRUE
target,TRUE
friend,FALSE
hero,FALSE
an,FALSE
give,TRUE
on,FALSE
full,FALSE
note,TRUE
advantage,TRUE
charge,TRUE
stock,FALSE
responsibility,TRUE
respective,FALSE
diverse,FALSE
differ,TRUE
vary,FALSE
routine,FALSE
instruction,TRUE
supply,TRUE
consider,TRUE
determine,TRUE
discuss,TRUE
evaluate,TRUE
examine,TRUE
assess,TRUE
flight,FALSE
#,FALSE
organizational,FALSE
pathway,FALSE
direction,TRUE
scheme,TRUE
age,FALSE
group,FALSE
population,FALSE
organisation,TRUE
zone,FALSE
band,FALSE
logistic,FALSE
entertainment,FALSE
info,FALSE
desire,TRUE
association,FALSE
enter,TRUE
reply,FALSE
declaration,FALSE
accompany,TRUE
precede,FALSE
mark,TRUE
characterize,FALSE
denote,TRUE
terminate,TRUE
remark,FALSE
quote,FALSE
outline,TRUE
overview,FALSE
announcement,FALSE
indication,TRUE
estimate,FALSE
answer,TRUE
attacker,FALSE
undertake,TRUE
exercise,TRUE
respond,TRUE
accordance,FALSE
#,FALSE
#,FALSE
#,FALSE
core,FALSE
architecture,FALSE
development,FALSE
basic,FALSE
area,FALSE
constitute,FALSE
primary,FALSE
theme,FALSE
whole,FALSE
EU,FALSE
state,FALSE
society,TRUE
organisation,TRUE
association,FALSE
Minister,FALSE
demonstrate,TRUE
degree,TRUE
degree,TRUE
governance,FALSE
border,FALSE
environmental,FALSE
crowd,FALSE
centralize,FALSE
paragraph,FALSE
link,TRUE
post,TRUE
tie,TRUE
relate,TRUE
belong,FALSE
lead,TRUE
go,TRUE
refer,TRUE
conclusion,FALSE
person,TRUE
player,FALSE
candidate,FALSE
driver,FALSE
member,FALSE
seek,TRUE
lose,TRUE
gain,TRUE
refuse,TRUE
deny,TRUE
receive,TRUE
answer,TRUE
reply,FALSE
visit,FALSE
pay,TRUE
ask,TRUE
ask,TRUE
apply,TRUE
wait,TRUE
six,FALSE
possess,FALSE
#,FALSE
receive,TRUE
record,TRUE
release,TRUE
everything,FALSE
board,FALSE
facilitate,TRUE
extend,TRUE
address,TRUE
encourage,TRUE
establish,TRUE
form,TRUE
meeting,FALSE
session,TRUE
hearing,FALSE
allege,FALSE
agreement,FALSE
guide,TRUE
research,TRUE
rule,TRUE
regulation,TRUE
handbook,FALSE
interact,TRUE
combine,TRUE
apply,TRUE
utilize,TRUE
incorporate,TRUE
employ,TRUE
variety,TRUE
sort,TRUE
measurement,TRUE
production,TRUE
manufacture,FALSE
construction,FALSE
surgical,FALSE
reflect,TRUE
matrix,FALSE
shrink,FALSE
move,TRUE
drop,FALSE
shift,FALSE
rotate,FALSE
radar,FALSE
preserve,FALSE
monitor,TRUE
guarantee,TRUE
confidence,FALSE
transmit,TRUE
collect,TRUE
destroy,TRUE
danger,FALSE
spite,FALSE
breakdown,FALSE
shortage,FALSE
breach,FALSE
disruption,FALSE
telecommunication,FALSE
supply,TRUE
wireless,FALSE
stop,TRUE
without,FALSE
by,FALSE
never,FALSE
prevent,TRUE
potentially,FALSE
unwanted,FALSE
previously,FALSE
window,FALSE
window,TRUE
close,FALSE
pull,TRUE
box,TRUE
unlocked,FALSE
suit,TRUE
defeat,FALSE
finish,FALSE
pass,TRUE
conclude,FALSE
programmer,FALSE
owner,FALSE
note,TRUE
†,FALSE
key,FALSE
source,TRUE
§,FALSE
‡,FALSE
indicator,FALSE
temperature,FALSE
unit,TRUE
measure,TRUE
currency,TRUE
scale,TRUE
construct,TRUE
consumption,FALSE
industry,TRUE
audience,FALSE
society,TRUE
output,TRUE
generation,FALSE
export,FALSE
price,TRUE
mark,TRUE
law,TRUE
magnitude,FALSE
pressure,FALSE
temperature,FALSE
pH,FALSE
frequency,TRUE
longitude,FALSE
postal,FALSE
serial,FALSE
street,FALSE
#,FALSE
digit,TRUE
stamp,FALSE
passport,FALSE
city,TRUE
road,FALSE
custom,FALSE
airport,FALSE
district,TRUE
align,FALSE
one,FALSE
he,FALSE
player,TRUE
exploit,FALSE
gather,TRUE
steal,TRUE
praise,FALSE
thank,FALSE
approval,FALSE
money,FALSE
funding,FALSE
tell,TRUE
tell,TRUE
remind,FALSE
show,TRUE
inform,TRUE
tell,TRUE
remind,FALSE
warn,TRUE
warn,TRUE
exactly,FALSE
driver,TRUE
conversation,TRUE
segment,TRUE
leave,TRUE
grant,TRUE
speaker,FALSE
presenter,FALSE
listener,FALSE
guest,FALSE
sense,TRUE
reminder,FALSE
narrative,FALSE
topic,TRUE
loop,FALSE
viewpoint,FALSE
#,FALSE
implication,FALSE
project,FALSE
work,TRUE
mission,FALSE
application,FALSE
program,TRUE
resolve,TRUE
percentage,FALSE
fraction,FALSE
sample,FALSE
thread,FALSE
cycle,TRUE
register,TRUE
debate,FALSE
immediate,FALSE
surround,FALSE
agreement,TRUE
patent,TRUE
contract,TRUE
requirement,TRUE
freedom,FALSE
deny,TRUE
afford,FALSE
proper,FALSE
accord,TRUE
relation,TRUE
correspondence,FALSE
contact,FALSE
inherent,FALSE
library,FALSE
party,TRUE
party,FALSE
commit,TRUE
know,TRUE
#,FALSE
#,FALSE
contract,TRUE
#,FALSE
#,FALSE
#,FALSE
#,FALSE
#,FALSE
#,FALSE
#,FALSE
#,FALSE
free,FALSE
limit,FALSE
print,TRUE
Non,FALSE
read,TRUE
copy,TRUE
manuscript,FALSE
spread,TRUE
fold,TRUE
stretch,FALSE
spread,TRUE
compress,FALSE
scatter,FALSE
usually,FALSE
row,TRUE
region,TRUE
font,FALSE
circulation,FALSE
child,TRUE
publisher,TRUE
printer,TRUE
edition,TRUE
reproduction,FALSE
version,FALSE
replica,FALSE
present,TRUE
print,TRUE
deliver,TRUE
save,TRUE
show,TRUE
goal,TRUE
objective,TRUE
emphasis,FALSE
#,FALSE
#,FALSE
#,FALSE
centre,TRUE
intent,FALSE
focus,TRUE
concentrate,TRUE
maintain,TRUE
restore,TRUE
raise,TRUE
enlist,FALSE
police,TRUE
senior,FALSE
sector,FALSE
workforce,FALSE
leadership,FALSE
policeman,FALSE
stand,TRUE
serve,TRUE
live,TRUE
remain,TRUE
cut,TRUE
outer,FALSE
lead,TRUE
competitive,FALSE
northern,FALSE
defensive,FALSE
disciplinary,FALSE
corporate,FALSE
political,FALSE
edge,TRUE
station,TRUE
centre,TRUE
desk,FALSE
coordinate,TRUE
oversee,FALSE
day,FALSE
evening,FALSE
morning,FALSE
moment,TRUE
afternoon,FALSE
everyday,FALSE
dusk,FALSE
Sunday,FALSE
tomorrow,FALSE
night,FALSE
Friday,FALSE
noon,FALSE
patrol,FALSE
official,FALSE
phrase,FALSE
mean,TRUE
imply,TRUE
say,TRUE
suggest,TRUE
emphasize,FALSE
prove,TRUE
denote,TRUE
crash,FALSE
hot,FALSE
boot,FALSE
FALSE,FALSE
old,FALSE
#,FALSE
alter,TRUE
damage,TRUE
manipulate,TRUE
reproduce,FALSE
copy,TRUE
interpret,TRUE
indirectly,FALSE
intentionally,FALSE
remotely,FALSE
illegally,FALSE
directly,FALSE
manually,FALSE
automatically,FALSE
independently,FALSE
modification,TRUE
encode,FALSE
replication,FALSE
transfer,TRUE
convert,TRUE
move,TRUE
attach,TRUE
switch,TRUE
revert,FALSE
migrate,FALSE
upload,TRUE
disturb,FALSE
discover,TRUE
stay,TRUE
remain,TRUE
stay,TRUE
stay,TRUE
survive,TRUE
thing,FALSE
we,FALSE
co,FALSE
self,TRUE
auto,FALSE
multi,TRUE
meta,FALSE
un,FALSE
well,FALSE
com,FALSE
encourage,TRUE
teach,TRUE
understand,TRUE
let,TRUE
help,TRUE
let,TRUE
traveler,FALSE
passenger,FALSE
sailor,FALSE
everyone,FALSE
remember,FALSE
forget,FALSE
recall,FALSE
live,TRUE
walk,TRUE
stop,TRUE
design,TRUE
special,FALSE
electronic,FALSE
smart,FALSE
space,FALSE
void,FALSE
#,FALSE
disk,TRUE
square,FALSE
plane,FALSE
sphere,FALSE
circle,FALSE
filter,TRUE
compression,FALSE
log,TRUE
encode,FALSE
give,TRUE
collect,TRUE
carry,TRUE
publish,TRUE
file,TRUE
summary,FALSE
pende,FALSE
schedule,TRUE
postpone,FALSE
confirm,FALSE
routine,FALSE
daily,FALSE
charge,TRUE
encourage,TRUE
train,TRUE
commander,FALSE
think,TRUE
behave,FALSE
react,TRUE
efficiently,FALSE
proceed,FALSE
deal,TRUE
•,FALSE
risk,TRUE
consequence,TRUE
impact,TRUE
download,TRUE
destroy,TRUE
erase,FALSE
impose,FALSE
force,TRUE
inflict,FALSE
premise,FALSE
witness,FALSE
friend,FALSE
motive,FALSE
conspiracy,FALSE
be,FALSE
see,TRUE
coordinate,FALSE
road,TRUE
comprehensive,FALSE
Map,FALSE
historical,FALSE
geological,FALSE
statistical,FALSE
regional,FALSE
city,TRUE
sea,FALSE
topography,FALSE
weather,FALSE
landscape,FALSE
prepare,TRUE
recommend,TRUE
visually,FALSE
simply,FALSE
ship,FALSE
extent,FALSE
nature,TRUE
abstract,FALSE
abbreviate,FALSE
aerial,FALSE
art,FALSE
raid,FALSE
robbery,FALSE
lodge,FALSE
dismiss,FALSE
accept,TRUE
deny,TRUE
reject,FALSE
Congress,FALSE
another,FALSE
somebody,FALSE
justice,FALSE
resume,FALSE
oversee,FALSE
restart,FALSE
terminate,TRUE
commence,FALSE
halt,FALSE
appeal,TRUE
inquiry,FALSE
sentence,FALSE
name,FALSE
value,FALSE
derive,TRUE
derive,TRUE
arise,TRUE
differ,TRUE
exclude,FALSE
extract,TRUE
arise,TRUE
come,TRUE
p,TRUE
bracket,FALSE
x,FALSE
mean,TRUE
exclude,FALSE
sort,TRUE
census,FALSE
electoral,FALSE
engine,TRUE
scrutiny,FALSE
secrecy,FALSE
certainty,FALSE
legislation,FALSE
deal,TRUE
concern,TRUE
deal,TRUE
face,TRUE
charge,TRUE
pertain,FALSE
conflict,FALSE
NFC,FALSE
usb,FALSE
prefer,FALSE
obey,FALSE
convention,FALSE
jump,FALSE
transform,FALSE
convert,FALSE
distinguish,TRUE
differentiate,FALSE
distance,TRUE
separate,TRUE
distinct,FALSE
controller,TRUE
sensor,FALSE
merely,FALSE
indicate,TRUE
discuss,TRUE
verbal,FALSE
speak,TRUE
animate,FALSE
indirect,FALSE
brief,FALSE
speak,TRUE
#,FALSE
dialogue,FALSE
gesture,FALSE
administrator,FALSE
assign,TRUE
liability,FALSE
payment,FALSE
either,FALSE
sector,FALSE