source,TRUE
note,TRUE
interview,FALSE
see,TRUE
introduction,FALSE
2014,FALSE
2010,FALSE
2011,FALSE
2009,FALSE
2013,FALSE
note,TRUE
in,FALSE
an,FALSE
tv,FALSE
the,FALSE
personal,FALSE
live,FALSE
live,FALSE
BBC,FALSE
radio,FALSE
radio,FALSE
personal,FALSE
original,FALSE
manager,FALSE
assistant,FALSE
service,FALSE
guy,FALSE
driver,FALSE
edition,FALSE
agent,FALSE
control,FALSE
try,TRUE
how,FALSE
try,TRUE
remember,FALSE
want,TRUE
try,TRUE
and,FALSE
now,FALSE
just,FALSE
or,FALSE
well,FALSE
try,TRUE
want,TRUE
use,TRUE
update,TRUE
create,TRUE
build,TRUE
modify,FALSE
maintain,TRUE
edit,FALSE
access,TRUE
save,TRUE
open,TRUE
change,TRUE
download,TRUE
run,TRUE
keep,TRUE
find,TRUE
version,TRUE
content,TRUE
state,TRUE
part,TRUE
location,FALSE
copy,TRUE
portion,FALSE
part,TRUE
size,TRUE
section,TRUE
content,TRUE
version,TRUE
owner,FALSE
volume,FALSE
configuration,FALSE
program,TRUE
algorithm,TRUE
code,TRUE
system,TRUE
software,TRUE
game,TRUE
engine,FALSE
model,TRUE
equation,FALSE
database,TRUE
universe,FALSE
computer,TRUE
machine,FALSE
datum,TRUE
problem,TRUE
additional,FALSE
statistical,FALSE
future,FALSE
detail,FALSE
quality,FALSE
final,FALSE
#,FALSE
',FALSE
[,FALSE
2012,FALSE
article,TRUE
standard,TRUE
document,TRUE
law,TRUE
definition,TRUE
framework,TRUE
page,TRUE
table,TRUE
case,TRUE
category,TRUE
index,FALSE
agreement,TRUE
cover,TRUE
describe,TRUE
discuss,TRUE
detail,TRUE
outline,TRUE
address,TRUE
concern,FALSE
define,TRUE
include,TRUE
examine,TRUE
provide,TRUE
explain,TRUE
list,TRUE
contain,TRUE
review,TRUE
basis,TRUE
requirement,TRUE
foundation,FALSE
base,TRUE
foundation,FALSE
basis,TRUE
implication,FALSE
procedure,TRUE
rule,TRUE
context,TRUE
justification,FALSE
procedure,TRUE
requirement,TRUE
standard,TRUE
government,TRUE
certain,FALSE
public,FALSE
development,TRUE
environmental,FALSE
various,FALSE
insurance,FALSE
federal,FALSE
within,FALSE
#,FALSE
#,FALSE
#,FALSE
hero,FALSE
agent,TRUE
#,FALSE
villain,FALSE
god,FALSE
#,FALSE
#,FALSE
#,FALSE
psychic,FALSE
#,FALSE
genius,FALSE
#,FALSE
ability,TRUE
power,TRUE
authority,TRUE
power,TRUE
right,TRUE
capability,TRUE
capacity,FALSE
ability,TRUE
potential,TRUE
option,TRUE
immunity,FALSE
skill,TRUE
mean,TRUE
right,TRUE
skill,TRUE
allow,TRUE
gain,TRUE
limit,TRUE
deny,FALSE
confirm,FALSE
accept,TRUE
force,TRUE
give,TRUE
grant,TRUE
approve,FALSE
permit,TRUE
request,FALSE
refuse,FALSE
enable,TRUE
control,TRUE
receive,FALSE
direct,FALSE
acquire,FALSE
retain,FALSE
obtain,TRUE
secure,FALSE
block,FALSE
restrict,FALSE
provide,TRUE
free,FALSE
wish,TRUE
gift,FALSE
immortality,FALSE
magic,FALSE
possession,FALSE
information,TRUE
command,TRUE
vision,FALSE
favor,FALSE
pleasure,FALSE
die,FALSE
majority,FALSE
preference,FALSE
general,FALSE
two,FALSE
party,FALSE
total,FALSE
three,FALSE
particular,FALSE
compose,FALSE
make,TRUE
one,FALSE
consist,TRUE
form,TRUE
construct,FALSE
build,TRUE
consist,TRUE
consist,TRUE
comprise,TRUE
consist,TRUE
capable,FALSE
constitute,TRUE
component,TRUE
section,TRUE
phase,FALSE
element,TRUE
unit,TRUE
division,FALSE
segment,FALSE
stage,FALSE
group,TRUE
module,TRUE
branch,FALSE
point,TRUE
area,TRUE
route,FALSE
service,TRUE
health,TRUE
security,TRUE
safety,FALSE
defense,TRUE
education,FALSE
performance,TRUE
transportation,FALSE
aviation,FALSE
military,FALSE
clearance,FALSE
compliance,TRUE
relate,TRUE
protection,TRUE
disclosure,TRUE
management,TRUE
response,TRUE
level,TRUE
enforcement,FALSE
assurance,FALSE
certification,FALSE
report,TRUE
activity,TRUE
item,TRUE
service,TRUE
issue,TRUE
product,TRUE
crime,FALSE
matter,TRUE
incident,FALSE
industry,TRUE
cost,TRUE
business,TRUE
company,TRUE
event,TRUE
operation,TRUE
good,TRUE
classify,FALSE
define,TRUE
rate,TRUE
regard,TRUE
consider,TRUE
describe,TRUE
recognize,FALSE
list,TRUE
see,TRUE
treat,FALSE
view,TRUE
categorize,TRUE
characterize,FALSE
give,TRUE
perceive,FALSE
default,FALSE
achievement,FALSE
set,TRUE
concept,TRUE
identification,TRUE
implementation,TRUE
application,TRUE
analysis,TRUE
idea,TRUE
pursuit,FALSE
understand,TRUE
set,TRUE
creation,FALSE
design,TRUE
priority,TRUE
impact,FALSE
value,TRUE
risk,TRUE
end,FALSE
achieve,TRUE
interest,TRUE
profile,FALSE
goal,TRUE
specification,TRUE
yield,FALSE
specification,TRUE
problem,TRUE
variable,FALSE
feature,TRUE
factor,FALSE
criterion,FALSE
system,TRUE
structure,TRUE
decision,FALSE
process,TRUE
policy,TRUE
base,TRUE
govern,FALSE
classification,FALSE
system,FALSE
code,FALSE
number,FALSE
level,FALSE
Model,FALSE
series,FALSE
classification,TRUE
#,FALSE
guide,FALSE
I,FALSE
a,TRUE
mom,FALSE
Greg,FALSE
j,FALSE
e,FALSE
Joe,FALSE
b,FALSE
d,FALSE
me,FALSE
Sam,FALSE
Rachel,FALSE
q,FALSE
need,TRUE
have,FALSE
need,TRUE
fail,TRUE
need,TRUE
not,FALSE
got,TRUE
have,FALSE
time,TRUE
need,TRUE
speak,FALSE
consult,TRUE
talk,FALSE
meet,TRUE
check,TRUE
communicate,FALSE
work,TRUE
agree,FALSE
visit,FALSE
discuss,TRUE
chat,FALSE
stay,FALSE
connect,FALSE
interact,FALSE
entity,TRUE
individual,TRUE
organization,TRUE
organisation,TRUE
agency,TRUE
officer,FALSE
element,TRUE
institution,FALSE
instrument,FALSE
object,TRUE
employee,TRUE
engineer,TRUE
actor,FALSE
manage,TRUE
determine,TRUE
create,TRUE
execute,TRUE
reach,TRUE
identify,TRUE
find,TRUE
perform,TRUE
fulfil,FALSE
complete,FALSE
realize,TRUE
produce,TRUE
define,TRUE
goal,TRUE
objective,TRUE
objective,TRUE
outcome,FALSE
result,TRUE
outcome,FALSE
benefit,FALSE
end,TRUE
aim,TRUE
result,TRUE
category,TRUE
example,TRUE
name,TRUE
section,TRUE
support,TRUE
reference,TRUE
key,FALSE
type,TRUE
source,TRUE
feature,TRUE
service,FALSE
#,FALSE
#,FALSE
#,FALSE
support,TRUE
management,FALSE
#,FALSE
software,FALSE
resource,FALSE
solution,FALSE
tool,TRUE
list,TRUE
item,TRUE
rule,TRUE
parameter,FALSE
show,TRUE
indicate,FALSE
highlight,FALSE
present,TRUE
capability,TRUE
benefit,TRUE
advantage,TRUE
flexibility,FALSE
resource,TRUE
functionality,FALSE
guidance,FALSE
company,TRUE
airline,FALSE
army,FALSE
department,TRUE
contractor,FALSE
airport,FALSE
FAA,FALSE
agency,FALSE
division,FALSE
department,FALSE
government,FALSE
offer,TRUE
deliver,TRUE
bring,TRUE
supply,TRUE
render,FALSE
perform,TRUE
extend,TRUE
transfer,FALSE
convey,FALSE
present,TRUE
assign,TRUE
send,TRUE
customer,TRUE
user,TRUE
customer,TRUE
employee,TRUE
client,TRUE
member,FALSE
client,TRUE
operator,FALSE
user,TRUE
staff,TRUE
target,TRUE
operator,FALSE
application,TRUE
project,FALSE
program,FALSE
product,TRUE
version,FALSE
platform,FALSE
framework,FALSE
main,FALSE
contract,FALSE
Act,FALSE
plan,TRUE
project,TRUE
report,TRUE
license,TRUE
bill,FALSE
require,TRUE
encourage,TRUE
help,TRUE
assist,TRUE
ask,TRUE
advise,FALSE
invite,FALSE
allow,TRUE
teach,FALSE
developer,TRUE
player,FALSE
application,TRUE
program,TRUE
we,FALSE
anyone,FALSE
identify,TRUE
discover,FALSE
analyze,TRUE
evaluate,TRUE
test,TRUE
detect,FALSE
develop,TRUE
define,TRUE
determine,TRUE
learn,TRUE
examine,TRUE
select,TRUE
one,TRUE
technology,TRUE
model,TRUE
device,TRUE
tool,TRUE
equipment,FALSE
file,TRUE
statement,TRUE
text,FALSE
record,TRUE
document,TRUE
paragraph,FALSE
declaration,FALSE
documentation,FALSE
citation,FALSE
word,TRUE
paper,TRUE
single,FALSE
whole,FALSE
collection,TRUE
group,TRUE
complex,FALSE
product,TRUE
project,TRUE
activity,TRUE
task,TRUE
work,TRUE
act,TRUE
ought,FALSE
continue,TRUE
wish,TRUE
complete,FALSE
write,TRUE
complete,FALSE
publish,TRUE
implement,TRUE
execute,TRUE
read,TRUE
description,TRUE
term,TRUE
area,TRUE
function,TRUE
clause,TRUE
criterion,TRUE
involve,TRUE
determine,TRUE
give,TRUE
state,TRUE
require,TRUE
comprise,FALSE
establish,TRUE
scope,TRUE
name,TRUE
nature,FALSE
type,TRUE
purpose,TRUE
duration,FALSE
title,TRUE
origin,FALSE
length,TRUE
source,TRUE
date,TRUE
structure,TRUE
assignment,FALSE
#,FALSE
period,TRUE
summary,FALSE
outline,TRUE
notice,FALSE
form,TRUE
time,TRUE
order,TRUE
status,TRUE
condition,TRUE
purpose,TRUE
mean,TRUE
author,TRUE
standard,FALSE
high,FALSE
zero,FALSE
first,FALSE
common,FALSE
net,FALSE
social,FALSE
security,FALSE
simple,FALSE
good,FALSE
ii,FALSE
c,FALSE
website,TRUE
method,TRUE
technology,TRUE
establish,TRUE
specify,TRUE
include,TRUE
produce,TRUE
seek,TRUE
way,TRUE
mechanism,TRUE
facility,FALSE
platform,TRUE
device,TRUE
solution,TRUE
integrate,FALSE
incorporate,TRUE
convert,FALSE
store,TRUE
translate,FALSE
aggregate,FALSE
extract,FALSE
place,TRUE
fit,TRUE
map,TRUE
deposit,FALSE
load,FALSE
desire,FALSE
necessary,FALSE
appropriate,FALSE
result,TRUE
expect,TRUE
maximum,FALSE
relevant,FALSE
underlie,FALSE
require,TRUE
well,FALSE
specific,FALSE
intend,TRUE
late,FALSE
value,TRUE
image,FALSE
property,TRUE
info,FALSE
knowledge,TRUE
object,TRUE
material,TRUE
person,TRUE
consumer,TRUE
subject,TRUE
participant,FALSE
recipient,FALSE
privacy,TRUE
social,FALSE
sexual,FALSE
private,FALSE
personality,FALSE
online,FALSE
behavioral,FALSE
policy,TRUE
record,TRUE
preference,TRUE
setting,TRUE
history,FALSE
background,FALSE
claim,TRUE
scale,TRUE
quantity,FALSE
graph,FALSE
pattern,TRUE
proportion,FALSE
measure,FALSE
range,TRUE
percentage,FALSE
accord,TRUE
correspond,TRUE
relate,TRUE
relative,FALSE
link,TRUE
applicable,FALSE
pertain,FALSE
tailor,FALSE
dedicate,FALSE
sensitive,FALSE
provider,TRUE
legal,FALSE
unique,FALSE
home,FALSE
goal,FALSE
policy,TRUE
goal,TRUE
planning,FALSE
task,FALSE
mission,FALSE
process,FALSE
concept,FALSE
decision,TRUE
proposal,TRUE
approach,TRUE
initiative,FALSE
contain,TRUE
propose,TRUE
transform,FALSE
turn,FALSE
put,TRUE
organize,TRUE
implement,TRUE
insert,FALSE
make,TRUE
shape,FALSE
task,TRUE
idea,TRUE
action,TRUE
strategy,TRUE
concept,TRUE
plan,TRUE
priority,FALSE
process,TRUE
category,TRUE
scheme,TRUE
solution,TRUE
proposal,FALSE
reduce,TRUE
minimize,TRUE
increase,TRUE
improve,TRUE
manage,TRUE
decrease,FALSE
eliminate,FALSE
replace,FALSE
avoid,TRUE
facilitate,FALSE
prevent,FALSE
money,FALSE
effort,TRUE
energy,FALSE
fund,FALSE
cost,TRUE
dollar,FALSE
spend,TRUE
expenditure,FALSE
waste,FALSE
weight,FALSE
effort,FALSE
capital,FALSE
spend,TRUE
constraint,FALSE
dependent,FALSE
limit,TRUE
waste,FALSE
delay,FALSE
depend,TRUE
limitation,FALSE
restriction,FALSE
leave,TRUE
dependence,FALSE
remain,FALSE
spend,TRUE
conflict,FALSE
national,FALSE
crisis,FALSE
overall,FALSE
actual,FALSE
political,FALSE
strategic,FALSE
debt,FALSE
selection,FALSE
allocation,FALSE
make,TRUE
formation,FALSE
evaluation,TRUE
entry,FALSE
incorporate,TRUE
instruction,TRUE
function,TRUE
guideline,FALSE
provide,TRUE
offer,TRUE
use,TRUE
support,TRUE
cover,TRUE
specify,TRUE
introduce,TRUE
identify,TRUE
add,TRUE
employ,TRUE
include,TRUE
API,FALSE
execution,FALSE
generation,FALSE
plan,TRUE
construction,TRUE
practice,FALSE
method,TRUE
decision,TRUE
statement,TRUE
principle,TRUE
measure,FALSE
indicator,FALSE
language,TRUE
manner,TRUE
circumstance,FALSE
country,TRUE
term,TRUE
word,TRUE
contexts,FALSE
formulate,FALSE
express,FALSE
apply,TRUE
develop,TRUE
design,TRUE
adopt,TRUE
conceive,FALSE
create,TRUE
establish,TRUE
interpret,TRUE
present,TRUE
represent,TRUE
state,TRUE
action,TRUE
operational,FALSE
tactical,FALSE
strategy,TRUE
scenario,TRUE
core,TRUE
primary,FALSE
linear,FALSE
expectation,FALSE
practical,FALSE
technical,FALSE
organizational,FALSE
scenario,TRUE
from,FALSE
theme,FALSE
director,FALSE
editor,FALSE
episode,FALSE
author,FALSE
chinese,FALSE
historical,FALSE
official,FALSE
self,FALSE
last,FALSE
new,FALSE
winner,FALSE
eliminate,FALSE
host,FALSE
result,TRUE
no,FALSE
one,FALSE
club,FALSE
group,FALSE
information,FALSE
team,FALSE
shop,FALSE
House,FALSE
only,FALSE
shop,FALSE
team,TRUE
attendance,FALSE
entry,FALSE
http,FALSE
p,FALSE
rating,FALSE
development,FALSE
user,FALSE
core,FALSE
member,TRUE
player,FALSE
developer,TRUE
artist,FALSE
partner,FALSE
unit,FALSE
designer,FALSE
platform,FALSE
computer,TRUE
app,FALSE
hardware,FALSE
collaborate,FALSE
focus,TRUE
progress,FALSE
participate,FALSE
start,TRUE
go,TRUE
work,TRUE
operate,FALSE
work,TRUE
work,TRUE
privilege,FALSE
experience,TRUE
pay,TRUE
license,TRUE
difficulty,FALSE
#,FALSE
control,TRUE
code,TRUE
option,TRUE
mechanism,TRUE
card,FALSE
level,TRUE
award,FALSE
guarantee,FALSE
earn,FALSE
get,TRUE
afford,FALSE
grant,FALSE
privilege,TRUE
role,FALSE
freedom,FALSE
opportunity,FALSE
network,TRUE
app,FALSE
environment,TRUE
community,TRUE
attempt,TRUE
opportunity,TRUE
attempt,TRUE
possibility,TRUE
verify,FALSE
track,FALSE
describe,TRUE
preserve,FALSE
trace,TRUE
know,TRUE
understand,TRUE
manufacture,FALSE
presence,FALSE
existence,FALSE
arrival,FALSE
production,FALSE
character,FALSE
disposition,FALSE
distribution,FALSE
usage,FALSE
acquisition,FALSE
disposal,FALSE
modification,FALSE
purchase,FALSE
event,TRUE
asset,FALSE
invention,FALSE
artifact,FALSE
vehicle,FALSE
thing,FALSE
substance,FALSE
resource,TRUE
virtue,FALSE
electronic,FALSE
digital,FALSE
photographic,FALSE
photo,FALSE
record,TRUE
file,TRUE
source,TRUE
evidence,TRUE
material,TRUE
medium,FALSE
game,TRUE
operational,FALSE
target,FALSE
strategy,FALSE
risk,TRUE
strategic,FALSE
action,FALSE
controller,FALSE
analyst,TRUE
driver,FALSE
manager,TRUE
server,TRUE
know,TRUE
learn,TRUE
understand,TRUE
get,TRUE
consider,TRUE
see,TRUE
want,TRUE
receive,TRUE
find,TRUE
hear,FALSE
picture,FALSE
#,FALSE
effect,TRUE
mission,FALSE
situation,FALSE
analyst,TRUE
assessment,FALSE
indicator,FALSE
image,FALSE
consider,TRUE
view,TRUE
assess,TRUE
reflect,FALSE
share,TRUE
fact,FALSE
risk,TRUE
aspect,TRUE
possibility,FALSE
share,TRUE
common,FALSE
different,FALSE
achieve,TRUE
possible,FALSE
discuss,TRUE
consistent,FALSE
vary,FALSE
choose,TRUE
available,FALSE
other,TRUE
people,TRUE
focus,FALSE
general,FALSE
let,TRUE
allow,TRUE
allow,TRUE
expert,FALSE
scientist,TRUE
participant,FALSE
official,TRUE
manager,TRUE
leader,TRUE
researcher,FALSE
observer,FALSE
advisor,FALSE
agent,TRUE
professional,TRUE
economist,FALSE
scholar,FALSE
guest,TRUE
visitor,FALSE
attendee,FALSE
journalist,FALSE
reporter,FALSE
viewer,FALSE
speaker,FALSE
host,FALSE
student,FALSE
see,TRUE
choose,TRUE
review,TRUE
target,TRUE
candidate,FALSE
path,TRUE
theme,FALSE
topic,TRUE
direction,FALSE
take,TRUE
academic,FALSE
audience,FALSE
guest,FALSE
listener,FALSE
decide,FALSE
estimate,FALSE
calculate,FALSE
vary,TRUE
judge,FALSE
predict,FALSE
consequence,FALSE
effect,TRUE
impact,FALSE
#,FALSE
change,TRUE
behavior,FALSE
question,TRUE
lie,FALSE
appear,FALSE
exist,TRUE
occur,TRUE
fall,TRUE
come,TRUE
arise,TRUE
apply,TRUE
follow,TRUE
issue,TRUE
sector,FALSE
meet,TRUE
use,TRUE
rule,TRUE
10,FALSE
administrator,TRUE
administrator,FALSE
programmer,TRUE
generate,TRUE
release,FALSE
publish,TRUE
prepare,FALSE
log,TRUE
account,FALSE
input,TRUE
audit,FALSE
error,FALSE
update,TRUE
output,FALSE
inventory,FALSE
internal,FALSE
point,TRUE
menu,FALSE
register,FALSE
tree,TRUE
key,TRUE
command,TRUE
search,FALSE
call,TRUE
add,TRUE
write,FALSE
link,TRUE
return,FALSE
execute,TRUE
terminate,FALSE
delete,TRUE
repeat,FALSE
restart,FALSE
reverse,FALSE
retrieve,FALSE
feature,TRUE
component,TRUE
session,FALSE
variable,FALSE
directory,FALSE
package,FALSE
conduct,FALSE
handle,TRUE
undertake,FALSE
undergo,FALSE
involve,TRUE
monitor,TRUE
operation,TRUE
maintenance,FALSE
detection,FALSE
track,FALSE
processing,FALSE
handle,FALSE
automation,FALSE
surveillance,FALSE
kind,TRUE
amount,FALSE
aspect,TRUE
class,TRUE
degree,FALSE
mode,TRUE
traffic,FALSE
cash,FALSE
flow,FALSE
air,FALSE
communication,TRUE
revenue,FALSE
locate,FALSE
#,FALSE
store,TRUE
contain,TRUE
either,FALSE
generate,TRUE
obtain,TRUE
collect,TRUE
stream,FALSE
boundary,TRUE
border,FALSE
territory,FALSE
boundary,TRUE
domain,TRUE
spectrum,FALSE
premise,FALSE
perimeter,FALSE
field,TRUE
infrastructure,FALSE
enterprise,TRUE
enclosure,FALSE
installation,FALSE
architecture,TRUE
industry,FALSE
include,TRUE
use,TRUE
provide,TRUE
plus,FALSE
via,FALSE
require,TRUE
involve,TRUE
minimum,FALSE
lack,TRUE
#,FALSE
#,FALSE
condition,TRUE
property,TRUE
characteristic,TRUE
attribute,FALSE
part,TRUE
property,TRUE
element,TRUE
model,TRUE
key,TRUE
name,TRUE
member,TRUE
application,TRUE
rule,TRUE
attribute,FALSE
identity,FALSE
example,TRUE
association,FALSE
relation,TRUE
number,TRUE
address,TRUE
position,FALSE
relationship,TRUE
order,TRUE
relation,FALSE
hierarchy,TRUE
relationship,TRUE
behavior,TRUE
syntax,FALSE
rank,FALSE
use,TRUE
help,TRUE
also,FALSE
permission,FALSE
refer,FALSE
recruit,FALSE
contact,FALSE
associate,TRUE
compare,TRUE
alert,FALSE
introduce,TRUE
name,TRUE
job,TRUE
assignment,FALSE
special,FALSE
research,TRUE
specialize,FALSE
new,FALSE
account,TRUE
profile,FALSE
database,TRUE
interface,TRUE
organization,TRUE
report,TRUE
manage,TRUE
select,TRUE
control,TRUE
lead,TRUE
designate,FALSE
recommend,TRUE
assign,TRUE
direct,TRUE
host,FALSE
appearance,FALSE
video,TRUE
protect,FALSE
server,FALSE
domain,TRUE
enterprise,TRUE
free,FALSE
pilot,FALSE
ship,FALSE
club,FALSE
student,FALSE
aircraft,FALSE
applicant,TRUE
follow,TRUE
follow,FALSE
follow,TRUE
usual,FALSE
responsibility,TRUE
discretion,FALSE
recommendation,TRUE
responsibility,TRUE
duty,FALSE
other,FALSE
hide,FALSE
without,FALSE
unknown,FALSE
certain,FALSE
current,FALSE
any,FALSE
#,FALSE
hazard,FALSE
flaw,FALSE
threat,TRUE
†,FALSE
you,FALSE
player,FALSE
we,FALSE
student,TRUE
visitor,FALSE
adult,FALSE
People,FALSE
they,FALSE
able,FALSE
permit,TRUE
invite,FALSE
welcome,FALSE
entitle,FALSE
encourage,FALSE
ask,TRUE
eligible,FALSE
suppose,TRUE
submit,TRUE
draw,FALSE
exchange,FALSE
safety,TRUE
protection,TRUE
performance,TRUE
quality,TRUE
datum,TRUE
design,TRUE
technology,TRUE
content,TRUE
trust,FALSE
trust,FALSE
governance,FALSE
transparency,FALSE
stability,FALSE
reliability,FALSE
protocol,TRUE
technique,FALSE
cloud,FALSE
web,TRUE
web,TRUE
ip,FALSE
internet,TRUE
pc,FALSE
enable,TRUE
host,FALSE
like,FALSE
operate,FALSE
browser,FALSE
publish,TRUE
orient,FALSE
interface,FALSE
compute,FALSE
website,TRUE
environment,TRUE
server,TRUE
network,TRUE
cite,FALSE
take,TRUE
mention,FALSE
promote,FALSE
suggest,TRUE
alternative,FALSE
use,TRUE
keep,TRUE
for,FALSE
take,TRUE
to,FALSE
have,TRUE
kill,FALSE
give,TRUE
some,FALSE
these,FALSE
be,FALSE
many,FALSE
find,TRUE
machine,FALSE
mean,TRUE
imply,TRUE
increase,TRUE
lose,FALSE
reduce,TRUE
improve,TRUE
preserve,FALSE
retain,FALSE
maintain,TRUE
limit,TRUE
expand,FALSE
extend,FALSE
remove,TRUE
decrease,FALSE
restore,FALSE
protect,TRUE
change,TRUE
inability,FALSE
obligation,FALSE
desire,FALSE
manipulate,FALSE
navigate,FALSE
alter,FALSE
internet,TRUE
site,TRUE
keep,TRUE
know,TRUE
accept,TRUE
hold,TRUE
receive,FALSE
store,TRUE
message,TRUE
password,TRUE
message,FALSE
hold,TRUE
acquire,FALSE
possess,FALSE
gather,FALSE
supply,TRUE
retain,FALSE
consider,TRUE
know,TRUE
explain,TRUE
show,TRUE
note,TRUE
analysis,TRUE
testing,TRUE
test,TRUE
calculation,FALSE
#,FALSE
study,FALSE
investigation,FALSE
investigation,FALSE
carry,TRUE
lay,TRUE
figure,FALSE
check,FALSE
map,TRUE
play,TRUE
spread,FALSE
sort,TRUE
bring,TRUE
act,TRUE
roll,FALSE
point,TRUE
scene,TRUE
bar,FALSE
desk,FALSE
camera,FALSE
counter,FALSE
scene,TRUE
wheel,FALSE
len,FALSE
line,FALSE
door,FALSE
ear,FALSE
bar,FALSE
regard,FALSE
see,TRUE
accept,FALSE
recognise,FALSE
regard,TRUE
regard,TRUE
see,TRUE
view,TRUE
perspective,FALSE
matter,TRUE
2017,FALSE
video,TRUE
profile,FALSE
handbook,FALSE
speed,FALSE
bandwidth,FALSE
frequency,FALSE
voltage,FALSE
input,TRUE
failure,FALSE
cause,TRUE
lead,TRUE
induce,FALSE
cause,TRUE
drive,FALSE
expect,TRUE
cause,TRUE
leave,TRUE
fail,TRUE
collapse,FALSE
crash,FALSE
failure,FALSE
stall,FALSE
die,FALSE
break,FALSE
stop,FALSE
here,FALSE
below,FALSE
there,FALSE
those,FALSE
then,FALSE
where,FALSE
what,FALSE
parameter,TRUE
step,TRUE
step,FALSE
module,TRUE
stage,FALSE
moment,FALSE
distance,FALSE
rate,FALSE
instant,FALSE
age,FALSE
reader,FALSE
viewer,FALSE
audience,FALSE
observer,FALSE
researcher,FALSE
expert,FALSE
match,TRUE
guess,FALSE
athlete,FALSE
rider,FALSE
swimmer,FALSE
side,FALSE
racer,FALSE
cyclist,FALSE
face,FALSE
2015,FALSE
youtube,FALSE
official,FALSE
staff,FALSE
specifically,FALSE
research,FALSE
testing,FALSE
record,FALSE
analysis,FALSE
computing,FALSE
radar,FALSE
engineering,FALSE
mechanic,FALSE
test,TRUE
thing,FALSE
consideration,FALSE
efficiency,FALSE
complexity,FALSE
price,FALSE
availability,FALSE
precision,FALSE
accuracy,FALSE
consistency,FALSE
sensitivity,FALSE
second,FALSE
final,FALSE
certificate,FALSE
authority,FALSE
begin,TRUE
cease,FALSE
commence,FALSE
multiple,FALSE
several,FALSE
four,FALSE
many,FALSE
#,FALSE
#,FALSE
#,FALSE
extension,FALSE
integration,FALSE
support,TRUE
involve,TRUE
enable,TRUE
help,TRUE
another,FALSE
graphical,FALSE
visual,FALSE
full,FALSE
optional,FALSE
compatibility,FALSE
link,TRUE
connection,FALSE
interaction,TRUE
connectivity,FALSE
connection,FALSE
bridge,FALSE
difference,TRUE
similarity,FALSE
#,FALSE
#,FALSE
#,FALSE
#,FALSE
#,FALSE
#,FALSE
#,FALSE
#,FALSE
#,FALSE
#,FALSE
#,FALSE
Games,FALSE
bridge,FALSE
edit,FALSE
python,FALSE
main,FALSE
java,FALSE
editor,FALSE
question,TRUE
special,FALSE
big,FALSE
initial,FALSE
report,TRUE
public,FALSE
monthly,FALSE
on,FALSE
topic,TRUE
phrase,FALSE
pop,FALSE
crop,FALSE
light,FALSE
wind,FALSE
line,TRUE
sum,FALSE
question,TRUE
file,TRUE
more,FALSE
question,TRUE
comment,FALSE
answer,FALSE
comment,FALSE
do,TRUE
explain,TRUE
accomplish,TRUE
solve,FALSE
answer,FALSE
address,TRUE
illustrate,FALSE
avoid,TRUE
resolve,FALSE
understand,TRUE
demonstrate,FALSE
follow,TRUE
show,TRUE
ask,TRUE
answer,TRUE
pose,FALSE
avoid,TRUE
press,FALSE
address,TRUE
raise,FALSE
solve,FALSE
give,TRUE
ask,TRUE
directly,FALSE
assumption,FALSE
ship,FALSE
force,TRUE
facility,FALSE
vehicle,FALSE
weapon,FALSE
missile,FALSE
fleet,FALSE
vessel,FALSE
list,TRUE
easy,FALSE
access,TRUE
easy,FALSE
import,FALSE
install,FALSE
print,FALSE
remove,TRUE
fix,TRUE
technical,FALSE
everyone,FALSE
relate,TRUE
adapt,TRUE
simulation,FALSE
aid,TRUE
guide,TRUE
team,TRUE
stakeholder,TRUE
vendor,FALSE
consumer,TRUE
gather,FALSE
collect,TRUE
conclusion,FALSE
feedback,FALSE
insight,FALSE
protocol,TRUE
#,FALSE
#,FALSE
climate,FALSE
fire,FALSE
damage,FALSE
pollution,FALSE
optimal,FALSE
flood,FALSE
detail,TRUE
set,FALSE
compiler,FALSE
combination,TRUE
comparison,FALSE
mixture,FALSE
dictionary,FALSE
mix,FALSE
script,FALSE
language,TRUE
film,FALSE
signal,FALSE
sequence,FALSE
director,FALSE
creator,FALSE
destination,FALSE
role,TRUE
library,FALSE
adopt,FALSE
assume,TRUE
representation,TRUE
group,TRUE
arrangement,FALSE
composition,FALSE
sort,FALSE
whatever,FALSE
scientist,TRUE
investigator,FALSE
observe,TRUE
symptom,FALSE
damage,FALSE
produce,TRUE
trigger,FALSE
induce,FALSE
affect,TRUE
influence,FALSE
indicate,FALSE
predict,TRUE
experience,TRUE
pose,FALSE
impose,TRUE
shift,TRUE
difference,FALSE
variation,FALSE
reduction,FALSE
drop,FALSE
variance,FALSE
choice,TRUE
transition,FALSE
decline,FALSE
weather,TRUE
population,FALSE
temperature,FALSE
insight,FALSE
advice,FALSE
clue,FALSE
estimate,FALSE
intelligence,FALSE
judgment,FALSE
may,FALSE
would,FALSE
might,FALSE
situation,TRUE
could,FALSE
small,FALSE
large,FALSE
concrete,FALSE
virtual,FALSE
builder,FALSE
#,FALSE
kit,FALSE
bundle,FALSE
pack,FALSE
suite,FALSE
box,FALSE
combine,FALSE
complement,FALSE
utilize,FALSE
com,FALSE
non,FALSE
low,FALSE
high,FALSE
anti,FALSE
zero,FALSE
per,FALSE
pro,FALSE
share,TRUE
drive,FALSE
retention,FALSE
integrity,FALSE
extraction,FALSE
currently,FALSE
typically,FALSE
already,FALSE
previously,FALSE
explicitly,FALSE
derive,FALSE
receive,TRUE
extract,FALSE
retrieve,FALSE
gain,TRUE
must,FALSE
filter,FALSE
match,TRUE
match,TRUE
resemble,FALSE
equal,FALSE
initial,FALSE
subjective,FALSE
prior,FALSE
survey,FALSE
registry,FALSE
lead,TRUE
due,FALSE
compare,TRUE
acceptance,TRUE
approval,FALSE
endorsement,FALSE
rejection,FALSE
adoption,FALSE
recognition,FALSE
promotion,FALSE
denial,FALSE
confirmation,FALSE
success,FALSE
disapproval,FALSE
authorization,FALSE
validity,FALSE
violation,FALSE
complaint,FALSE
claim,FALSE
threat,FALSE
recommendation,TRUE
petition,FALSE
bug,FALSE
mistake,FALSE
breach,FALSE
vulnerability,FALSE
fault,FALSE
leak,FALSE
declare,FALSE
raise,FALSE
observe,TRUE
report,TRUE
reach,TRUE
resolution,FALSE
compromise,FALSE
settlement,FALSE
discussion,FALSE
#,FALSE
suggest,TRUE
someone,FALSE
court,FALSE
society,FALSE
attacker,FALSE
consent,FALSE
assistance,FALSE
intervention,TRUE
participation,FALSE
cooperation,FALSE
index,FALSE
it,FALSE
programming,TRUE
Database,FALSE
architect,FALSE
construct,TRUE
generic,FALSE
fix,TRUE
scheme,FALSE
instead,FALSE
regardless,FALSE
build,FALSE
inform,FALSE
business,TRUE
league,FALSE
engineer,TRUE
coordinator,FALSE
partner,FALSE
current,FALSE
five,FALSE
six,FALSE
eight,FALSE
bonus,FALSE
playable,FALSE
gameplay,FALSE
dungeon,FALSE
multiplayer,FALSE
story,FALSE
combat,FALSE
card,FALSE
road,FALSE
path,TRUE
gate,FALSE
number,TRUE
point,TRUE
mode,TRUE
each,FALSE
this,FALSE
its,FALSE
station,TRUE
their,FALSE
library,FALSE
x,FALSE
also,FALSE
set,TRUE
issue,TRUE
create,TRUE
put,TRUE
introduce,TRUE
exposure,TRUE
listen,FALSE
respond,FALSE
contribute,FALSE
stick,FALSE
add,TRUE
request,FALSE
type,TRUE
kind,TRUE
piece,FALSE
form,TRUE
sort,FALSE
bit,FALSE
sort,FALSE
room,FALSE
food,FALSE
space,FALSE
entertainment,FALSE
accommodation,FALSE
professional,FALSE
additional,FALSE
academic,FALSE
advanced,FALSE
choice,FALSE
qualification,FALSE
ieee,FALSE
rfc,FALSE
vendor,FALSE
motion,FALSE
automatic,FALSE
without,FALSE
school,FALSE
station,TRUE
bank,FALSE
district,FALSE
employ,TRUE
high,FALSE
class,FALSE
style,FALSE
format,TRUE
variety,TRUE
size,TRUE
reference,TRUE
governmental,FALSE
legislative,FALSE
analytical,FALSE
#,FALSE
training,FALSE
diagnosis,FALSE
prevention,FALSE
hunt,FALSE
attack,FALSE
attack,FALSE
crime,FALSE
automatically,FALSE
can,FALSE
resolve,FALSE
solve,FALSE
overcome,FALSE
error,TRUE
domain,TRUE
#,FALSE
#,FALSE
leader,FALSE
administrator,TRUE
reason,TRUE
secretary,FALSE
Commission,FALSE
committee,FALSE
board,FALSE
commissioner,FALSE
journal,FALSE
iso,FALSE
FDA,FALSE
committee,TRUE
methodology,FALSE
implement,TRUE
eligibility,FALSE
issue,TRUE
poster,FALSE
flag,FALSE
represent,TRUE
importance,FALSE
essence,FALSE
transaction,FALSE
offer,TRUE
hand,TRUE
hand,TRUE
extreme,FALSE
arm,FALSE
foot,FALSE
cheek,FALSE
half,FALSE
sensor,FALSE
symbol,FALSE
graph,FALSE
algorithm,TRUE
statistic,FALSE
structure,TRUE
basic,FALSE
dynamic,FALSE
physical,FALSE
organism,FALSE
patient,FALSE
medium,FALSE
channel,FALSE
communicating,TRUE
coordination,FALSE
collaboration,FALSE
consensus,FALSE
interact,FALSE
interaction,TRUE
dialogue,FALSE
negotiation,FALSE
communication,TRUE
consultation,FALSE
•,FALSE
III,FALSE
council,FALSE
constitution,FALSE
Institute,FALSE
state,TRUE
board,FALSE
charter,FALSE
constitution,FALSE
constitute,TRUE
become,FALSE
sequence,FALSE
modification,FALSE
modify,TRUE
extend,TRUE
change,TRUE
revise,TRUE
adapt,TRUE
remove,TRUE
schedule,FALSE
waive,FALSE
alter,FALSE
simplify,FALSE
reduce,TRUE
adjust,FALSE
long,FALSE
inclusion,FALSE
year,FALSE
consideration,FALSE
revision,FALSE
improvement,FALSE
completion,FALSE
month,FALSE
phase,TRUE
period,FALSE
time,TRUE
day,FALSE
industry,TRUE
business,TRUE
regulation,TRUE
train,FALSE
employer,FALSE
firm,FALSE
Congress,FALSE
monitor,TRUE
economic,FALSE
personnel,FALSE
institutional,FALSE
functional,FALSE
transaction,TRUE
display,FALSE
representation,FALSE
model,TRUE
manipulation,FALSE
render,FALSE
mapping,FALSE
presentation,FALSE
display,FALSE
model,TRUE
mathematical,FALSE
architectural,FALSE
abstract,FALSE
supplier,FALSE
center,TRUE
head,TRUE
something,FALSE
firm,FALSE
perform,TRUE
supply,FALSE
deliver,FALSE
produce,TRUE
finance,FALSE
instance,TRUE
example,TRUE
simplicity,FALSE
child,TRUE
laptop,FALSE
phone,FALSE
telephone,FALSE
child,TRUE
demonstration,FALSE
continuation,FALSE
healthcare,FALSE
medical,FALSE
#,FALSE
EPA,FALSE
FCC,FALSE
SEC,FALSE
carry,TRUE
ingredient,FALSE
slot,FALSE
demonstrate,FALSE
integrate,FALSE
develop,TRUE
incorporate,TRUE
convert,FALSE
check,FALSE
introduce,TRUE
Protocol,FALSE
theory,FALSE
unify,FALSE
organization,FALSE
system,FALSE
authority,TRUE
government,TRUE
cross,TRUE
explore,FALSE
negotiate,FALSE
geographical,FALSE
geographic,FALSE
sample,FALSE
numerical,FALSE
spatial,FALSE
name,TRUE
restore,FALSE
expand,FALSE
cancel,FALSE
noise,FALSE
high,FALSE
NCAA,FALSE
Commonwealth,FALSE
impose,FALSE
combination,TRUE
space,FALSE
field,TRUE
USA,FALSE
US,FALSE
CA,FALSE
ABC,FALSE
CO,FALSE
cd,FALSE
GE,FALSE
UNESCO,FALSE
UK,FALSE
NASA,FALSE
SA,FALSE
EU,FALSE
create,TRUE
plan,TRUE
help,TRUE
join,FALSE
engage,TRUE
volunteer,FALSE
study,FALSE
advocacy,FALSE
youth,FALSE
local,FALSE
guide,TRUE
forum,FALSE
license,FALSE
commerce,TRUE
finance,FALSE
Commerce,FALSE
mail,FALSE
financing,FALSE
agency,TRUE
affair,FALSE
banking,FALSE
security,TRUE
tax,FALSE
legislation,FALSE
statute,FALSE
court,FALSE
voter,FALSE
party,FALSE
parliament,FALSE
state,FALSE
citizen,TRUE
enter,FALSE
hear,TRUE
central,FALSE
external,FALSE
approve,FALSE
#,FALSE
#,FALSE
#,FALSE
#,FALSE
#,FALSE
#,FALSE
challenge,FALSE
criticism,FALSE
reason,TRUE
difficulty,TRUE
exist,TRUE
respective,FALSE
propose,TRUE
practice,FALSE
regulation,TRUE
conflict,FALSE
overlap,TRUE
inconsistent,FALSE
confusing,FALSE
unclear,FALSE
unpredictable,FALSE
uncertain,FALSE
complicated,FALSE
evolve,FALSE
controversial,FALSE
competition,FALSE
conflict,TRUE
disagreement,FALSE
collision,FALSE
dispute,TRUE
confusion,FALSE
parallel,FALSE
conjunction,FALSE
accordance,FALSE
alignment,FALSE
agreement,FALSE
senior,FALSE
portfolio,FALSE
director,TRUE
specialist,FALSE
worker,FALSE
delegate,FALSE
express,TRUE
expertise,FALSE
contractor,FALSE
individual,TRUE
year,FALSE
hold,TRUE
active,FALSE
schedule,FALSE
sake,FALSE
convenience,FALSE
ease,FALSE
expectation,FALSE
probability,FALSE
problem,FALSE
discover,FALSE
extent,FALSE
distribute,FALSE
similar,FALSE
portal,FALSE
resident,FALSE
contribution,FALSE
rate,TRUE
chapter,FALSE
chart,FALSE
book,TRUE
identify,TRUE
regional,FALSE
column,FALSE
reflect,FALSE
constitute,TRUE
lack,TRUE
collect,TRUE
article,TRUE
reference,TRUE
title,FALSE
photograph,FALSE
find,TRUE
reference,TRUE
elsewhere,FALSE
place,TRUE
reproduce,FALSE
edition,TRUE
pdf,FALSE
structure,TRUE
xml,FALSE
ensure,TRUE
#,FALSE
well,FALSE
yet,FALSE
memory,TRUE
registration,FALSE
style,FALSE
format,TRUE
gender,FALSE
genre,FALSE
article,FALSE
basic,FALSE
rest,TRUE
remainder,FALSE
comprise,FALSE
cover,TRUE
logic,FALSE
explanation,FALSE
argument,FALSE
premise,FALSE
reason,TRUE
reason,TRUE
motivation,FALSE
truth,FALSE
argument,FALSE
pull,FALSE
cut,FALSE
top,TRUE
close,FALSE
scale,TRUE
knock,FALSE
low,FALSE
sit,FALSE
fall,TRUE
break,FALSE
narrow,FALSE
answer,FALSE
response,TRUE
definition,TRUE
reply,FALSE
alternative,FALSE
expression,FALSE
way,TRUE
location,FALSE
lock,FALSE
sign,FALSE
tap,FALSE
grab,FALSE
click,FALSE
move,FALSE
jump,FALSE
dial,FALSE
switch,FALSE
post,TRUE
belonging,FALSE
contact,FALSE
ID,FALSE
email,FALSE
surname,FALSE
photo,FALSE
logo,FALSE
job,FALSE
list,TRUE
credential,FALSE
key,TRUE
signature,FALSE
facebook,FALSE
alternative,FALSE
description,FALSE
interpret,TRUE
far,FALSE
additionally,FALSE
lack,TRUE
minimal,FALSE
explicit,FALSE
package,TRUE
every,FALSE
formulation,FALSE
#,FALSE
maker,FALSE
#,FALSE
deal,FALSE
comply,FALSE
art,FALSE
establish,TRUE
design,TRUE
evaluate,TRUE
shape,FALSE
assess,TRUE
review,TRUE
adopt,TRUE
analyze,TRUE
democratic,FALSE
law,TRUE
text,FALSE
book,TRUE
paper,TRUE
norm,FALSE
obtain,TRUE
learn,TRUE
take,TRUE
choose,TRUE
get,TRUE
archive,FALSE
compilation,FALSE
catalogue,FALSE
artifact,FALSE
process,TRUE
record,TRUE
transmit,FALSE
keep,TRUE
producer,FALSE
original,FALSE
12,FALSE
human,FALSE
global,FALSE
#,FALSE
stream,FALSE
analyze,TRUE
fairly,FALSE
architect,FALSE
financial,FALSE
achieve,TRUE
accomplish,FALSE
reach,TRUE
seven,FALSE
fashion,FALSE
pattern,TRUE
direction,FALSE
distinction,TRUE
principle,FALSE
differentiation,FALSE
correlation,FALSE
separation,FALSE
interest,TRUE
intention,FALSE
civil,FALSE
aerospace,FALSE
industrial,FALSE
mechanical,FALSE
electrical,FALSE
nuclear,FALSE
chemical,FALSE
technological,FALSE
author,FALSE
programme,FALSE
aim,TRUE
tend,TRUE
realize,TRUE
fulfill,FALSE
important,FALSE
#,FALSE
table,TRUE
Dictionary,FALSE
history,FALSE
Manual,FALSE
book,FALSE
Encyclopedia,FALSE
collection,FALSE
booklet,FALSE
manual,FALSE
publication,FALSE
overview,FALSE
breakdown,FALSE
layout,FALSE
chapter,FALSE
permit,FALSE
examine,TRUE
compare,TRUE
select,TRUE
collect,TRUE
read,TRUE
whether,FALSE
protect,TRUE
associate,FALSE
separate,TRUE
draw,FALSE
copyright,FALSE
encryption,FALSE
electronic,FALSE
matrix,TRUE
matrix,FALSE
represent,TRUE
depict,TRUE
compare,FALSE
demonstrate,FALSE
capture,FALSE
#,FALSE
entry,FALSE
dimension,TRUE
interactive,FALSE
window,FALSE
i,FALSE
j,FALSE
quote,FALSE
departure,FALSE
letter,TRUE
passage,FALSE
phrase,FALSE
cue,FALSE
friend,FALSE
father,FALSE
mother,FALSE
opinion,FALSE
publisher,FALSE
wife,FALSE
right,FALSE
enforce,FALSE
gun,FALSE
crowd,FALSE
tobacco,FALSE
market,FALSE
birth,FALSE
animal,FALSE
pricing,FALSE
contrast,TRUE
short,FALSE
voter,FALSE
grant,TRUE
deny,TRUE
refuse,FALSE
seek,TRUE
grant,FALSE
request,FALSE
refuse,FALSE
deny,TRUE
exclusive,FALSE
proper,FALSE
#,FALSE
back,FALSE
trend,FALSE
case,TRUE
attach,FALSE
refer,FALSE
connect,FALSE
belong,FALSE
forum,FALSE
lend,FALSE
chance,TRUE
email,FALSE
arise,TRUE
come,TRUE
emerge,FALSE
comparable,FALSE
tie,TRUE
govern,TRUE
regulate,FALSE
affect,FALSE
establishment,FALSE
function,TRUE
growth,FALSE
international,FALSE
bilateral,FALSE
human,FALSE
family,FALSE
mutual,FALSE
experience,TRUE
assemble,FALSE
manufacturer,FALSE
provider,FALSE
supplier,FALSE
accompaniment,FALSE
introduction,TRUE
addition,FALSE
inspiration,FALSE
attachment,FALSE
outlet,FALSE
corporate,FALSE
creative,FALSE
translation,TRUE
translation,FALSE
conversion,FALSE
translator,FALSE
almost,FALSE
translation,FALSE
transmission,FALSE
perform,TRUE
maintain,TRUE
implement,TRUE
manage,TRUE
develop,TRUE
handle,TRUE
world,FALSE
protect,FALSE
recover,FALSE
separate,TRUE
derive,FALSE
confidential,FALSE
#,FALSE
metric,FALSE
submit,TRUE
conform,FALSE
winner,FALSE
opponent,FALSE
opposition,FALSE
NFL,FALSE
winner,FALSE
champion,FALSE
opponent,FALSE
mistake,FALSE
instance,FALSE
digit,FALSE
episode,FALSE
meet,TRUE
repeat,TRUE
fulfil,FALSE
couple,FALSE
series,FALSE
handful,FALSE
variety,FALSE
lot,FALSE
pair,FALSE
multitude,FALSE
bunch,FALSE
succession,FALSE
#,FALSE
#,FALSE
#,FALSE
#,FALSE
#,FALSE
#,FALSE
#,FALSE
#,FALSE
#,FALSE
#,FALSE
draw,FALSE
originate,FALSE
range,TRUE
differ,FALSE
host,FALSE
formula,FALSE
custody,FALSE
manufacturer,FALSE
maximum,FALSE
storage,TRUE
pick,FALSE
locate,FALSE
label,FALSE
migrate,FALSE
region,FALSE
mess,FALSE
sleep,FALSE
argue,FALSE
kid,FALSE
static,FALSE
point,FALSE
plan,FALSE
encompasse,FALSE
tech,FALSE
consumption,FALSE
practice,FALSE
market,FALSE
vision,FALSE
express,TRUE
evaluation,TRUE
qualification,FALSE
warning,FALSE
citation,FALSE
opinion,FALSE
determine,TRUE
confirm,FALSE
verify,FALSE
accept,TRUE
ignore,FALSE
satisfy,FALSE
regulator,FALSE
next,FALSE
previous,FALSE
compete,TRUE
specialist,FALSE
conclude,FALSE
decide,FALSE
finish,FALSE
finalize,FALSE
improve,TRUE
assess,TRUE
exam,FALSE
attach,TRUE
monetary,FALSE
immigration,FALSE
admission,FALSE
water,FALSE
tag,FALSE
provision,FALSE
layer,FALSE
maintain,TRUE
publish,TRUE
publication,FALSE
literature,TRUE
library,TRUE
quote,FALSE
template,FALSE
distribute,FALSE
contain,TRUE
strictly,FALSE
accordingly,FALSE
closely,FALSE
citizen,FALSE
professional,FALSE
accord,TRUE
concert,FALSE
identity,FALSE
#,FALSE
#,FALSE
#,FALSE
#,FALSE
#,FALSE
#,FALSE
#,FALSE
#,FALSE
#,FALSE
#,FALSE
#,FALSE
#,FALSE
#,FALSE
#,FALSE
#,FALSE
tell,FALSE
exactly,FALSE
anything,FALSE
everything,FALSE
fact,FALSE
essential,FALSE
unrelated,FALSE
ownership,FALSE
authenticity,FALSE
sub,FALSE
meta,FALSE
net,FALSE
news,FALSE
multi,FALSE
marketing,FALSE
challenge,FALSE
adjust,FALSE
collection,TRUE
sheet,FALSE
sheet,FALSE
page,TRUE
etc,FALSE
map,FALSE
film,FALSE
dvd,FALSE
band,FALSE
novel,FALSE
album,FALSE
iphone,FALSE
President,FALSE
Minister,FALSE
Navy,FALSE
company,FALSE
independent,FALSE
foreign,FALSE
autonomous,FALSE
language,TRUE
normal,FALSE
base,FALSE
friend,FALSE
competitor,FALSE
designer,FALSE
table,TRUE
randomly,FALSE
specially,FALSE
carefully,FALSE
appropriately,FALSE
#,FALSE
panel,FALSE
schedule,FALSE
congestion,FALSE
emission,FALSE
emission,FALSE
think,FALSE
assumption,FALSE
observation,FALSE
lose,FALSE
recommend,FALSE
suggest,TRUE
trade,TRUE
spin,FALSE
split,FALSE
roll,FALSE
tip,FALSE
stand,FALSE
off,TRUE
in,TRUE
out,FALSE
up,FALSE
#,FALSE
over,FALSE
viable,FALSE
universal,FALSE
review,FALSE
driver,FALSE
owner,FALSE
preview,FALSE
custom,FALSE
automate,FALSE
#,FALSE
investigator,FALSE
reader,FALSE
civil,FALSE
computer,TRUE
charter,FALSE
mechanical,FALSE
financial,FALSE
legal,FALSE
certify,FALSE
chief,FALSE
all,FALSE
officer,FALSE
officer,FALSE
officer,FALSE
holder,FALSE
accounting,FALSE
#,FALSE
#,FALSE
#,FALSE
lawyer,FALSE
practitioner,FALSE
technician,FALSE
call,TRUE
less,FALSE
difficult,FALSE
#,FALSE
unknown,FALSE
simple,FALSE
want,TRUE
try,TRUE
like,TRUE
choose,TRUE
plan,TRUE
intend,TRUE
say,FALSE
asset,FALSE
game,TRUE
consultant,FALSE
worker,FALSE
man,FALSE
teacher,FALSE
technician,FALSE
lawyer,FALSE
journalist,FALSE
representative,FALSE
member,FALSE
fellow,FALSE
supporter,FALSE
supervisor,FALSE
advisory,FALSE
steering,FALSE
monitor,FALSE
decide,FALSE
design,TRUE
generate,TRUE
apply,TRUE
observe,TRUE
send,TRUE
attribute,TRUE
log,TRUE
log,TRUE
diagram,FALSE
date,TRUE
prepare,TRUE
draft,FALSE
review,TRUE
amend,TRUE
person,TRUE
minister,FALSE
alteration,FALSE
amendment,FALSE
draft,FALSE
sign,TRUE
print,FALSE
file,TRUE
addition,FALSE
improvement,FALSE
adjustment,FALSE
change,FALSE
contribution,FALSE
update,TRUE
repair,FALSE
occur,FALSE
make,TRUE
wrought,FALSE
love,TRUE
prefer,FALSE
hate,FALSE
remember,FALSE
thank,TRUE
thank,TRUE
compensate,FALSE
honor,FALSE
repay,FALSE
thank,TRUE
reward,FALSE
praise,FALSE
recognize,FALSE
thank,TRUE
credit,TRUE
sue,FALSE
support,TRUE
encourage,TRUE
continue,TRUE
inspire,FALSE
funding,FALSE
advance,FALSE
recognize,FALSE
promote,FALSE
help,TRUE
pioneering,FALSE
outstanding,FALSE
highlight,FALSE
scientific,FALSE
science,TRUE
conservation,FALSE
collaborative,FALSE
educational,FALSE
ongoing,FALSE
recovery,FALSE
outreach,FALSE
today,FALSE
sport,FALSE
football,FALSE
tournament,FALSE
city,FALSE
sport,FALSE
equivalent,FALSE
analogous,FALSE
place,TRUE
mind,FALSE
#,FALSE
compete,TRUE
qualify,FALSE
cater,FALSE
comfort,FALSE
request,FALSE
demand,FALSE
seek,FALSE
enjoy,FALSE
distinguish,TRUE
incident,FALSE
consider,TRUE
describe,TRUE
investigate,TRUE
text,FALSE
draft,TRUE
title,TRUE
Digital,FALSE
period,TRUE
timeline,FALSE
origin,FALSE
copy,TRUE
compile,FALSE
exclude,FALSE
war,FALSE
supplement,FALSE
entity,TRUE
use,TRUE
ecosystem,FALSE
sector,FALSE
region,FALSE
utilize,FALSE
across,FALSE
sense,TRUE
assembly,FALSE
Secretariat,FALSE
sentence,FALSE
expression,FALSE
॥,FALSE
land,FALSE
plant,FALSE
car,FALSE
tell,FALSE
reveal,FALSE
know,TRUE
fill,TRUE
alternate,FALSE
put,TRUE
present,TRUE
express,FALSE
place,TRUE
write,TRUE
document,TRUE
organize,TRUE
apart,FALSE
away,FALSE
separately,FALSE
aside,FALSE
differ,FALSE
separate,TRUE
distinct,FALSE
come,TRUE
comprehend,FALSE
grasp,FALSE
find,TRUE
put,TRUE
back,FALSE
embed,FALSE
start,TRUE
rest,TRUE
when,FALSE
water,FALSE
philippine,FALSE
Netherlands,FALSE
commentator,FALSE
fan,FALSE
room,FALSE
conference,FALSE
candidate,FALSE