temperature,TRUE
pressure,FALSE
heat,TRUE
heating,TRUE
level,TRUE
threshold,FALSE
load,FALSE
warm,FALSE
voltage,FALSE
energy,TRUE
output,FALSE
exposure,FALSE
thermal,FALSE
input,FALSE
set,TRUE
set,TRUE
setting,TRUE
range,TRUE
difference,FALSE
limit,FALSE
rating,FALSE
interval,FALSE
value,TRUE
reach,TRUE
also,FALSE
exceed,FALSE
reach,TRUE
exceed,TRUE
exceed,TRUE
approach,FALSE
change,TRUE
increase,TRUE
reduce,TRUE
equal,FALSE
affect,FALSE
match,TRUE
crosse,FALSE
decrease,FALSE
vary,TRUE
pass,TRUE
rate,TRUE
minimum,FALSE
maximum,FALSE
standard,FALSE
power,TRUE
time,TRUE
value,TRUE
distribution,TRUE
index,FALSE
specification,TRUE
estimate,FALSE
requirement,TRUE
constant,FALSE
factor,TRUE
amount,TRUE
margin,FALSE
scale,FALSE
percentage,FALSE
distance,FALSE
degree,FALSE
system,TRUE
unit,FALSE
device,TRUE
program,TRUE
controller,FALSE
mechanism,TRUE
module,FALSE
command,FALSE
software,TRUE
receiver,FALSE
computer,TRUE
instrument,FALSE
equipment,TRUE
machine,TRUE
operator,FALSE
provide,TRUE
use,TRUE
supply,TRUE
select,FALSE
require,TRUE
specify,TRUE
need,TRUE
choose,FALSE
apply,TRUE
produce,FALSE
determine,TRUE
receive,FALSE
employ,TRUE
generate,FALSE
cool,FALSE
hot,FALSE
storage,TRUE
intake,FALSE
inlet,FALSE
expansion,FALSE
shower,FALSE
refrigerator,FALSE
ventilation,TRUE
conditioning,FALSE
cook,FALSE
control,TRUE
cold,FALSE
humidity,FALSE
processing,FALSE
cool,FALSE
water,FALSE
lighting,FALSE
maintenance,TRUE
service,TRUE
facility,FALSE
process,TRUE
specification,TRUE
standard,TRUE
report,TRUE
journal,FALSE
literature,FALSE
rule,TRUE
regulation,FALSE
publication,FALSE
information,TRUE
guideline,FALSE
document,FALSE
requirement,TRUE
association,FALSE
society,FALSE
organization,TRUE
body,TRUE
institute,FALSE
industry,FALSE
government,FALSE
journal,FALSE
institution,FALSE
department,FALSE
publication,FALSE
organisation,FALSE
build,TRUE
school,FALSE
record,FALSE
paper,FALSE
article,TRUE
list,FALSE
database,FALSE
datum,TRUE
note,TRUE
section,TRUE
book,FALSE
proceeding,FALSE
download,FALSE
purchase,FALSE
free,FALSE
reference,TRUE
loan,FALSE
review,FALSE
hire,FALSE
sale,FALSE
research,FALSE
analysis,TRUE
subscription,FALSE
rental,FALSE
study,FALSE
iso,FALSE
London,FALSE
library,TRUE
within,FALSE
online,FALSE
#,FALSE
school,FALSE
award,FALSE
pdf,FALSE
optional,FALSE
[,FALSE
2008,FALSE
2009,FALSE
2010,FALSE
2012,FALSE
2013,FALSE
2011,FALSE
vehicle,FALSE
service,FALSE
system,FALSE
power,FALSE
surface,FALSE
route,FALSE
standard,FALSE
state,TRUE
road,FALSE
Signal,FALSE
source,FALSE
division,FALSE
conference,FALSE
unit,FALSE
Database,FALSE
time,TRUE
trigger,FALSE
release,FALSE
the,FALSE
use,TRUE
term,TRUE
length,FALSE
parameter,TRUE
access,FALSE
Act,FALSE
parameter,TRUE
condition,TRUE
variable,FALSE
range,TRUE
difference,FALSE
sensitivity,FALSE
coefficient,FALSE
level,TRUE
characteristic,TRUE
pH,FALSE
volume,FALSE
absolute,FALSE
moisture,FALSE
surface,FALSE
stress,FALSE
density,FALSE
intensity,FALSE
numerical,FALSE
#,FALSE
company,TRUE
user,TRUE
customer,FALSE
project,TRUE
staff,FALSE
site,FALSE
agency,FALSE
station,FALSE
involve,FALSE
seek,TRUE
request,TRUE
invite,FALSE
warrant,FALSE
take,TRUE
face,TRUE
expect,TRUE
risk,FALSE
include,TRUE
require,TRUE
assistance,FALSE
support,TRUE
permission,FALSE
help,TRUE
authorization,FALSE
funding,FALSE
approval,FALSE
intervention,TRUE
feedback,FALSE
contribution,FALSE
guidance,FALSE
request,TRUE
order,TRUE
supervision,FALSE
authority,FALSE
source,FALSE
party,FALSE
agency,FALSE
authority,FALSE
organization,TRUE
entity,FALSE
personnel,FALSE
person,TRUE
group,TRUE
force,FALSE
stakeholder,FALSE
body,FALSE
organisation,FALSE
public,TRUE
owner,FALSE
state,TRUE
user,TRUE
community,FALSE
manufacturer,FALSE
contractor,FALSE
government,FALSE
owner,FALSE
maintain,TRUE
manage,TRUE
continue,FALSE
improve,TRUE
ensure,TRUE
oversee,FALSE
monitor,FALSE
prevent,TRUE
stop,FALSE
facilitate,FALSE
regulate,FALSE
complete,FALSE
guide,FALSE
ownership,FALSE
integrity,FALSE
knowledge,FALSE
awareness,FALSE
security,FALSE
management,TRUE
operation,TRUE
track,FALSE
performance,TRUE
copy,FALSE
monitor,FALSE
check,TRUE
inspect,FALSE
examine,FALSE
test,TRUE
scan,FALSE
evaluate,FALSE
analyze,FALSE
consider,TRUE
weigh,FALSE
open,FALSE
search,FALSE
component,TRUE
control,TRUE
element,TRUE
sensor,FALSE
system,TRUE
switch,TRUE
device,TRUE
battery,FALSE
window,FALSE
circuit,FALSE
feature,FALSE
unit,TRUE
see,TRUE
decide,FALSE
ask,FALSE
know,TRUE
find,TRUE
discover,FALSE
confirm,TRUE
tell,FALSE
verify,FALSE
assess,FALSE
judge,FALSE
observe,FALSE
may,FALSE
must,FALSE
would,FALSE
might,FALSE
could,FALSE
still,FALSE
property,TRUE
allow,TRUE
cause,FALSE
permit,FALSE
enable,FALSE
allow,TRUE
indicate,FALSE
force,FALSE
allow,TRUE
cause,FALSE
want,FALSE
fan,FALSE
vacuum,FALSE
battery,FALSE
pump,FALSE
generator,FALSE
vent,FALSE
light,FALSE
cool,FALSE
another,FALSE
gas,FALSE
element,TRUE
source,FALSE
button,FALSE
component,TRUE
switch,TRUE
feature,FALSE
indicator,FALSE
application,TRUE
function,TRUE
turn,TRUE
switch,TRUE
put,TRUE
instal,FALSE
mount,FALSE
place,TRUE
power,TRUE
bring,FALSE
carry,TRUE
add,TRUE
leave,FALSE
operate,TRUE
screw,FALSE
move,TRUE
fit,FALSE
theorem,FALSE
result,TRUE
conjecture,FALSE
statement,TRUE
assumption,FALSE
condition,TRUE
relation,FALSE
inequality,FALSE
formula,FALSE
property,TRUE
equality,FALSE
interpretation,FALSE
claim,FALSE
example,TRUE
conclusion,FALSE
identity,FALSE
equation,FALSE
form,TRUE
key,FALSE
person,TRUE
vehicle,FALSE
country,FALSE
entity,FALSE
party,FALSE
name,TRUE
car,FALSE
voter,FALSE
member,FALSE
individual,TRUE
node,FALSE
number,TRUE
design,TRUE
method,FALSE
mean,FALSE
arrangement,FALSE
configuration,TRUE
type,TRUE
combination,FALSE
code,TRUE
follow,TRUE
two,FALSE
main,FALSE
next,FALSE
three,FALSE
previous,FALSE
four,FALSE
last,FALSE
remain,FALSE
precede,FALSE
final,FALSE
table,TRUE
equation,FALSE
example,TRUE
table,FALSE
detail,TRUE
function,TRUE
sentence,FALSE
link,FALSE
page,FALSE
describe,TRUE
outline,FALSE
illustrate,FALSE
define,TRUE
discuss,TRUE
explain,TRUE
describe,TRUE
list,TRUE
describe,TRUE
cover,TRUE
address,FALSE
',FALSE
in,FALSE
on,FALSE
for,FALSE
use,TRUE
and,FALSE
area,TRUE
room,TRUE
item,FALSE
item,FALSE
case,TRUE
aircraft,FALSE
place,TRUE
provide,TRUE
permit,FALSE
require,TRUE
prevent,FALSE
need,TRUE
enable,FALSE
support,FALSE
offer,TRUE
provide,FALSE
include,TRUE
contain,TRUE
electricity,FALSE
warmth,FALSE
air,FALSE
oil,FALSE
cool,FALSE
deny,FALSE
refuse,FALSE
grant,TRUE
give,TRUE
reject,FALSE
decline,FALSE
miss,FALSE
without,FALSE
delay,FALSE
miss,FALSE
ignore,FALSE
issue,FALSE
withdraw,FALSE
task,FALSE
option,FALSE
job,FALSE
offer,TRUE
possibility,FALSE
idea,FALSE
fuel,FALSE
floor,FALSE
ground,FALSE
#,FALSE
control,TRUE
number,TRUE
electrical,FALSE
exhaust,FALSE
run,FALSE
engine,FALSE
plant,FALSE
apparatus,FALSE
facility,FALSE
privilege,FALSE
effect,TRUE
capability,TRUE
duty,FALSE
advantage,FALSE
status,FALSE
benefit,FALSE
right,FALSE
purpose,FALSE
convenience,FALSE
honor,FALSE
check,TRUE
work,TRUE
run,TRUE
start,TRUE
shut,FALSE
monitor,FALSE
control,FALSE
test,TRUE
connect,FALSE
close,FALSE
operator,TRUE
installation,FALSE
action,FALSE
driver,FALSE
head,FALSE
member,FALSE
article,TRUE
section,TRUE
page,FALSE
document,TRUE
book,FALSE
report,TRUE
chapter,FALSE
paper,FALSE
text,TRUE
entry,TRUE
version,TRUE
give,TRUE
present,TRUE
contain,FALSE
include,TRUE
give,TRUE
make,TRUE
define,TRUE
description,TRUE
summary,FALSE
overview,FALSE
explanation,FALSE
account,FALSE
definition,TRUE
list,FALSE
breakdown,FALSE
view,FALSE
application,TRUE
module,FALSE
service,TRUE
activity,TRUE
project,TRUE
operation,FALSE
program,TRUE
principle,FALSE
concept,FALSE
procedure,TRUE
method,TRUE
criterion,FALSE
technique,TRUE
term,TRUE
process,TRUE
outline,FALSE
state,TRUE
define,TRUE
present,TRUE
specify,TRUE
list,TRUE
express,FALSE
identify,TRUE
mention,FALSE
publish,FALSE
formulate,FALSE
agreement,TRUE
draft,FALSE
contract,FALSE
letter,FALSE
paragraph,FALSE
manual,FALSE
consider,TRUE
utilize,FALSE
adopt,FALSE
serve,FALSE
regard,FALSE
apply,TRUE
see,TRUE
develop,TRUE
employ,FALSE
follow,TRUE
take,TRUE
view,TRUE
implement,FALSE
interpret,FALSE
basis,TRUE
framework,FALSE
foundation,FALSE
template,FALSE
base,FALSE
tool,TRUE
future,FALSE
detail,FALSE
overall,FALSE
general,FALSE
practical,FALSE
formal,FALSE
conceptual,FALSE
effective,FALSE
development,FALSE
implementation,FALSE
integration,FALSE
documentation,FALSE
evaluation,FALSE
engineering,FALSE
testing,FALSE
version,TRUE
certification,FALSE
foundation,FALSE
incorporate,FALSE
fit,FALSE
enter,FALSE
integrate,FALSE
add,TRUE
insert,FALSE
translate,FALSE
introduce,FALSE
expand,FALSE
convert,FALSE
bring,FALSE
combine,FALSE
file,TRUE
image,FALSE
result,TRUE
command,FALSE
message,FALSE
instruction,FALSE
part,TRUE
code,TRUE
database,FALSE
website,FALSE
see,TRUE
consider,TRUE
know,TRUE
or,FALSE
think,FALSE
note,TRUE
compare,FALSE
steam,FALSE
fan,FALSE
machine,FALSE
station,FALSE
engine,FALSE
plant,FALSE
appliance,FALSE
line,TRUE
cell,FALSE
tower,FALSE
operate,TRUE
work,TRUE
exist,FALSE
serve,FALSE
occur,FALSE
connect,FALSE
stand,FALSE
go,TRUE
move,TRUE
travel,FALSE
#,FALSE
#,FALSE
#,FALSE
#,FALSE
respond,TRUE
cater,FALSE
refer,TRUE
adjust,FALSE
listen,FALSE
extend,FALSE
lead,TRUE
react,FALSE
adapt,FALSE
situation,FALSE
question,TRUE
circumstance,FALSE
event,TRUE
threat,FALSE
problem,FALSE
measure,FALSE
response,FALSE
demand,FALSE
signal,TRUE
action,FALSE
limit,FALSE
regulation,FALSE
agreement,FALSE
regulation,FALSE
regulation,FALSE
law,FALSE
rule,TRUE
plan,FALSE
reduce,TRUE
increase,TRUE
restrict,FALSE
minimize,FALSE
vary,TRUE
decrease,FALSE
measure,TRUE
number,TRUE
type,TRUE
quantity,FALSE
size,FALSE
variety,FALSE
speed,FALSE
kind,FALSE
generator,FALSE
electric,FALSE
receive,FALSE
need,TRUE
build,TRUE
deploy,FALSE
supply,TRUE
available,FALSE
assumption,TRUE
exception,FALSE
agreement,TRUE
restriction,FALSE
error,FALSE
modification,FALSE
improvement,FALSE
decision,FALSE
addition,FALSE
limitation,FALSE
claim,FALSE
mistake,FALSE
statement,TRUE
conclusion,FALSE
recommendation,FALSE
observation,FALSE
prediction,FALSE
concern,FALSE
fact,FALSE
consideration,FALSE
finding,FALSE
calculation,FALSE
expectation,FALSE
model,TRUE
theory,FALSE
algorithm,TRUE
problem,FALSE
subject,FALSE
make,TRUE
establish,FALSE
find,TRUE
present,FALSE
satisfy,FALSE
know,TRUE
encounter,FALSE
assume,FALSE
correct,FALSE
summarize,FALSE
discuss,TRUE
explain,TRUE
show,FALSE
cover,TRUE
address,FALSE
part,TRUE
portion,FALSE
edition,FALSE
from,FALSE
include,TRUE
read,FALSE
follow,TRUE
use,TRUE
annual,FALSE
official,FALSE
relevant,FALSE
original,FALSE
late,FALSE
current,FALSE
field,FALSE
contact,FALSE
biographical,FALSE
technical,FALSE
mission,FALSE
background,FALSE
map,FALSE
image,FALSE
location,TRUE
capacity,FALSE
frequency,FALSE
cycle,FALSE
point,FALSE
reach,TRUE
sufficient,FALSE
choose,FALSE
meet,TRUE
desire,FALSE
select,FALSE
achieve,TRUE
call,TRUE
signal,TRUE
response,FALSE
connection,FALSE
send,TRUE
initiate,FALSE
make,TRUE
create,TRUE
charge,FALSE
demand,FALSE
spark,FALSE
failure,FALSE
comment,FALSE
turn,TRUE
start,TRUE
bid,FALSE
pass,TRUE
build,TRUE
focus,TRUE
default,FALSE
click,FALSE
entire,FALSE
new,FALSE
solar,FALSE
one,FALSE
reader,FALSE
author,FALSE
administrator,FALSE
recipient,FALSE
client,FALSE
editor,FALSE
programmer,FALSE
administrator,FALSE
manager,FALSE
server,FALSE
store,FALSE
publish,TRUE
handle,TRUE
implement,FALSE
read,TRUE
file,TRUE
content,FALSE
content,FALSE
derive,FALSE
obtain,TRUE
extract,FALSE
compile,FALSE
draw,FALSE
generate,FALSE
collect,FALSE
calculate,FALSE
create,TRUE
source,FALSE
retrieve,FALSE
correspond,FALSE
actual,FALSE
specific,FALSE
exist,TRUE
relate,FALSE
step,FALSE
mark,FALSE
language,FALSE
a,FALSE
this,FALSE
each,FALSE
datum,TRUE
xml,TRUE
one,FALSE
open,FALSE
single,FALSE
perform,FALSE
process,TRUE
write,FALSE
store,TRUE
#,FALSE
take,TRUE
let,TRUE
thus,FALSE
denote,TRUE
take,TRUE
hence,FALSE
then,FALSE
initial,FALSE
measurement,FALSE
average,FALSE
measure,FALSE
ratio,FALSE
phase,FALSE
vector,FALSE
target,FALSE
point,FALSE
optimal,FALSE
goal,FALSE
gradient,FALSE
delta,FALSE
transition,FALSE
δ,FALSE
band,FALSE
change,TRUE
δ,FALSE
rise,FALSE
simulation,FALSE
drop,FALSE
dependence,FALSE
#,FALSE
#,FALSE
more,FALSE
#,FALSE
lamp,FALSE
thing,FALSE
valve,FALSE
phone,FALSE
line,TRUE
fire,FALSE
replace,TRUE
call,TRUE
wear,FALSE
dash,FALSE
bit,FALSE
dot,FALSE
curve,FALSE
delay,FALSE
displacement,FALSE
bar,FALSE
step,FALSE
figure,FALSE
tolerance,FALSE
consumer,FALSE
processor,FALSE
supplier,FALSE
expect,TRUE
cause,FALSE
undergo,FALSE
allow,TRUE
await,FALSE
indicate,FALSE
warm,FALSE
lift,FALSE
wind,FALSE
low,FALSE
event,TRUE
radiation,TRUE
activity,TRUE
cycle,FALSE
reaction,FALSE
shock,FALSE
ready,FALSE
fail,FALSE
begin,TRUE
fail,FALSE
wait,FALSE
begin,TRUE
meet,TRUE
avoid,FALSE
give,TRUE
solution,FALSE
candidate,FALSE
tool,TRUE
forecast,FALSE
complete,FALSE
incomplete,FALSE
approve,FALSE
release,FALSE
produce,FALSE
prepare,FALSE
office,TRUE
office,FALSE
committee,FALSE
manager,FALSE
board,FALSE
representative,FALSE
group,FALSE
#,FALSE
#,FALSE
committee,TRUE
leave,FALSE
provide,FALSE
assist,FALSE
board,FALSE
applicant,FALSE
commission,FALSE
researcher,FALSE
period,TRUE
schedule,FALSE
window,FALSE
total,FALSE
calendar,FALSE
series,TRUE
timeline,FALSE
sequence,FALSE
quota,FALSE
resource,FALSE
location,TRUE
site,TRUE
statistic,FALSE
indicator,FALSE
material,TRUE
area,TRUE
conduct,FALSE
perform,FALSE
prepare,FALSE
construct,FALSE
get,TRUE
decision,TRUE
well,FALSE
single,FALSE
survey,FALSE
change,TRUE
determine,TRUE
check,TRUE
indicate,FALSE
calculate,FALSE
measure,FALSE
top,FALSE
side,FALSE
end,TRUE
#,FALSE
edge,FALSE
center,FALSE
stage,FALSE
front,FALSE
circuit,FALSE
flow,TRUE
pipe,FALSE
cable,FALSE
channel,TRUE
sensor,FALSE
automatically,FALSE
alarm,FALSE
receive,FALSE
send,FALSE
receive,FALSE
issue,FALSE
get,FALSE
answer,TRUE
send,FALSE
return,TRUE
enter,FALSE
hear,FALSE
potential,FALSE
reason,FALSE
caller,FALSE
movement,FALSE
noise,FALSE
answer,FALSE
object,TRUE
update,FALSE
alert,FALSE
email,FALSE
extension,FALSE
agent,FALSE
assignment,FALSE
ID,FALSE
engineer,FALSE
obtain,TRUE
predict,FALSE
ignore,FALSE
reason,FALSE
consequence,FALSE
efficiency,FALSE
accuracy,FALSE
weight,FALSE
cost,FALSE
know,FALSE
not,FALSE
possible,FALSE
other,FALSE
follow,TRUE
applicable,FALSE
find,FALSE
2015,FALSE
2016,FALSE
2007,FALSE
2006,FALSE
2003,FALSE
2004,FALSE
2005,FALSE
2017,FALSE
remove,TRUE
download,FALSE
import,FALSE
delete,FALSE
load,FALSE
header,FALSE
external,FALSE
tree,FALSE
stack,FALSE
console,FALSE
enter,TRUE
integrate,FALSE
introduce,FALSE
upload,FALSE
insert,FALSE
copy,FALSE
deposit,FALSE
pass,TRUE
feed,FALSE
transfer,FALSE
folder,FALSE
format,FALSE
library,FALSE
package,FALSE
container,FALSE
directory,FALSE
registration,FALSE
translation,FALSE
execution,FALSE
acquisition,FALSE
write,TRUE
draw,FALSE
find,TRUE
get,FALSE
return,TRUE
exact,FALSE
integer,FALSE
binary,FALSE
#,FALSE
relationship,FALSE
record,FALSE
entry,TRUE
context,FALSE
domain,FALSE
way,TRUE
order,TRUE
instance,FALSE
direction,FALSE
hold,TRUE
put,TRUE
call,TRUE
cut,FALSE
send,TRUE
carry,TRUE
carry,TRUE
act,TRUE
leave,FALSE
read,FALSE
work,TRUE
set,TRUE
shall,FALSE
adjust,TRUE
fix,TRUE
adapt,FALSE
sensitive,FALSE
tune,FALSE
proportional,FALSE
accord,FALSE
limit,TRUE
tailor,FALSE
align,FALSE
design,TRUE
#,FALSE
height,FALSE
altitude,FALSE
#,FALSE
#,FALSE
#,FALSE
#,FALSE
prediction,FALSE
scenario,FALSE
hypothesis,FALSE
observation,FALSE
assertion,FALSE
procedure,FALSE
issue,FALSE
submit,TRUE
accept,FALSE
execute,FALSE
grant,FALSE
motor,FALSE
stay,TRUE
pump,TRUE
t,FALSE
u,FALSE
at,FALSE
it,FALSE
s,FALSE
ET,FALSE
v,FALSE
CT,FALSE
e,FALSE
K,FALSE
r,FALSE
h,FALSE
n,FALSE
tower,FALSE
L,FALSE
c,FALSE
b,FALSE
ii,FALSE
#,FALSE
court,FALSE
division,FALSE
group,TRUE
category,TRUE
class,FALSE
act,TRUE
union,FALSE
consist,TRUE
speak,FALSE
come,FALSE
appear,FALSE
consist,TRUE
hear,FALSE
contain,TRUE
approve,FALSE
bear,FALSE
certificate,FALSE
license,FALSE
award,FALSE
establish,FALSE
identify,TRUE
responsibility,FALSE
preference,FALSE
appropriate,FALSE
particular,FALSE
primary,FALSE
deliver,FALSE
request,TRUE
determine,TRUE
assign,TRUE
report,TRUE
#,FALSE
#,FALSE
history,FALSE
presentation,FALSE
picture,FALSE
be,FALSE
testing,FALSE
moment,TRUE
situation,FALSE
position,TRUE
day,FALSE
diagnosis,FALSE
sign,FALSE
error,FALSE
those,FALSE
power,FALSE
report,TRUE
party,FALSE
aircraft,FALSE
record,TRUE
person,TRUE
force,FALSE
work,TRUE
activity,TRUE
act,TRUE
event,TRUE
matter,FALSE
area,TRUE
building,FALSE
reach,TRUE
cross,FALSE
violate,FALSE
exceed,FALSE
affect,FALSE
overlap,FALSE
impact,FALSE
breach,FALSE
prescribe,FALSE
recommend,FALSE
legal,FALSE
permit,FALSE
acceptable,FALSE
authorize,FALSE
post,FALSE
statutory,FALSE
city,FALSE
normal,FALSE
mark,FALSE
treat,FALSE
classify,FALSE
declare,FALSE
designate,FALSE
characterize,FALSE
rate,FALSE
mark,TRUE
attempt,FALSE
decide,FALSE
desire,FALSE
desire,FALSE
choose,FALSE
tap,FALSE
fire,FALSE
washing,FALSE
outlet,FALSE
transmit,FALSE
release,FALSE
activate,FALSE
display,FALSE
warn,FALSE
emergency,FALSE
digital,FALSE
automatic,FALSE
electronic,FALSE
clock,FALSE
input,TRUE
electrical,FALSE
engine,FALSE
heat,FALSE
radar,FALSE
radio,FALSE
gps,FALSE
weather,FALSE
fuel,FALSE
range,TRUE
equipment,TRUE
refer,TRUE
due,FALSE
platform,FALSE
company,TRUE
website,FALSE
language,FALSE
class,FALSE
track,FALSE
channel,TRUE
school,FALSE
library,FALSE
robot,FALSE
change,TRUE
display,FALSE
transmit,FALSE
store,TRUE
adjust,TRUE
calculate,FALSE
generate,FALSE
use,TRUE
read,FALSE
record,TRUE
count,FALSE
maintain,FALSE
temperature,FALSE
pulse,FALSE
reading,FALSE
gas,FALSE
measurement,FALSE
particle,FALSE
charge,FALSE
load,FALSE
clock,FALSE
significant,FALSE
#,FALSE
temporal,FALSE
#,FALSE
linear,FALSE
physical,FALSE
noticeable,FALSE
interference,FALSE
loss,FALSE
transmitter,FALSE
satellite,FALSE
search,FALSE
report,TRUE
track,TRUE
call,TRUE
process,TRUE
name,TRUE
Map,TRUE
monitor,FALSE
survey,FALSE
occurrence,FALSE
incident,FALSE
participant,FALSE
collect,FALSE
retrieve,FALSE
statistical,FALSE
weather,FALSE
associate,FALSE
safety,FALSE
identification,FALSE
all,FALSE
only,FALSE
select,TRUE
list,TRUE
word,FALSE
name,TRUE
letter,FALSE
submit,TRUE
unique,FALSE
link,TRUE
refer,TRUE
contribute,FALSE
reader,FALSE
date,FALSE
editor,FALSE
Commission,FALSE
court,FALSE
officer,FALSE
inspector,FALSE
declare,FALSE
assure,FALSE
proper,FALSE
work,TRUE
safe,FALSE
permanent,FALSE
satisfactory,FALSE
good,FALSE
usable,FALSE
stable,FALSE
critical,FALSE
availability,FALSE
quality,FALSE
installation,TRUE
fixture,FALSE
product,TRUE
make,TRUE
issue,TRUE
send,TRUE
request,TRUE
file,TRUE
answer,TRUE
grant,FALSE
place,TRUE
give,TRUE
apply,TRUE
consider,TRUE
ask,FALSE
include,TRUE
notice,FALSE
note,TRUE
licence,FALSE
sell,FALSE
close,FALSE
seal,FALSE
cut,TRUE
lay,FALSE
burn,FALSE
lock,FALSE
ability,FALSE
inability,FALSE
upgrade,FALSE
want,FALSE
agree,FALSE
decide,FALSE
manage,FALSE
help,TRUE
want,FALSE
develop,TRUE
achieve,FALSE
deliver,FALSE
install,FALSE
drainage,FALSE
sanitation,FALSE
#,FALSE
how,FALSE
try,FALSE
try,FALSE
use,TRUE
help,TRUE
need,TRUE
distinguish,FALSE
differentiate,FALSE
alternate,FALSE
link,TRUE
distinguish,FALSE
interface,FALSE
differ,FALSE
intermediate,FALSE
communicate,FALSE
balance,FALSE
readiness,FALSE
progress,FALSE
intelligence,FALSE
assessment,FALSE
plan,FALSE
card,FALSE
course,FALSE
none,FALSE
proportion,FALSE
dining,FALSE
panel,FALSE
survive,FALSE
accommodate,FALSE
complete,FALSE
every,FALSE
finish,FALSE
start,TRUE
cover,TRUE
select,TRUE
enter,FALSE
print,FALSE
fire,FALSE
perform,FALSE
character,FALSE
category,FALSE
symbol,FALSE
color,FALSE
candidate,FALSE
model,TRUE
card,FALSE
student,FALSE
printer,FALSE
print,FALSE
write,FALSE
character,FALSE
graphic,FALSE
style,FALSE
color,FALSE
font,FALSE
these,FALSE
they,FALSE
rule,TRUE
both,FALSE
service,TRUE
example,TRUE
key,FALSE
change,TRUE
result,TRUE
application,TRUE
document,TRUE
full,FALSE
test,TRUE
factor,FALSE
scenario,FALSE
rating,FALSE
account,FALSE
responsible,FALSE
ask,FALSE
assess,FALSE
since,FALSE
take,TRUE
expect,TRUE
cause,FALSE
turn,TRUE
clean,FALSE
coil,FALSE
heat,TRUE
operate,TRUE
maintain,FALSE
operational,FALSE
activate,FALSE
you,FALSE
we,FALSE
it,FALSE
he,FALSE
user,TRUE
she,FALSE
student,FALSE
member,FALSE
organize,FALSE
witness,FALSE
whole,FALSE
form,TRUE
access,TRUE
magnetic,FALSE
elevation,FALSE
profile,FALSE
band,FALSE
velocity,FALSE
gauge,FALSE
boiler,FALSE
likely,FALSE
believe,FALSE
suspect,FALSE
note,TRUE
think,FALSE
probable,FALSE
conclude,FALSE
estimate,FALSE
argue,FALSE
apparent,FALSE
charge,FALSE
tank,FALSE
report,TRUE
return,TRUE
transfer,FALSE
communicating,FALSE
deliver,FALSE
restore,FALSE
connect,FALSE
match,FALSE
DC,FALSE
back,FALSE
location,TRUE
name,TRUE
photo,FALSE
name,TRUE
length,FALSE
inside,FALSE
part,TRUE
suffix,FALSE
prefix,FALSE
label,FALSE
symbol,FALSE
designation,FALSE
word,FALSE
abbreviation,FALSE
inform,FALSE
consist,TRUE
compose,FALSE
yield,FALSE
sheet,FALSE
toilet,FALSE
divide,TRUE
organize,FALSE
split,FALSE
subdivide,FALSE
structure,FALSE
separate,FALSE
break,FALSE
group,TRUE
organise,FALSE
categorize,FALSE
arrange,FALSE
sort,FALSE
reorganize,FALSE
segment,FALSE
chapter,FALSE
division,FALSE
general,FALSE
current,FALSE
basic,FALSE
test,TRUE
emergency,FALSE
project,FALSE
automatic,FALSE
electronic,FALSE
advanced,FALSE
integrate,FALSE
#,FALSE
#,FALSE
#,FALSE
#,FALSE
#,FALSE
#,FALSE
#,FALSE
#,FALSE
#,FALSE
#,FALSE
#,FALSE
#,FALSE
#,FALSE
provider,FALSE
involve,FALSE
reflect,TRUE
represent,FALSE
comprise,FALSE
cover,TRUE
discharge,FALSE
#,FALSE
#,FALSE
monthly,FALSE
conservation,FALSE
#,FALSE
lie,FALSE
remain,FALSE
reside,TRUE
fall,TRUE
team,FALSE
Secretariat,FALSE
remove,TRUE
extract,FALSE
gather,FALSE
pull,FALSE
recover,FALSE
separate,FALSE
date,FALSE
historical,FALSE
internal,FALSE
log,FALSE
log,FALSE
register,FALSE
space,TRUE
year,TRUE
region,FALSE
rank,FALSE
duration,FALSE
month,TRUE
season,FALSE
engineer,FALSE
utilize,FALSE
replace,FALSE
comprise,FALSE
mode,FALSE
technology,TRUE
necessary,FALSE
intend,FALSE
plan,TRUE
district,FALSE
environment,FALSE
district,FALSE
wish,FALSE
motion,FALSE
petition,FALSE
oven,FALSE
pad,FALSE
furnace,FALSE
construct,FALSE
file,TRUE
initiate,FALSE
hear,FALSE
echo,FALSE
announcement,FALSE
inquiry,FALSE
audit,FALSE
advertisement,FALSE
record,TRUE
register,TRUE
announce,FALSE
schedule,FALSE
observe,FALSE
hold,TRUE
notify,FALSE
cancel,FALSE
finally,FALSE
therefore,FALSE
however,FALSE
accordingly,FALSE
additionally,FALSE
also,FALSE
far,FALSE
generally,FALSE
furthermore,FALSE
moreover,FALSE
again,FALSE
subsequently,FALSE
consequently,FALSE
meet,TRUE
council,FALSE
secretary,FALSE
satisfy,FALSE
follow,TRUE
render,FALSE
constitute,FALSE
income,FALSE
fund,FALSE
revenue,FALSE
evidence,FALSE
patient,FALSE
brain,FALSE
animal,FALSE
encounter,FALSE
lack,FALSE
express,FALSE
meet,TRUE
experience,FALSE
show,FALSE
face,FALSE
create,TRUE
develop,TRUE
fill,FALSE
spot,FALSE
substrate,FALSE
dry,FALSE
#,FALSE
terminate,FALSE
intervene,FALSE
detect,FALSE
high,FALSE
change,TRUE
certain,FALSE
reduce,TRUE
high,FALSE
rise,FALSE
hazard,FALSE
rainfall,FALSE
climate,FALSE
sun,FALSE
ambient,FALSE
environmental,FALSE
significantly,FALSE
even,FALSE
actually,FALSE
either,FALSE
substantially,FALSE
fit,FALSE
break,FALSE
intersect,FALSE
impose,FALSE
imply,FALSE
suggest,FALSE
dictate,FALSE
indicate,FALSE
correction,FALSE
disturbance,FALSE
shift,FALSE
zone,FALSE
material,TRUE
coefficient,FALSE
attain,FALSE
hit,FALSE
lose,FALSE
convection,FALSE
compression,FALSE
lower,FALSE
match,FALSE
interrupt,FALSE
alter,FALSE
escape,FALSE
withstand,FALSE
ideal,FALSE
reduction,FALSE
adjustment,FALSE
#,FALSE
schedule,FALSE
bill,FALSE
fulfill,FALSE
obey,FALSE
justify,FALSE
platform,FALSE
suite,FALSE
core,TRUE
network,FALSE
architecture,FALSE
compose,FALSE
consist,TRUE
comprise,FALSE
capable,FALSE
form,TRUE
constitute,FALSE
hardware,TRUE
desktop,FALSE
keyboard,FALSE
pc,FALSE
physic,FALSE
chassis,FALSE
bus,FALSE
electronic,FALSE
graphical,FALSE
video,FALSE
programming,FALSE
technology,TRUE
column,FALSE
influence,FALSE
raise,FALSE
maintain,FALSE
operational,FALSE
official,FALSE
present,FALSE
initial,FALSE
maintenance,FALSE
historical,FALSE
historic,FALSE
full,FALSE
total,FALSE
special,FALSE
#,FALSE
additional,FALSE
new,FALSE
software,TRUE
main,FALSE
game,FALSE
repair,FALSE
protection,FALSE
make,TRUE
such,FALSE
with,FALSE
make,TRUE
play,FALSE
sound,FALSE
bank,FALSE
check,TRUE
set,TRUE
identify,TRUE
update,FALSE
monitor,FALSE
consider,TRUE
establish,FALSE
treatment,FALSE
find,TRUE
spell,FALSE
single,TRUE
turn,TRUE
carry,TRUE
pick,FALSE
map,FALSE
replacement,FALSE
help,TRUE
resource,TRUE
whether,FALSE
something,FALSE
#,FALSE
team,FALSE
denote,TRUE
divide,FALSE
assign,TRUE
represent,TRUE
river,FALSE
stream,FALSE
vessel,FALSE
minute,FALSE
week,FALSE
hour,FALSE
meter,FALSE
second,FALSE
metre,FALSE
per,FALSE
recovery,FALSE
name,TRUE
exist,FALSE
use,TRUE
operate,TRUE
latter,FALSE
evaluate,FALSE
analyze,FALSE
conjunction,FALSE
accordance,FALSE
comparison,FALSE
analogy,FALSE
correlation,FALSE
contrast,FALSE
parallel,FALSE
tandem,FALSE
bulb,FALSE
switch,TRUE
manufacture,FALSE
transmission,FALSE
standardize,FALSE
solve,FALSE
mode,FALSE
assembly,FALSE
connector,FALSE
chip,FALSE
modify,FALSE
term,TRUE
denote,TRUE
can,FALSE
can,FALSE
modify,TRUE
precise,FALSE
terminate,FALSE
o,FALSE
or,FALSE
CO,FALSE
expression,FALSE
repeat,FALSE
reverse,FALSE
thing,FALSE
mechanism,FALSE
way,TRUE
happen,FALSE
arise,FALSE
result,TRUE
invalid,FALSE
incorrect,FALSE
extreme,FALSE
additional,FALSE
experimental,FALSE
accident,FALSE
abnormal,FALSE
exclusion,FALSE
unusual,FALSE
adverse,FALSE
unexpected,FALSE
behavior,FALSE
peak,FALSE
calculation,FALSE
transmit,FALSE
detect,FALSE
recover,FALSE
laboratory,FALSE
sample,FALSE
dose,FALSE
beyond,FALSE
outside,FALSE
surpass,FALSE
theoretical,FALSE
mean,TRUE
never,FALSE
understand,FALSE
definition,FALSE
matter,FALSE
follow,TRUE
different,FALSE
various,FALSE
basic,FALSE
approach,FALSE
algorithm,TRUE
propose,FALSE
people,FALSE
hole,FALSE
hole,FALSE
man,FALSE
glass,FALSE
blood,FALSE
man,FALSE
picture,FALSE
candle,FALSE
time,TRUE
score,FALSE
question,FALSE
vote,FALSE
zero,FALSE
have,FALSE
message,FALSE
declaration,FALSE
among,FALSE
of,FALSE
give,TRUE
besides,FALSE
within,FALSE
despite,FALSE
vegetation,FALSE
specie,FALSE
terrain,FALSE
soil,FALSE
habitat,FALSE
bird,FALSE
population,FALSE
weapon,FALSE
player,FALSE
host,FALSE
child,FALSE
go,TRUE
proceed,FALSE
progress,FALSE
continue,FALSE
run,TRUE
move,FALSE
work,TRUE
flow,FALSE
travel,FALSE
go,TRUE
advance,FALSE
stage,FALSE
motion,FALSE
task,FALSE
determine,TRUE
increase,TRUE
decrease,FALSE
obtain,TRUE
find,TRUE
compute,FALSE
evaluate,FALSE
reduce,TRUE
define,TRUE
gain,FALSE
priority,FALSE
typically,FALSE
effectively,FALSE
yield,FALSE
produce,TRUE
guarantee,FALSE
preserve,FALSE
sum,FALSE
distribute,FALSE
allocate,FALSE
number,TRUE
attach,FALSE
space,TRUE
computer,TRUE
processor,FALSE
thread,FALSE
#,FALSE
#,FALSE
#,FALSE
#,FALSE
#,FALSE
#,FALSE
#,FALSE
remain,FALSE
construction,FALSE
affect,FALSE
by,FALSE
through,FALSE
so,FALSE
that,FALSE
to,FALSE
but,FALSE
fix,TRUE
preserve,FALSE
product,TRUE
determination,FALSE
duct,FALSE
connect,FALSE
lead,TRUE
respond,FALSE
open,FALSE
extend,FALSE
rise,FALSE
correspond,TRUE
hold,FALSE
apply,TRUE
wall,FALSE
dome,FALSE
roof,FALSE
storey,FALSE
room,TRUE
floor,FALSE
building,FALSE
office,TRUE
bay,FALSE
space,TRUE
apartment,FALSE
classroom,FALSE
side,FALSE
corner,FALSE
wall,FALSE
story,FALSE
front,FALSE
elevation,FALSE
sector,FALSE
apartment,FALSE
administration,FALSE
headquarter,FALSE
residential,FALSE
central,FALSE
tall,FALSE
functionality,FALSE
attribute,FALSE
participate,FALSE
culminate,FALSE
accompany,FALSE
abstract,FALSE
five,FALSE
six,FALSE
major,FALSE
seven,FALSE
nine,FALSE
provision,FALSE
table,FALSE
chapter,FALSE
category,FALSE
type,TRUE
volume,FALSE
§,FALSE
article,FALSE
packet,FALSE
buffer,FALSE
slot,FALSE
reject,FALSE
variable,FALSE
cell,FALSE
reveal,FALSE
restore,FALSE
assume,FALSE
retain,FALSE
session,FALSE
early,FALSE
prior,FALSE
under,FALSE
at,FALSE
instant,FALSE
period,FALSE
become,FALSE
strike,FALSE
nominal,FALSE
expect,TRUE
scope,TRUE
rest,FALSE
mean,TRUE
remainder,FALSE
bulk,FALSE
significance,FALSE
restrict,FALSE
confine,FALSE
extend,FALSE
narrow,FALSE
fundamental,FALSE
financial,FALSE
package,FALSE
equilibrium,FALSE
low,FALSE
death,FALSE
injury,FALSE
illness,FALSE
infection,FALSE
disease,FALSE
pregnancy,FALSE
participant,FALSE
outcome,FALSE
volume,FALSE
archive,FALSE
collection,FALSE
useful,FALSE
helpful,FALSE
important,FALSE
valuable,FALSE
essential,FALSE
subsequent,FALSE
in,FALSE
PT,FALSE
UTC,FALSE
TX,FALSE
US,FALSE
to,FALSE
TD,FALSE
ST,FALSE
d,FALSE
pp,FALSE
radio,FALSE
distress,FALSE
rf,FALSE
directional,FALSE
radar,FALSE
panel,FALSE
show,FALSE
indication,FALSE
impression,FALSE
missile,FALSE
spacecraft,FALSE
ship,FALSE
carrier,FALSE
reactor,FALSE
presence,FALSE
placement,FALSE
movement,FALSE
proximity,FALSE
arrival,FALSE
adjacent,FALSE
variation,FALSE
absence,FALSE
case,TRUE
midst,FALSE
conflict,TRUE
confusion,FALSE
conflict,FALSE
dispute,FALSE
disagreement,FALSE
dispute,FALSE
compromise,FALSE
conflict,FALSE
contamination,FALSE
litigation,FALSE
tension,FALSE
war,FALSE
involve,FALSE
concern,FALSE
subset,FALSE
aspect,FALSE
formulation,FALSE
discuss,TRUE
explain,TRUE
address,FALSE
outline,FALSE
principle,FALSE
direction,FALSE
file,TRUE
note,TRUE
information,TRUE
track,FALSE
image,FALSE
number,TRUE
word,FALSE
feature,FALSE
property,TRUE
web,FALSE
store,FALSE
display,FALSE
generate,FALSE
almost,FALSE
above,FALSE
almost,FALSE
law,TRUE
other,TRUE
amendment,FALSE
right,FALSE
power,TRUE
resolution,FALSE
exception,TRUE
addition,FALSE
creation,FALSE
adoption,FALSE
passage,FALSE
completion,FALSE
aid,FALSE
introduction,FALSE
consent,FALSE
instrument,FALSE
guarantee,FALSE
say,FALSE
flux,FALSE
experience,FALSE
rotate,FALSE
mechanical,FALSE
typical,FALSE
local,FALSE
observer,FALSE
attain,FALSE
hold,TRUE
daily,FALSE
angle,FALSE
degree,FALSE
#,FALSE
°,FALSE
#,FALSE
°,FALSE
#,FALSE
hour,FALSE
minute,FALSE
disclosure,FALSE
transfer,FALSE
denial,FALSE
confirmation,FALSE
employee,FALSE
customer,FALSE
police,FALSE
detail,TRUE
risk,FALSE
complexity,FALSE
harm,FALSE
upset,FALSE
damage,FALSE
hurt,FALSE
distract,FALSE
concern,FALSE
threaten,FALSE
disturb,FALSE
trouble,FALSE
fool,FALSE
influence,FALSE
supervisor,FALSE
proposal,FALSE
protocol,FALSE
recommendation,FALSE
update,FALSE
collaboration,FALSE
consultation,FALSE
compliance,FALSE
cooperation,FALSE
coordination,FALSE
partnership,FALSE
ieee,FALSE
an,FALSE
SC,FALSE
EA,FALSE
Atari,FALSE
f,FALSE
federal,FALSE
cs,FALSE
IBM,FALSE
special,FALSE
pende,FALSE
recall,FALSE
classification,FALSE
depend,FALSE
occur,FALSE
previously,FALSE
non,FALSE
currently,FALSE
potentially,FALSE
specifically,FALSE
normally,FALSE
legally,FALSE
#,FALSE
immediately,FALSE
already,FALSE
otherwise,FALSE
representation,FALSE
answer,TRUE
accept,FALSE
accept,FALSE
photograph,FALSE
mention,FALSE
depiction,FALSE
design,TRUE
name,TRUE
allegedly,FALSE
reportedly,FALSE
reply,FALSE
opposition,FALSE
respond,FALSE
2000,FALSE
parental,FALSE
personal,FALSE
medical,FALSE
investigation,FALSE
freeze,FALSE
wet,FALSE
fill,FALSE
lift,FALSE
boil,FALSE
dry,FALSE
remove,TRUE
hold,FALSE
#,FALSE
#,FALSE
#,FALSE
#,FALSE
#,FALSE
#,FALSE
#,FALSE
#,FALSE
#,FALSE
#,FALSE
#,FALSE
#,FALSE
#,FALSE
#,FALSE
reasonable,FALSE
appoint,FALSE
2014,FALSE
offer,FALSE
resistance,FALSE
backup,FALSE
if,FALSE
when,FALSE
indoor,FALSE
seat,FALSE
profile,FALSE
planet,FALSE
region,FALSE
river,FALSE
zone,FALSE
lake,FALSE
city,FALSE
place,TRUE
upper,FALSE
chart,FALSE
figure,FALSE
technician,FALSE
detector,FALSE
cpu,FALSE
worker,FALSE
pattern,FALSE
succession,FALSE
array,FALSE
loop,FALSE
alternate,FALSE
approximately,FALSE
roughly,FALSE
regular,FALSE
simultaneous,FALSE
continuous,FALSE
around,FALSE
tone,FALSE
sound,FALSE
chart,FALSE
citation,FALSE
treat,FALSE
incorporate,FALSE
meaning,FALSE
noun,FALSE
title,FALSE
phrase,FALSE
terminology,FALSE
expression,FALSE
initial,FALSE
derivative,FALSE
usage,FALSE
variant,FALSE
translation,FALSE
origin,FALSE
effect,FALSE
dictionary,FALSE
supply,TRUE
water,FALSE
air,FALSE
purchase,FALSE
acquire,FALSE
order,TRUE
urgent,FALSE
immediate,FALSE
#,FALSE
attempt,FALSE
attempt,TRUE
hope,FALSE
help,TRUE
effort,FALSE
assemble,FALSE
perspective,FALSE
justification,FALSE
reflect,TRUE
inventory,FALSE
morning,FALSE
night,FALSE
modification,FALSE
commitment,FALSE
revision,FALSE
do,FALSE
structure,FALSE
capture,FALSE
manipulate,FALSE
interpret,FALSE
technique,TRUE
combustion,FALSE
collect,FALSE
capture,FALSE
compare,FALSE
object,TRUE
transaction,FALSE
its,FALSE
their,FALSE
his,FALSE
her,FALSE
low,FALSE
differential,FALSE
bind,FALSE
bound,FALSE
half,FALSE
derivative,FALSE
boundary,FALSE
program,FALSE
architect,FALSE
editor,FALSE
developer,FALSE
designer,FALSE
take,TRUE
prototype,FALSE
hope,FALSE
claim,FALSE
amplifi,FALSE
experiment,FALSE
add,TRUE
compare,FALSE
fit,FALSE
global,FALSE
respectively,FALSE
archive,FALSE
understand,FALSE
knowledge,FALSE
evidence,FALSE
analysis,FALSE
some,FALSE
development,FALSE
element,TRUE
recording,FALSE
access,FALSE
buy,FALSE
technical,FALSE
programme,FALSE
engineering,FALSE
design,FALSE
operation,FALSE
product,FALSE
station,FALSE
production,FALSE
opportunity,TRUE
flexibility,FALSE
President,FALSE
army,FALSE
pick,TRUE
sort,FALSE
pair,FALSE
aspect,FALSE
conduct,FALSE
month,TRUE
year,TRUE
week,TRUE
day,TRUE
decade,FALSE
season,FALSE
round,FALSE
session,FALSE
state,TRUE
past,FALSE
twelve,FALSE
curriculum,FALSE
collection,FALSE
collection,FALSE
phase,FALSE
stadium,FALSE
bridge,FALSE
purpose,TRUE
sake,FALSE
enhance,FALSE
time,TRUE
freeze,FALSE