the,FALSE
memory,TRUE
datum,TRUE
hardware,TRUE
control,TRUE
automatic,FALSE
system,TRUE
virtual,FALSE
an,FALSE
internal,FALSE
for,FALSE
computer,TRUE
external,FALSE
direct,FALSE
control,TRUE
management,FALSE
management,TRUE
control,TRUE
controller,TRUE
manager,FALSE
support,TRUE
Controller,FALSE
support,FALSE
handle,TRUE
memory,TRUE
hold,TRUE
write,TRUE
read,TRUE
trace,FALSE
send,TRUE
turn,TRUE
copy,TRUE
play,FALSE
bring,FALSE
set,TRUE
call,TRUE
store,TRUE
roll,FALSE
take,TRUE
process,TRUE
content,TRUE
name,TRUE
address,TRUE
address,TRUE
datum,TRUE
value,TRUE
text,TRUE
output,TRUE
result,TRUE
register,TRUE
state,TRUE
instruction,TRUE
information,TRUE
input,TRUE
device,TRUE
program,TRUE
access,TRUE
system,TRUE
software,TRUE
machine,TRUE
application,TRUE
address,TRUE
register,TRUE
logic,TRUE
instruction,TRUE
operate,TRUE
interface,TRUE
device,TRUE
function,TRUE
unit,TRUE
file,TRUE
system,TRUE
module,TRUE
program,TRUE
application,TRUE
mechanism,TRUE
interface,TRUE
list,TRUE
facility,FALSE
computer,TRUE
network,TRUE
video,FALSE
design,TRUE
analysis,TRUE
security,TRUE
protocol,TRUE
command,TRUE
model,TRUE
integration,TRUE
structure,TRUE
protection,TRUE
architecture,TRUE
testing,TRUE
monitor,TRUE
monitor,TRUE
database,TRUE
server,TRUE
client,FALSE
graphical,FALSE
relate,TRUE
associate,TRUE
layer,TRUE
circuit,TRUE
diagram,FALSE
link,TRUE
configuration,TRUE
image,FALSE
flow,TRUE
model,TRUE
available,FALSE
instal,TRUE
hard,FALSE
physical,FALSE
exist,TRUE
major,FALSE
active,FALSE
necessary,FALSE
new,FALSE
common,FALSE
storage,TRUE
disk,TRUE
file,TRUE
network,TRUE
backup,FALSE
embed,TRUE
power,TRUE
share,TRUE
transfer,TRUE
processing,TRUE
host,TRUE
distribution,FALSE
maintenance,TRUE
component,TRUE
resource,TRUE
equipment,TRUE
controller,TRUE
locate,TRUE
provide,TRUE
maintain,TRUE
store,TRUE
manage,TRUE
build,TRUE
house,FALSE
run,TRUE
host,TRUE
contain,TRUE
run,TRUE
distribute,TRUE
integrate,TRUE
machine,TRUE
install,FALSE
operate,TRUE
function,TRUE
deploy,TRUE
build,TRUE
assemble,FALSE
load,TRUE
download,FALSE
boot,TRUE
work,TRUE
maintain,TRUE
live,TRUE
execute,TRUE
use,TRUE
stand,TRUE
stand,TRUE
stand,TRUE
stand,TRUE
stand,TRUE
sit,TRUE
let,TRUE
die,FALSE
drive,TRUE
walk,FALSE
line,TRUE
sell,FALSE
environment,TRUE
facility,TRUE
basis,TRUE
installation,TRUE
service,TRUE
operation,TRUE
package,TRUE
would,FALSE
may,FALSE
operator,TRUE
also,FALSE
engineer,TRUE
customer,TRUE
technician,FALSE
might,FALSE
station,FALSE
generator,FALSE
provide,TRUE
include,TRUE
feature,TRUE
offer,TRUE
possess,FALSE
contain,TRUE
add,TRUE
retain,FALSE
lack,TRUE
gain,TRUE
ability,TRUE
operator,TRUE
time,TRUE
capability,TRUE
technology,TRUE
signal,TRUE
receiver,FALSE
alert,TRUE
activate,TRUE
update,TRUE
check,TRUE
track,TRUE
contact,TRUE
stop,FALSE
detect,TRUE
locate,FALSE
protect,TRUE
battery,TRUE
transmission,TRUE
voltage,TRUE
supply,TRUE
short,FALSE
current,FALSE
full,FALSE
electrical,FALSE
failure,TRUE
loss,TRUE
shortage,FALSE
change,TRUE
surge,FALSE
emergency,TRUE
drop,TRUE
issue,TRUE
crisis,FALSE
breakdown,FALSE
problem,TRUE
cut,FALSE
disruption,FALSE
swap,FALSE
occur,TRUE
happen,FALSE
begin,TRUE
start,TRUE
commence,FALSE
end,TRUE
pass,TRUE
strike,FALSE
occur,TRUE
develop,TRUE
arrive,FALSE
fail,TRUE
erupt,FALSE
result,TRUE
occur,TRUE
keep,TRUE
get,TRUE
make,TRUE
leave,TRUE
give,TRUE
want,TRUE
keep,TRUE
keep,TRUE
render,FALSE
ahead,FALSE
regardless,FALSE
clear,FALSE
free,FALSE
worth,FALSE
aware,FALSE
assure,FALSE
plenty,FALSE
outside,FALSE
record,FALSE
anyone,FALSE
anything,FALSE
personnel,FALSE
electricity,FALSE
traffic,FALSE
battery,TRUE
base,TRUE
constraint,TRUE
spend,FALSE
limit,TRUE
depend,TRUE
restriction,TRUE
dependent,FALSE
limitation,FALSE
remain,TRUE
limit,TRUE
#,FALSE
design,TRUE
define,TRUE
construct,FALSE
structure,TRUE
write,TRUE
implement,TRUE
formulate,FALSE
make,TRUE
specify,TRUE
use,TRUE
create,TRUE
choose,TRUE
generalize,FALSE
input,TRUE
process,TRUE
product,TRUE
command,TRUE
argument,FALSE
action,TRUE
operation,TRUE
task,TRUE
goal,TRUE
source,TRUE
signal,TRUE
response,TRUE
effect,FALSE
condition,TRUE
failure,TRUE
need,TRUE
combine,FALSE
control,TRUE
compare,TRUE
process,TRUE
identify,TRUE
consider,TRUE
access,TRUE
analyze,FALSE
evaluate,FALSE
represent,TRUE
change,TRUE
include,TRUE
require,TRUE
concern,TRUE
allow,TRUE
cover,FALSE
mean,TRUE
involve,FALSE
contain,TRUE
affect,TRUE
leave,FALSE
remove,TRUE
create,TRUE
include,TRUE
encompasse,FALSE
item,TRUE
object,TRUE
material,TRUE
part,TRUE
document,TRUE
site,TRUE
element,TRUE
image,TRUE
nature,TRUE
size,TRUE
appearance,FALSE
property,FALSE
condition,TRUE
location,TRUE
characteristic,TRUE
weight,FALSE
proximity,FALSE
dimension,FALSE
status,TRUE
presence,FALSE
carry,TRUE
purchase,TRUE
need,TRUE
transport,FALSE
obtain,TRUE
require,TRUE
wear,FALSE
acquire,FALSE
sale,FALSE
production,FALSE
delivery,FALSE
disposal,FALSE
assembly,TRUE
collection,TRUE
availability,FALSE
consumption,FALSE
manufacture,FALSE
display,FALSE
propose,TRUE
recommend,FALSE
important,FALSE
essential,FALSE
require,TRUE
suggest,FALSE
intend,TRUE
expect,TRUE
plan,TRUE
desirable,FALSE
possible,FALSE
assume,TRUE
critical,FALSE
request,TRUE
functionality,TRUE
knowledge,TRUE
performance,TRUE
rest,TRUE
capability,TRUE
majority,FALSE
integrity,TRUE
underlie,TRUE
processor,TRUE
clock,FALSE
virtual,FALSE
source,TRUE
must,FALSE
shall,FALSE
could,FALSE
level,TRUE
connection,TRUE
port,TRUE
switch,TRUE
sensor,TRUE
channel,FALSE
communication,TRUE
link,TRUE
connectivity,TRUE
packet,TRUE
connection,TRUE
network,TRUE
platform,TRUE
array,FALSE
layer,TRUE
spectrum,FALSE
area,TRUE
region,FALSE
reliability,TRUE
stability,TRUE
accuracy,TRUE
consistency,FALSE
efficiency,TRUE
speed,TRUE
simplicity,FALSE
safety,TRUE
quality,TRUE
compatibility,FALSE
resolution,FALSE
fault,TRUE
error,TRUE
collision,FALSE
test,TRUE
noise,FALSE
low,FALSE
stress,FALSE
shock,FALSE
parameter,TRUE
event,TRUE
#,FALSE
implementation,TRUE
and,FALSE
also,FALSE
thus,FALSE
so,FALSE
additionally,FALSE
only,FALSE
hence,FALSE
finally,FALSE
but,FALSE
main,FALSE
central,FALSE
remote,FALSE
primary,FALSE
external,FALSE
upper,FALSE
core,TRUE
upstream,FALSE
operational,FALSE
component,TRUE
part,TRUE
portion,TRUE
side,TRUE
version,TRUE
end,TRUE
unit,TRUE
product,TRUE
project,TRUE
survive,FALSE
continue,TRUE
stay,FALSE
remain,TRUE
cycle,TRUE
exist,TRUE
last,TRUE
continuity,FALSE
termination,FALSE
denial,FALSE
recovery,TRUE
cease,FALSE
proof,FALSE
return,TRUE
suspension,FALSE
restoration,FALSE
cancellation,FALSE
breach,FALSE
life,TRUE
code,TRUE
capacity,FALSE
case,TRUE
case,TRUE
circumstance,FALSE
absence,TRUE
situation,TRUE
situation,TRUE
instance,FALSE
scenario,FALSE
face,TRUE
context,FALSE
form,TRUE
moment,FALSE
destruction,FALSE
exhaustion,FALSE
replacement,FALSE
degradation,FALSE
separation,FALSE
loss,TRUE
collapse,FALSE
abandonment,FALSE
',FALSE
these,FALSE
both,FALSE
all,FALSE
administrative,FALSE
other,FALSE
planning,FALSE
such,FALSE
its,FALSE
current,FALSE
community,FALSE
some,FALSE
executive,FALSE
International,FALSE
network,FALSE
watch,FALSE
USA,FALSE
America,FALSE
Australia,FALSE
service,FALSE
organization,TRUE
worldwide,FALSE
agency,FALSE
Canada,FALSE
group,FALSE
group,TRUE
oversee,FALSE
advise,FALSE
inform,FALSE
join,FALSE
assist,FALSE
fund,FALSE
become,TRUE
investigate,FALSE
represent,TRUE
administer,FALSE
lead,TRUE
rescue,FALSE
reasonable,FALSE
future,FALSE
subsequent,FALSE
succeed,FALSE
activity,TRUE
check,FALSE
transaction,FALSE
activity,TRUE
service,TRUE
action,TRUE
check,FALSE
conduct,FALSE
perform,TRUE
do,TRUE
undertake,FALSE
accomplish,FALSE
complete,TRUE
initiate,FALSE
execute,TRUE
take,TRUE
achieve,TRUE
handle,TRUE
manner,TRUE
way,TRUE
place,TRUE
set,TRUE
mode,TRUE
order,TRUE
article,TRUE
section,TRUE
page,TRUE
publication,TRUE
entry,FALSE
volume,FALSE
chapter,FALSE
verse,FALSE
work,TRUE
number,TRUE
book,FALSE
sentence,FALSE
outline,FALSE
list,TRUE
describe,TRUE
state,TRUE
give,TRUE
mention,FALSE
present,TRUE
cover,TRUE
detail,TRUE
section,FALSE
article,TRUE
book,TRUE
report,TRUE
document,TRUE
volume,FALSE
list,TRUE
Act,FALSE
chapter,FALSE
edition,FALSE
standard,TRUE
publication,FALSE
generally,FALSE
largely,FALSE
determine,TRUE
usually,FALSE
modify,TRUE
primarily,FALSE
judge,FALSE
typically,FALSE
accord,FALSE
depend,TRUE
differently,FALSE
depend,TRUE
base,TRUE
center,FALSE
except,FALSE
paragraph,FALSE
page,FALSE
section,FALSE
term,TRUE
year,TRUE
title,FALSE
district,FALSE
locality,FALSE
jurisdiction,FALSE
period,FALSE
province,FALSE
appear,TRUE
meet,TRUE
begin,TRUE
appear,TRUE
apply,TRUE
come,TRUE
reside,FALSE
follow,TRUE
member,TRUE
aspect,TRUE
feature,TRUE
copy,FALSE
level,TRUE
instrument,FALSE
user,TRUE
branch,FALSE
qualified,FALSE
inform,FALSE
name,TRUE
know,TRUE
verify,FALSE
register,TRUE
message,TRUE
diagnostic,FALSE
warn,FALSE
scan,FALSE
card,TRUE
ID,FALSE
screen,FALSE
terminal,FALSE
chip,FALSE
bus,TRUE
switch,TRUE
lead,TRUE
light,TRUE
indicator,TRUE
sensor,TRUE
flash,FALSE
lighting,FALSE
beacon,FALSE
visible,FALSE
electronic,FALSE
red,FALSE
radio,FALSE
button,FALSE
plate,FALSE
present,TRUE
identify,TRUE
help,TRUE
provide,TRUE
aid,TRUE
allow,TRUE
show,TRUE
guide,TRUE
charge,TRUE
user,TRUE
carrier,FALSE
customer,TRUE
person,TRUE
technician,TRUE
patient,FALSE
ship,FALSE
board,FALSE
pilot,FALSE
company,TRUE
vessel,FALSE
indication,TRUE
confirmation,FALSE
reminder,FALSE
description,TRUE
hint,FALSE
representation,TRUE
map,FALSE
statement,TRUE
view,TRUE
measure,TRUE
#,FALSE
fault,TRUE
problem,TRUE
parameter,TRUE
good,FALSE
ok,FALSE
positive,FALSE
zero,FALSE
green,FALSE
bad,FALSE
safe,FALSE
blue,FALSE
high,FALSE
competent,FALSE
single,FALSE
local,FALSE
certify,FALSE
public,FALSE
regional,FALSE
responsible,FALSE
administrator,TRUE
manager,TRUE
engineer,TRUE
owner,FALSE
provider,FALSE
administrator,FALSE
member,TRUE
developer,TRUE
architect,FALSE
analyst,FALSE
officer,FALSE
employee,FALSE
responsibility,TRUE
access,FALSE
right,TRUE
authority,FALSE
responsibility,TRUE
attention,FALSE
oversight,FALSE
exposure,TRUE
experience,FALSE
area,TRUE
portion,TRUE
sector,FALSE
segment,FALSE
phase,TRUE
internet,TRUE
website,TRUE
objective,FALSE
specification,TRUE
requirement,TRUE
principle,TRUE
use,TRUE
follow,TRUE
follow,TRUE
follow,TRUE
follow,TRUE
per,FALSE
those,FALSE
anyone,FALSE
People,TRUE
user,TRUE
individual,TRUE
someone,FALSE
researcher,TRUE
application,TRUE
everyone,FALSE
student,FALSE
research,FALSE
person,FALSE
software,TRUE
pass,TRUE
read,TRUE
filter,FALSE
incorrect,FALSE
send,TRUE
correct,FALSE
edit,FALSE
receive,TRUE
avoid,TRUE
detection,TRUE
correction,TRUE
message,TRUE
prevention,FALSE
recognition,FALSE
report,TRUE
interpret,FALSE
understand,TRUE
find,TRUE
retrieve,FALSE
see,TRUE
intercept,FALSE
handle,TRUE
error,TRUE
result,TRUE
entire,FALSE
wrong,FALSE
incoming,FALSE
actual,FALSE
whole,FALSE
affect,FALSE
original,FALSE
response,TRUE
packet,FALSE
stream,FALSE
word,TRUE
image,TRUE
print,FALSE
search,TRUE
video,FALSE
test,TRUE
analysis,TRUE
record,FALSE
picture,FALSE
information,TRUE
process,TRUE
touch,FALSE
distribute,TRUE
analyze,FALSE
produce,TRUE
evaluate,FALSE
market,TRUE
verify,FALSE
collect,FALSE
compare,TRUE
statistical,FALSE
health,FALSE
dna,FALSE
correlation,FALSE
insurance,FALSE
repair,TRUE
#,FALSE
mechanic,FALSE
#,FALSE
#,FALSE
part,FALSE
care,FALSE
#,FALSE
shop,FALSE
operate,TRUE
a,FALSE
development,TRUE
package,FALSE
standard,TRUE
tool,TRUE
documentation,TRUE
specification,TRUE
content,TRUE
developer,TRUE
understand,TRUE
document,TRUE
research,TRUE
translate,FALSE
organize,FALSE
prepare,FALSE
compile,TRUE
publish,TRUE
apply,TRUE
express,FALSE
interpret,TRUE
accessible,FALSE
language,TRUE
language,TRUE
dialect,FALSE
script,FALSE
alphabet,FALSE
style,FALSE
dialect,FALSE
format,FALSE
vocabulary,FALSE
term,TRUE
medium,FALSE
font,FALSE
english,FALSE
culture,FALSE
terminology,FALSE
engineer,TRUE
scientist,FALSE
officer,FALSE
staff,FALSE
agent,FALSE
soldier,FALSE
team,FALSE
worker,FALSE
driver,TRUE
engineer,TRUE
system,TRUE
scientist,FALSE
researcher,TRUE
scientist,FALSE
vendor,FALSE
manufacturer,FALSE
other,TRUE
contractor,FALSE
designer,FALSE
manager,FALSE
administrator,TRUE
develop,TRUE
utilize,FALSE
create,TRUE
receive,TRUE
employ,FALSE
permission,FALSE
expertise,FALSE
authorization,FALSE
certification,TRUE
connect,TRUE
manage,TRUE
remove,TRUE
modify,TRUE
#,FALSE
#,FALSE
#,FALSE
#,FALSE
#,FALSE
#,FALSE
#,FALSE
#,FALSE
#,FALSE
#,FALSE
#,FALSE
#,FALSE
#,FALSE
installation,TRUE
configuration,TRUE
node,TRUE
structure,TRUE
location,TRUE
computer,TRUE
server,TRUE
potential,TRUE
opportunity,TRUE
right,TRUE
option,FALSE
possibility,FALSE
automatically,FALSE
quickly,FALSE
directly,FALSE
immediately,FALSE
remotely,FALSE
instantly,FALSE
easily,FALSE
direct,TRUE
rapidly,FALSE
simply,FALSE
secure,FALSE
periodically,FALSE
continuously,FALSE
tolerance,FALSE
site,TRUE
safety,FALSE
technical,FALSE
performance,TRUE
key,FALSE
design,FALSE
quality,FALSE
type,FALSE
method,FALSE
technology,FALSE
environmental,FALSE
human,FALSE
first,FALSE
conform,TRUE
refer,FALSE
respond,FALSE
relate,TRUE
bind,FALSE
cater,FALSE
correspond,FALSE
agree,FALSE
extend,TRUE
comply,FALSE
adapt,FALSE
contribute,FALSE
expand,FALSE
[,FALSE
purpose,TRUE
objective,FALSE
goal,TRUE
aim,FALSE
focus,FALSE
mission,FALSE
task,TRUE
intent,FALSE
purpose,TRUE
role,FALSE
intention,FALSE
object,FALSE
mandate,FALSE
initiative,FALSE
study,TRUE
plan,TRUE
survey,FALSE
consortium,FALSE
tool,TRUE
prepare,FALSE
establish,TRUE
publish,TRUE
generate,TRUE
release,TRUE
summary,FALSE
explanation,FALSE
list,TRUE
definition,FALSE
understand,FALSE
overview,FALSE
procedure,TRUE
priority,FALSE
estimate,FALSE
believe,FALSE
likely,FALSE
variable,TRUE
algorithm,FALSE
method,TRUE
exist,TRUE
count,FALSE
need,TRUE
qualify,FALSE
#,FALSE
world,TRUE
phase,TRUE
dynamic,FALSE
time,FALSE
global,FALSE
time,TRUE
quick,FALSE
scale,TRUE
consist,TRUE
calculation,FALSE
measurement,FALSE
calculation,FALSE
determination,FALSE
interpretation,FALSE
prediction,FALSE
measurement,FALSE
simulation,FALSE
generation,FALSE
navigation,FALSE
model,TRUE
set,TRUE
linear,FALSE
static,FALSE
path,TRUE
code,TRUE
rate,TRUE
rate,TRUE
delay,TRUE
line,TRUE
automatic,FALSE
continuous,FALSE
random,FALSE
discrete,FALSE
constant,FALSE
variable,FALSE
multiple,FALSE
automate,FALSE
trip,TRUE
#,FALSE
#,FALSE
#,FALSE
#,FALSE
#,FALSE
#,FALSE
time,TRUE
frequency,TRUE
pattern,FALSE
#,FALSE
table,FALSE
#,FALSE
map,FALSE
table,FALSE
transition,FALSE
route,TRUE
shift,FALSE
transition,FALSE
estimate,FALSE
signature,FALSE
frame,TRUE
series,FALSE
derivative,FALSE
prediction,FALSE
scale,FALSE
#,FALSE
position,FALSE
field,FALSE
loop,TRUE
frame,FALSE
rule,TRUE
pattern,FALSE
change,TRUE
team,TRUE
company,TRUE
vehicle,FALSE
officer,FALSE
robot,FALSE
center,FALSE
routine,FALSE
perform,TRUE
ongoing,FALSE
provide,TRUE
ensure,TRUE
individual,FALSE
measure,TRUE
assessment,FALSE
training,TRUE
test,TRUE
practice,TRUE
treatment,FALSE
compliance,TRUE
functional,FALSE
laboratory,FALSE
medical,FALSE
update,TRUE
upgrade,TRUE
improvement,TRUE
repair,TRUE
adjustment,FALSE
improvement,TRUE
review,FALSE
modification,TRUE
research,TRUE
education,FALSE
communication,TRUE
relationship,FALSE
interchange,FALSE
interaction,TRUE
protocol,TRUE
capable,FALSE
one,FALSE
compose,FALSE
independent,FALSE
minimum,FALSE
maximum,FALSE
maximum,FALSE
upwards,FALSE
bit,TRUE
coverage,FALSE
bandwidth,FALSE
penetration,FALSE
it,FALSE
they,FALSE
this,FALSE
book,FALSE
poem,FALSE
he,FALSE
article,TRUE
word,TRUE
produce,TRUE
program,TRUE
deliver,FALSE
language,TRUE
use,TRUE
employ,FALSE
incorporate,TRUE
employ,FALSE
adopt,FALSE
technique,TRUE
technology,TRUE
convention,FALSE
extension,FALSE
account,TRUE
allow,TRUE
compensate,FALSE
serve,FALSE
count,FALSE
effort,TRUE
assess,FALSE
identify,TRUE
track,TRUE
investigate,FALSE
evaluate,FALSE
review,TRUE
observe,FALSE
prevent,TRUE
recognize,FALSE
analyze,FALSE
manage,TRUE
measure,TRUE
record,TRUE
act,TRUE
lock,TRUE
inform,TRUE
plan,TRUE
move,FALSE
comment,FALSE
early,FALSE
rely,FALSE
advise,FALSE
carry,TRUE
wait,FALSE
turn,TRUE
focus,TRUE
take,TRUE
implement,TRUE
request,TRUE
execute,TRUE
coordinate,FALSE
adopt,FALSE
seek,TRUE
undertaking,FALSE
indicate,FALSE
step,TRUE
decision,FALSE
risk,TRUE
effort,TRUE
initiative,FALSE
turn,TRUE
step,TRUE
reduce,TRUE
minimize,FALSE
prevent,TRUE
decrease,TRUE
increase,TRUE
eliminate,FALSE
avoid,TRUE
alleviate,FALSE
counter,TRUE
reverse,FALSE
combat,FALSE
offset,TRUE
reduce,FALSE
risk,TRUE
occurrence,FALSE
severity,FALSE
consequence,FALSE
impact,TRUE
likelihood,FALSE
effect,TRUE
symptom,FALSE
probability,FALSE
incidence,FALSE
impact,TRUE
danger,FALSE
glance,FALSE
cost,TRUE
premium,FALSE
peak,FALSE
least,FALSE
distance,TRUE
point,TRUE
various,FALSE
four,FALSE
five,FALSE
different,FALSE
usual,FALSE
relevant,FALSE
aforementione,FALSE
many,FALSE
three,FALSE
several,FALSE
type,TRUE
number,TRUE
category,FALSE
kind,FALSE
combination,TRUE
type,TRUE
range,FALSE
class,FALSE
cause,TRUE
variety,FALSE
combination,TRUE
sort,FALSE
#,FALSE
event,TRUE
behavior,TRUE
behaviour,FALSE
#,FALSE
phenomenon,FALSE
internal,FALSE
include,TRUE
catastrophic,FALSE
branch,FALSE
cpu,TRUE
defect,FALSE
issue,TRUE
crash,FALSE
bug,TRUE
damage,TRUE
flaw,FALSE
delay,TRUE
fatigue,FALSE
mechanical,FALSE
room,FALSE
accident,FALSE
crack,FALSE
fail,TRUE
drop,TRUE
fall,FALSE
spin,FALSE
run,TRUE
die,FALSE
slip,FALSE
stop,TRUE
temperature,TRUE
current,TRUE
velocity,FALSE
height,FALSE
bias,FALSE
pressure,FALSE
thermal,FALSE
vertical,FALSE
threshold,FALSE
variation,TRUE
difference,FALSE
spike,FALSE
cost,TRUE
speed,TRUE
complexity,FALSE
requirement,TRUE
success,FALSE
execution,TRUE
resistance,FALSE
expectation,TRUE
difficulty,FALSE
interference,FALSE
comprise,FALSE
mb,FALSE
gb,FALSE
bit,TRUE
#,FALSE
#,FALSE
hour,FALSE
#,FALSE
MHz,FALSE
#,FALSE
disk,TRUE
drive,TRUE
#,FALSE
#,FALSE
#,FALSE
cache,FALSE
space,TRUE
ram,TRUE
buffer,FALSE
driver,TRUE
encryption,FALSE
consist,TRUE
choice,FALSE
provision,FALSE
serial,TRUE
parallel,FALSE
binary,FALSE
integer,FALSE
port,TRUE
channel,FALSE
connector,FALSE
#,FALSE
#,FALSE
#,FALSE
#,FALSE
#,FALSE
#,FALSE
#,FALSE
#,FALSE
#,FALSE
#,FALSE
#,FALSE
#,FALSE
#,FALSE
#,FALSE
#,FALSE
infrastructure,FALSE
topology,FALSE
able,FALSE
enable,TRUE
easy,FALSE
allow,TRUE
enable,TRUE
implement,TRUE
Linux,FALSE
engine,TRUE
estate,FALSE
fashion,FALSE
direction,FALSE
environment,TRUE
command,TRUE
location,TRUE
status,TRUE
text,TRUE
warning,FALSE
message,TRUE
security,TRUE
code,TRUE
navigation,FALSE
event,TRUE
action,TRUE
distress,FALSE
FALSE,FALSE
mislead,FALSE
report,TRUE
statement,TRUE
reference,TRUE
warning,FALSE
send,TRUE
transmit,TRUE
transfer,TRUE
communicate,TRUE
post,TRUE
display,TRUE
feed,FALSE
broadcast,FALSE
dispatch,FALSE
submit,FALSE
convey,FALSE
name,TRUE
date,TRUE
character,FALSE
position,TRUE
hour,FALSE
depth,FALSE
zone,FALSE
day,FALSE
specific,FALSE
reference,TRUE
back,FALSE
forward,FALSE
relative,FALSE
across,FALSE
grade,FALSE
entry,FALSE
difficulty,FALSE
interest,TRUE
request,TRUE
fail,TRUE
interrupt,FALSE
crash,FALSE
attack,FALSE
open,FALSE
react,TRUE
refuse,FALSE
proceed,FALSE
attempt,FALSE
try,TRUE
commit,FALSE
enough,FALSE
attempt,TRUE
request,TRUE
call,TRUE
attack,FALSE
order,TRUE
plan,TRUE
non,FALSE
pre,FALSE
self,TRUE
post,FALSE
auto,FALSE
fast,FALSE
de,FALSE
un,FALSE
defense,FALSE
modification,TRUE
preservation,FALSE
destructive,FALSE
recommendation,FALSE
sheet,FALSE
letter,FALSE
note,TRUE
sequence,FALSE
issue,TRUE
release,TRUE
place,TRUE
receive,TRUE
perform,TRUE
conduct,FALSE
initiate,FALSE
schedule,TRUE
complete,TRUE
start,TRUE
attend,FALSE
successful,FALSE
temporary,FALSE
value,TRUE
effectiveness,FALSE
outcome,FALSE
fate,FALSE
solution,TRUE
algorithm,TRUE
method,TRUE
approach,FALSE
route,FALSE
alternative,TRUE
target,FALSE
strength,FALSE
guidance,FALSE
personal,FALSE
obtain,TRUE
trigger,FALSE
secure,FALSE
unlocked,FALSE
establish,TRUE
registration,FALSE
password,TRUE
identification,TRUE
identity,FALSE
name,TRUE
number,TRUE
license,FALSE
mechanism,TRUE
scheme,TRUE
key,TRUE
element,TRUE
grant,TRUE
restrict,TRUE
permit,TRUE
deny,TRUE
grant,TRUE
guarantee,FALSE
grant,TRUE
grant,TRUE
player,FALSE
holder,FALSE
driver,TRUE
#,FALSE
belong,FALSE
assign,TRUE
connect,TRUE
connect,TRUE
return,TRUE
internet,TRUE
give,TRUE
attacker,FALSE
entrance,FALSE
ownership,FALSE
consent,FALSE
freedom,FALSE
protect,TRUE
private,FALSE
fix,TRUE
real,FALSE
lock,FALSE
unused,FALSE
restrict,FALSE
hide,FALSE
compromise,FALSE
close,FALSE
isolate,FALSE
illegal,FALSE
disconnect,FALSE
confidential,FALSE
unknown,FALSE
disable,FALSE
inactive,FALSE
region,FALSE
version,TRUE
instance,TRUE
infrastructure,TRUE
equipment,TRUE
manufacturing,FALSE
it,FALSE
power,TRUE
engineering,TRUE
continue,TRUE
aim,TRUE
want,TRUE
seek,TRUE
continue,TRUE
improve,TRUE
meet,TRUE
balance,FALSE
sufficient,FALSE
adequate,FALSE
address,TRUE
study,FALSE
achieve,TRUE
ensure,TRUE
deliver,TRUE
form,TRUE
mode,TRUE
solution,TRUE
way,TRUE
disease,FALSE
defect,FALSE
crack,FALSE
injury,FALSE
accident,FALSE
earthquake,FALSE
cancer,FALSE
fix,FALSE
find,TRUE
reduction,FALSE
optimization,FALSE
self,TRUE
Non,TRUE
re,FALSE
pre,FALSE
under,FALSE
co,FALSE
risk,FALSE
post,FALSE
over,FALSE
work,TRUE
in,FALSE
scheduling,FALSE
engineering,TRUE
assurance,FALSE
decision,FALSE
tune,FALSE
mapping,FALSE
auto,FALSE
electro,FALSE
co,FALSE
bio,FALSE
direct,TRUE
teach,FALSE
regulate,FALSE
administer,FALSE
drive,TRUE
report,TRUE
manual,FALSE
regulation,FALSE
evident,FALSE
different,FALSE
their,FALSE
our,FALSE
what,FALSE
therefore,FALSE
individual,FALSE
attitude,FALSE
opinion,FALSE
preference,FALSE
view,TRUE
wish,FALSE
experience,FALSE
ability,TRUE
skill,FALSE
desire,FALSE
benefit,TRUE
demand,TRUE
feedback,FALSE
behavior,TRUE
community,TRUE
audience,FALSE
app,FALSE
industry,FALSE
organization,TRUE
administration,TRUE
iso,FALSE
pc,TRUE
gps,FALSE
MCC,FALSE
MAC,FALSE
FCC,FALSE
NSA,FALSE
BBC,FALSE
cc,FALSE
API,FALSE
however,FALSE
furthermore,FALSE
moreover,FALSE
low,FALSE
next,FALSE
vehicle,FALSE
restart,FALSE
recover,FALSE
terminate,TRUE
resume,FALSE
succeed,FALSE
partial,FALSE
conflict,FALSE
conflict,FALSE
friction,FALSE
gap,FALSE
interaction,TRUE
complication,FALSE
two,FALSE
separate,FALSE
advantage,TRUE
challenge,FALSE
strength,FALSE
criticism,FALSE
technique,TRUE
independence,FALSE
convenience,FALSE
flexibility,FALSE
ease,FALSE
retention,FALSE
degree,FALSE
deployment,FALSE
usage,FALSE
construction,FALSE
precision,FALSE
transparency,FALSE
group,TRUE
signature,FALSE
alia,FALSE
logo,FALSE
e,FALSE
c,FALSE
sub,FALSE
x,TRUE
terminal,FALSE
receiver,TRUE
agent,FALSE
processor,TRUE
deploy,TRUE
activate,TRUE
operate,TRUE
position,FALSE
point,TRUE
node,TRUE
shield,FALSE
defend,TRUE
protect,TRUE
guard,FALSE
block,TRUE
save,TRUE
protect,TRUE
block,TRUE
interception,FALSE
ip,FALSE
that,FALSE
operation,TRUE
testing,TRUE
operation,TRUE
result,TRUE
consist,TRUE
engage,FALSE
conclude,FALSE
activation,FALSE
host,TRUE
start,TRUE
switch,TRUE
function,TRUE
simultaneously,FALSE
exit,FALSE
continue,TRUE
respond,FALSE
return,TRUE
come,TRUE
return,TRUE
restore,FALSE
restore,FALSE
return,TRUE
arrive,TRUE
proceed,FALSE
work,TRUE
business,FALSE
clock,FALSE
record,FALSE
exchange,TRUE
share,TRUE
carry,TRUE
intercept,FALSE
telephone,FALSE
boundary,FALSE
fiber,FALSE
sub,FALSE
carrier,FALSE
UTC,FALSE
digital,FALSE
os,TRUE
#,FALSE
mount,FALSE
#,FALSE
thickness,FALSE
top,FALSE
#,FALSE
interval,FALSE
#,FALSE
stamp,FALSE
slot,FALSE
size,TRUE
date,TRUE
detail,FALSE
particular,FALSE
country,FALSE
staff,TRUE
author,FALSE
stakeholder,FALSE
participant,FALSE
scope,FALSE
author,FALSE
committee,FALSE
forum,FALSE
conference,FALSE
campaign,FALSE
practice,TRUE
discussion,FALSE
comprise,FALSE
limit,TRUE
confine,FALSE
exclusive,FALSE
exclusively,FALSE
reserve,FALSE
dedicate,FALSE
mandatory,FALSE
technical,FALSE
organizational,FALSE
team,FALSE
policy,FALSE
#,FALSE
leader,TRUE
partner,FALSE
creator,FALSE
professional,FALSE
architect,FALSE
owner,FALSE
founder,FALSE
builder,FALSE
project,TRUE
general,FALSE
average,FALSE
final,FALSE
overall,FALSE
experience,FALSE
#,FALSE
#,FALSE
people,FALSE
•,FALSE
maintenance,FALSE
operational,FALSE
program,FALSE
fleet,FALSE
contractor,FALSE
FAA,FALSE
department,FALSE
district,FALSE
aircraft,FALSE
airport,FALSE
base,TRUE
center,FALSE
commence,FALSE
cover,FALSE
assume,TRUE
indefinitely,FALSE
normally,FALSE
temporarily,FALSE
independently,FALSE
regularly,FALSE
platform,TRUE
period,TRUE
completion,FALSE
closure,FALSE
retirement,FALSE
interval,FALSE
overhaul,FALSE
upgrade,TRUE
acquisition,FALSE
rehabilitation,FALSE
removal,FALSE
expansion,TRUE
renovation,FALSE
modernization,FALSE
property,FALSE
extend,TRUE
specify,TRUE
define,TRUE
determine,TRUE
select,FALSE
indicate,FALSE
assign,FALSE
prefix,FALSE
socket,FALSE
#,FALSE
#,FALSE
#,FALSE
host,TRUE
thus,FALSE
hence,FALSE
therefore,FALSE
potentially,FALSE
voice,TRUE
voice,FALSE
switch,TRUE
#,FALSE
junction,TRUE
#,FALSE
victim,FALSE
suspect,FALSE
body,FALSE
candidate,FALSE
child,FALSE
party,TRUE
couple,FALSE
find,TRUE
trust,FALSE
contact,TRUE
save,TRUE
pay,FALSE
see,TRUE
select,FALSE
reach,FALSE
replace,FALSE
deny,TRUE
permit,TRUE
afford,FALSE
show,TRUE
guarantee,TRUE
offer,TRUE
award,FALSE
enterprise,FALSE
integrate,FALSE
open,FALSE
Unix,FALSE
Microsoft,FALSE
native,FALSE
material,FALSE
#,FALSE
card,FALSE
board,FALSE
supply,TRUE
equip,FALSE
compatible,FALSE
ship,TRUE
financial,FALSE
marketing,FALSE
commercial,FALSE
license,FALSE
evaluation,FALSE
assistance,FALSE
additional,FALSE
new,FALSE
various,FALSE
special,FALSE
several,FALSE
advanced,FALSE
many,FALSE
numerous,FALSE
application,TRUE
multiple,FALSE
add,TRUE
utilize,TRUE
reach,TRUE
programmer,FALSE
#,FALSE
range,TRUE
span,FALSE
domain,FALSE
enterprise,FALSE
priority,FALSE
profile,FALSE
bar,FALSE
batch,FALSE
transaction,FALSE
graphic,FALSE
support,TRUE
peripheral,FALSE
#,FALSE
#,FALSE
#,FALSE
#,FALSE
#,FALSE
inspection,FALSE
life,FALSE
world,FALSE
d,FALSE
reality,FALSE
estate,FALSE
audit,FALSE
search,TRUE
surveillance,FALSE
review,FALSE
monitor,FALSE
policy,FALSE
#,FALSE
edge,FALSE
target,FALSE
key,TRUE
encounter,FALSE
detect,TRUE
discover,FALSE
threaten,FALSE
cause,TRUE
suffer,FALSE
factor,TRUE
deal,FALSE
manifest,FALSE
economic,FALSE
significant,FALSE
widespread,FALSE
total,FALSE
massive,FALSE
serious,FALSE
administrative,FALSE
increase,FALSE
theft,FALSE
capture,FALSE
corruption,TRUE
fraud,FALSE
to,FALSE
g,FALSE
automation,FALSE
compute,FALSE
accommodate,FALSE
withstand,FALSE
satisfy,FALSE
relieve,FALSE
resist,FALSE
additional,FALSE
increase,TRUE
high,FALSE
reduce,FALSE
density,FALSE
load,TRUE
pressure,FALSE
overhead,FALSE
barrier,FALSE
cause,TRUE
impose,TRUE
generate,TRUE
pose,FALSE
induce,FALSE
dictate,FALSE
demand,FALSE
#,FALSE
#,FALSE
#,FALSE
#,FALSE
#,FALSE
#,FALSE
#,FALSE
#,FALSE
#,FALSE
network,FALSE
#,FALSE
architecture,FALSE
Protocol,FALSE
introduction,TRUE
adoption,FALSE
introduction,TRUE
addition,FALSE
addition,FALSE
clock,FALSE
CO,FALSE
counter,FALSE
multi,FALSE
Anti,FALSE
module,TRUE
participate,FALSE
cloud,FALSE
web,TRUE
robot,FALSE
ready,FALSE
inspect,FALSE
watch,FALSE
observe,FALSE
course,FALSE
middle,FALSE
wake,FALSE
begin,TRUE
long,FALSE
large,FALSE
cold,FALSE
table,TRUE
figure,FALSE
part,TRUE
chapter,FALSE
note,FALSE
step,FALSE
version,TRUE
level,TRUE
rule,FALSE
page,FALSE
article,FALSE
volume,FALSE
present,FALSE
offer,TRUE
describe,TRUE
give,TRUE
add,TRUE
define,TRUE
outline,FALSE
rule,FALSE
development,TRUE
sale,FALSE
hand,TRUE
hand,TRUE
extreme,FALSE
arm,FALSE
foot,FALSE
#,FALSE
hand,FALSE
concern,FALSE
gain,TRUE
claim,FALSE
visit,FALSE
alteration,FALSE
aspect,FALSE
mean,TRUE
know,TRUE
extra,FALSE
advance,FALSE
intermediate,FALSE
agreement,FALSE
certificate,FALSE
fee,FALSE
enable,TRUE
permit,TRUE
prevent,TRUE
approval,FALSE
clearance,FALSE
multi,FALSE
root,FALSE
se,FALSE
session,FALSE
like,FALSE
mean,TRUE
wish,FALSE
expect,TRUE
intend,TRUE
think,TRUE
say,TRUE
ought,FALSE
give,TRUE
entity,FALSE
agent,FALSE
autonomy,FALSE
discretion,FALSE
privacy,FALSE
monitor,TRUE
email,FALSE
chat,FALSE
sms,FALSE
option,FALSE
session,FALSE
email,FALSE
account,TRUE
domain,FALSE
shut,FALSE
turn,TRUE
block,TRUE
wipe,FALSE
kill,TRUE
power,TRUE
seal,FALSE
click,FALSE
check,TRUE
knock,FALSE
resource,TRUE
limitation,TRUE
obligation,FALSE
restriction,FALSE
regulation,FALSE
put,TRUE
enforce,FALSE
lay,TRUE
wireless,FALSE
exchange,FALSE
govern,FALSE
price,FALSE
compiler,FALSE
replace,FALSE
integrate,TRUE
combine,FALSE
associate,TRUE
share,TRUE
match,FALSE
fill,FALSE
vendor,FALSE
#,FALSE
#,FALSE
regard,FALSE
xml,FALSE
computational,FALSE
fit,TRUE
calculate,TRUE
criterion,FALSE
adopt,FALSE
need,TRUE
use,TRUE
design,TRUE
online,FALSE
selection,FALSE
diagnosis,TRUE
learn,FALSE
demonstration,FALSE
#,FALSE
#,FALSE
#,FALSE
#,FALSE
stamp,FALSE
slot,FALSE
zone,FALSE
relay,FALSE
absolutely,FALSE
make,TRUE
deem,FALSE
antenna,FALSE
cable,TRUE
grid,FALSE
cable,TRUE
either,FALSE
tightly,FALSE
permanently,FALSE
another,FALSE
always,FALSE
#,FALSE
via,FALSE
twist,FALSE
gate,FALSE
conductor,FALSE
mixed,FALSE
wire,TRUE
cross,FALSE
pair,TRUE
pair,TRUE
coil,FALSE
double,FALSE
together,FALSE
metal,FALSE
factor,FALSE
consideration,FALSE
suitable,FALSE
appropriate,FALSE
isolation,FALSE
rf,FALSE
electromagnetic,FALSE
disturbance,FALSE
motion,FALSE
surface,FALSE
environmental,FALSE
reason,FALSE
#,FALSE
distance,TRUE
duration,FALSE
circuit,TRUE
wavelength,FALSE
endurance,FALSE
attain,TRUE
sustain,FALSE
assure,TRUE
preserve,FALSE
productivity,FALSE
readiness,FALSE
insertion,FALSE
discovery,FALSE
treatment,FALSE
elimination,FALSE
weakness,FALSE
mistake,FALSE
electronic,TRUE
locomotive,FALSE
train,FALSE
plane,FALSE
helicopter,FALSE
locomotive,FALSE
airplane,FALSE
idle,FALSE
stall,FALSE
fire,TRUE
put,TRUE
maintain,TRUE
place,TRUE
enforcement,FALSE
framework,TRUE
strategy,FALSE
regime,FALSE
lock,FALSE
mind,FALSE
flight,FALSE
search,FALSE
transfer,TRUE
without,FALSE
force,FALSE
freely,FALSE
accessory,FALSE
force,FALSE
encourage,FALSE
induce,FALSE
respective,FALSE
communicate,TRUE
stack,FALSE
interact,FALSE
java,FALSE
bug,TRUE
miss,FALSE
virus,FALSE
fire,FALSE
leak,FALSE
trigger,FALSE
hit,FALSE
fix,TRUE
resolve,FALSE
certain,FALSE
start,TRUE
alpha,FALSE
active,FALSE
knowledge,TRUE
certificate,FALSE
label,FALSE
stamp,FALSE
mark,TRUE
print,FALSE
charge,FALSE
label,TRUE
label,TRUE
sign,TRUE
number,TRUE
correlate,FALSE
date,FALSE
brand,FALSE
arrival,FALSE
reaction,FALSE
propagation,FALSE
creation,FALSE
penalty,FALSE
post,TRUE
update,TRUE
destination,FALSE
arrest,FALSE
departure,FALSE
act,TRUE
serve,FALSE
operate,TRUE
serve,FALSE
function,TRUE
act,TRUE
remain,TRUE
act,TRUE
integral,FALSE
autonomous,FALSE
official,FALSE
subset,FALSE
student,FALSE
recipient,FALSE
power,TRUE
hire,FALSE
choose,TRUE
recruit,FALSE
attract,FALSE
move,TRUE
directory,FALSE
portal,FALSE
logical,FALSE
arrange,FALSE
wait,TRUE
vicinity,FALSE
disaster,FALSE
remainder,FALSE
bulk,FALSE
entirety,FALSE
inside,FALSE
front,FALSE
bottom,FALSE
paper,TRUE
booklet,FALSE
history,TRUE
detail,FALSE
construct,FALSE
observation,FALSE
imagery,FALSE
observation,FALSE
lose,TRUE
destroy,FALSE
remove,TRUE
interrupt,FALSE
unavailable,FALSE
erase,FALSE
monitor,TRUE
log,FALSE
concern,TRUE
contain,TRUE
alarm,FALSE
incident,FALSE
collect,FALSE
record,TRUE
keep,TRUE
break,FALSE
reliable,FALSE
participate,FALSE
interfere,FALSE
loss,FALSE
contamination,FALSE
sensitive,FALSE
treat,FALSE
sense,TRUE
involve,TRUE
affect,TRUE
violate,FALSE
lack,TRUE
perform,TRUE
encounter,FALSE
deliver,TRUE
produce,TRUE
implement,TRUE
lose,FALSE
॥,FALSE
standard,FALSE
basic,FALSE
translation,FALSE
correspond,FALSE
equivalent,FALSE
import,FALSE
derive,FALSE
extract,FALSE
copy,TRUE
export,FALSE
download,FALSE
library,FALSE
represent,TRUE
support,TRUE
bridge,FALSE
difference,FALSE
couple,FALSE
facility,FALSE
unit,FALSE
center,FALSE
server,FALSE
board,FALSE
compression,FALSE
compact,FALSE
lightweight,FALSE
modular,FALSE
portable,FALSE
rugge,FALSE
3d,FALSE
tactical,FALSE
flexible,FALSE
special,FALSE
general,FALSE
dual,FALSE
duty,FALSE
assignment,FALSE
layout,FALSE
integrate,TRUE
deliver,TRUE
offer,TRUE
kernel,FALSE
desktop,FALSE
#,FALSE
#,FALSE
principle,TRUE
station,TRUE
assemble,FALSE
test,TRUE
service,FALSE
suppose,FALSE
tasked,FALSE
leave,TRUE
mean,TRUE
ask,TRUE
say,TRUE
negotiate,FALSE
matter,FALSE
master,FALSE
doctor,FALSE
commander,FALSE
President,FALSE
director,FALSE
architect,FALSE
master,FALSE
leader,FALSE
mistress,FALSE
basic,FALSE
complex,FALSE
#,FALSE
supervision,FALSE
person,TRUE
individual,TRUE
party,FALSE
citizen,FALSE
visitor,FALSE
player,FALSE
employee,FALSE
refuse,FALSE
admission,FALSE
exception,FALSE
exemption,FALSE
exception,FALSE
piece,FALSE
build,TRUE
park,FALSE
game,FALSE
museum,FALSE
city,FALSE
severely,FALSE
less,FALSE
highly,FALSE
legally,FALSE
otherwise,FALSE
extremely,FALSE
geographically,FALSE
physically,FALSE
contract,FALSE
fund,FALSE
contribution,FALSE
license,FALSE
job,FALSE
commit,FALSE
devote,FALSE
expose,FALSE
subject,FALSE
entitle,FALSE
attach,FALSE
subject,TRUE
suit,FALSE
manufacture,FALSE
consulting,FALSE
mental,FALSE
improve,TRUE
social,FALSE
behavioral,FALSE
psychological,FALSE
dental,FALSE
lifestyle,FALSE
position,FALSE
advice,FALSE
entity,FALSE
suite,FALSE
family,FALSE
cluster,FALSE
authorize,FALSE
authority,FALSE
visit,FALSE
database,TRUE
website,FALSE
use,TRUE
more,FALSE
include,TRUE
with,FALSE
include,TRUE
amount,TRUE
amount,TRUE
visual,FALSE
analytical,FALSE
gather,FALSE
mining,FALSE
collect,FALSE
extraction,FALSE
search,TRUE
interactive,FALSE
AI,FALSE
image,TRUE
insight,FALSE
insight,FALSE
most,FALSE
any,FALSE
typical,FALSE
format,TRUE
resolution,TRUE
filter,FALSE
file,FALSE
stream,FALSE
filter,FALSE
web,TRUE
hope,FALSE
anticipate,FALSE
think,FALSE
predict,FALSE
project,TRUE
vector,FALSE
bank,FALSE
recorder,FALSE
bank,FALSE
#,FALSE
generate,TRUE
produce,TRUE
match,TRUE
calculate,FALSE
accept,FALSE
sample,FALSE
sample,FALSE
#,FALSE
stream,FALSE
flow,TRUE
accept,TRUE
desire,TRUE
valid,FALSE
acceptable,FALSE
reject,FALSE
measure,TRUE
approve,FALSE
programming,FALSE
architectural,FALSE
#,FALSE
preserve,FALSE
ensure,TRUE
enhance,FALSE
attain,FALSE
support,TRUE
respect,FALSE
extent,TRUE
length,TRUE
